INCIDENT_NO,OFFENSE,HOUR_FROM,HOUR_TO,LONGITUDE_X,LATITUDE_X
249000619,DOMESTIC VIOLENCE,48,51.0,-84.55366169,39.14389835
249000612,FELONIOUS ASSAULT,2210,2220.0,-84.46582722,39.13841723
249000610,DOMESTIC VIOLENCE,2130,2130.0,-84.49531315,39.12446105
249000605,AGGRAVATED ROBBERY,1945,2026.0,-84.51147805,39.10148459
249000604,AGGRAVATED MENACING,1933,1934.0,-84.44084202,39.11564453
249000603,UNAUTHORIZED USE OF MOTOR VEHICLE,1719,1919.0,-84.5513461,39.11565132
249000586,THEFT,1650,1656.0,-84.51326537,39.10651764
249000588,DOMESTIC VIOLENCE,1645,176.0,-84.4720643,39.16605202
249000590,ASSAULT,1630,1715.0,-84.57757068,39.15544537
249000584,THEFT,1555,1557.0,-84.49711595,39.14896115
249000581,THEFT,1552,1557.0,-84.50395331,39.11050923
249000587,THEFT,150,1520.0,-84.58536642,39.11127415
249000599,CRIMINAL DAMAGING/ENDANGERING,140,160.0,-84.55816024,39.10732877
249000574,THEFT,140,1410.0,-84.57547248,39.12647412
249000573,ASSAULT,140,1415.0,-84.55917024,39.10790877
249000570,MENACING,1340,1420.0,-84.52950815,39.16081081
249000575,TELEPHONE HARASSMENT,1332,1334.0,-84.59121563,39.10844764
249000598,TELEPHONE HARASSMENT,130,170.0,-84.49316569,39.1412604
249000591,THEFT,130,150.0,-84.51896556,39.10263914
249000589,CRIMINAL DAMAGING/ENDANGERING,130,1530.0,-84.50885643,39.10429121
249000579,THEFT,1230,1530.0,-84.51459392,39.10297528
249000554,THEFT,110,110.0,-84.43762025,39.11850848
249000559,CRIMINAL DAMAGING/ENDANGERING,60,110.0,-84.46775083,39.21494314
249000546,THEFT,510,523.0,-84.54704653,39.2038795
249000550,CRIMINAL DAMAGING/ENDANGERING,440,50.0,-84.52934149,39.13686443
249000542,CRIMINAL DAMAGING/ENDANGERING,320,324.0,-84.59498419,39.14557326
249000596,THEFT,20,230.0,-84.54612379,39.18913877
249000552,CRIMINAL DAMAGING/ENDANGERING,20,230.0,-84.45568363,39.20266979
249000552,THEFT,20,230.0,-84.45499363,39.20238979
249000537,CRIMINAL DAMAGING/ENDANGERING,30,36.0,-84.45835474,39.20593768
249000549,DOMESTIC VIOLENCE,230,2330.0,-84.5055019,39.15216528
249000548,THEFT,230,715.0,-84.59490598,39.12947354
249000534,VIOLATE PROTECTION ORDER/CONSENT AGREEMENT,230,2330.0,-84.58343687,39.14419356
249000563,THEFT,200,120.0,-84.48383843,39.12358371
249000525,TELEPHONE HARASSMENT,180,181.0,-84.56087974,39.1055422
249000521,UNAUTHORIZED USE OF MOTOR VEHICLE,1750,1757.0,-84.56243836,39.1574965
249000560,THEFT,1730,1030.0,-84.60146569,39.13236859
249000517,AGGRAVATED MENACING,1530,1532.0,-84.48639402,39.15120177
249000592,THEFT,1430,140.0,-84.51173826,39.14649837
249000516,ROBBERY,1430,1435.0,-84.51963669,39.11109333
249000499,THEFT,1235,1237.0,-84.56635116,39.11068241
249000553,THEFT,120,170.0,-84.44144672,39.14479644
249000500,TELEPHONE HARASSMENT,110,110.0,-84.42918859,39.13409547
249000510,THEFT,915,1320.0,-84.47836255,39.17046672
249000519,THEFT,840,1030.0,-84.47795013,39.13597488
249000481,,815,845.0,-84.5841412,39.14209928
249000481,THEFT,815,845.0,-84.5834112,39.14222928
249000481,DOMESTIC VIOLENCE,815,845.0,-84.5830112,39.14125928
249000494,CRIMINAL DAMAGING/ENDANGERING,730,120.0,-84.51819023,39.11294764
249000494,THEFT,730,120.0,-84.51732023,39.11286764
249000482,ASSAULT,60,60.0,-84.55282116,39.1035187
249000482,ASSAULT,60,60.0,-84.55175116,39.1038087
249000474,FELONIOUS ASSAULT,455,52.0,-84.56737757,39.19551192
249000473,CRIMINAL DAMAGING/ENDANGERING,430,446.0,-84.50996307,39.1303425
249000473,THEFT,430,446.0,-84.50983307,39.1299825
249000472,,350,46.0,-84.51138778,39.15265856
249000470,CRIMINAL DAMAGING/ENDANGERING,330,340.0,-84.51495211,39.11048213
249000471,AGGRAVATED ROBBERY,315,315.0,-84.56517075,39.08893081
249000469,CRIMINAL DAMAGING/ENDANGERING,30,330.0,-84.45261308,39.20661739
249000469,THEFT,30,330.0,-84.45222308,39.20637739
249000467,FELONIOUS ASSAULT,250,254.0,-84.49009419,39.14131946
249000489,CRIMINAL DAMAGING/ENDANGERING,20,25.0,-84.50672777,39.13150346
249000503,CRIMINAL DAMAGING/ENDANGERING,130,120.0,-84.55218615,39.14820244
249000505,CRIMINAL DAMAGING/ENDANGERING,110,130.0,-84.4544891,39.20368533
249000506,THEFT,50,1255.0,-84.51153333,39.1158512
249000475,CRIMINAL DAMAGING/ENDANGERING,30,156.0,-84.51531569,39.10251054
249000475,THEFT,30,156.0,-84.51369569,39.10289054
249000541,THEFT,0,200.0,-84.5601216,39.1797058
249000527,AGGRAVATED MENACING,0,1735.0,-84.58359912,39.10685808
249000492,CRIMINAL DAMAGING/ENDANGERING,0,1041.0,-84.55160615,39.14845244
249000488,CRIMINAL DAMAGING/ENDANGERING,0,100.0,-84.51521211,39.11075213
249000498,CRIMINAL DAMAGING/ENDANGERING,0,1026.0,-84.45484804,39.2039439
249000465,AGGRAVATED MENACING,2315,2328.0,-84.57363558,39.11001891
249000496,THEFT,230,120.0,-84.5144736,39.11076402
249000460,CRIMINAL DAMAGING/ENDANGERING,2235,2241.0,-84.60551057,39.13844298
249000457,ASSAULT,2210,2217.0,-84.51201164,39.1021184
249000508,THEFT,220,1330.0,-84.57940821,39.20304448
249000484,THEFT,2155,1040.0,-84.51878289,39.11542849
249000484,CRIMINAL DAMAGING/ENDANGERING,2155,1040.0,-84.51830289,39.11520849
249000456,THEFT,2145,2211.0,-84.58403889,39.14701514
249000456,ASSAULT,2145,2211.0,-84.58402889,39.14549514
249000479,THEFT,210,848.0,-84.52036597,39.1165972
249000522,THEFT,2050,60.0,-84.5506561,39.11592132
249000497,CRIMINAL DAMAGING/ENDANGERING,2030,1229.0,-84.51943796,39.11284081
249000497,THEFT,2030,1229.0,-84.51845796,39.11224081
249000452,IMPROPERLY DISCHARGING FIREARM AT/INTO HABITATION/SCHOOL,200,2042.0,-84.46188068,39.18512423
249000480,CRIMINAL DAMAGING/ENDANGERING,1930,1935.0,-84.48844872,39.14686062
249000445,AGGRAVATED MENACING,1850,190.0,-84.51283999,39.18594956
249000448,THEFT,1850,1859.0,-84.46818915,39.14666641
249000523,THEFT,170,1830.0,-84.52092237,39.1233977
249000487,CRIMINAL DAMAGING/ENDANGERING,170,1130.0,-84.52008241,39.11489209
249000595,THEFT,1530,1530.0,-84.51379228,39.09928336
249000442,CRIMINAL DAMAGING/ENDANGERING,120,150.0,-84.59634564,39.13077878
249000551,UNAUTHORIZED USE OF MOTOR VEHICLE,1144,1245.0,-84.51516457,39.11235479
249000413,CRIMINAL DAMAGING/ENDANGERING,1130,1145.0,-84.45765474,39.20682768
249000413,BURGLARY,1130,1145.0,-84.45735474,39.20652768
249000422,THEFT,110,120.0,-84.52063498,39.10528152
249000436,THEFT,1018,1018.0,-84.4765719,39.13509683
249000416,TELEPHONE HARASSMENT,1011,1015.0,-84.49677904,39.14850572
249000403,THEFT,910,912.0,-84.40492069,39.15113447
249000622,CRIMINAL DAMAGING/ENDANGERING,90,160.0,-84.49330373,39.1574277
249000395,DOMESTIC VIOLENCE,845,850.0,-84.52821956,39.11574132
249000433,THEFT,80,150.0,-84.60009027,39.12427592
249000389,THEFT,645,710.0,-84.56530876,39.18807212
249000386,CRIMINAL DAMAGING/ENDANGERING,55,510.0,-84.57026412,39.1098544
249000384,DOMESTIC VIOLENCE,50,516.0,-84.55897684,39.14364989
249000451,THEFT,40,50.0,-84.53695125,39.11926432
249000451,CRIMINAL DAMAGING/ENDANGERING,40,50.0,-84.53626125,39.11939432
249000380,BREAKING AND ENTERING,135,138.0,-84.51582167,39.10990594
249000379,THEFT,115,119.0,-84.5558544,39.11468624
249000568,BURGLARY,0,1342.0,-84.57226121,39.11404071
249000397,CRIMINAL DAMAGING/ENDANGERING,0,50.0,-84.55971238,39.13065487
249000397,THEFT,0,50.0,-84.55884238,39.12994487
249000393,THEFT,0,630.0,-84.54971861,39.1359709
249000438,THEFT,2330,231.0,-84.55155412,39.12410683
249000418,CRIMINAL DAMAGING/ENDANGERING,230,122.0,-84.55149349,39.11674184
249000418,THEFT,230,122.0,-84.55004349,39.11673184
249000394,THEFT,230,630.0,-84.57106329,39.18238168
249000390,THEFT,230,615.0,-84.5509261,39.11571132
249000402,CRIMINAL DAMAGING/ENDANGERING,2118,90.0,-84.45905355,39.1988596
249000378,THEFT,210,210.0,-84.61068878,39.13140603
249000370,CRIMINAL DAMAGING/ENDANGERING,210,2110.0,-84.57510586,39.11362538
249000411,TELEPHONE HARASSMENT,2026,2027.0,-84.50193029,39.11653954
249000447,THEFT,2010,2010.0,-84.46954773,39.1437871
249000513,THEFT,1830,80.0,-84.53567125,39.11790432
249000361,ASSAULT,1820,1840.0,-84.51559445,39.10488423
249000344,FELONIOUS ASSAULT,1556,1556.0,-84.57831959,39.10705778
249000344,CRIMINAL DAMAGING/ENDANGERING,1556,1556.0,-84.57668959,39.10608778
249000338,ASSAULT,1535,1541.0,-84.58066788,39.14099688
249000366,BURGLARY,1531,1938.0,-84.41624217,39.14175253
249000311,THEFT,1256,1256.0,-84.55002222,39.1921591
249000582,THEFT,120,140.0,-84.49671595,39.14920115
249000351,THEFT,1154,1720.0,-84.59657339,39.1138639
249000313,ASSAULT,820,850.0,-84.51193259,39.18107989
249000391,THEFT,89,89.0,-84.50183286,39.15839945
249000340,ROBBERY,80,815.0,-84.6010925,39.12747865
249000295,THEFT,730,80.0,-84.56590515,39.18891078
249000440,ASSAULT,70,80.0,-84.49363876,39.14268638
249000292,AGGRAVATED MENACING,50,527.0,-84.51717165,39.14508426
249000339,MENACING,358,359.0,-84.48890312,39.1281959
249000291,ASSAULT,330,338.0,-84.52335398,39.11662883
249000299,CRIMINAL DAMAGING/ENDANGERING,230,911.0,-84.5835561,39.14167583
249000314,THEFT,120,125.0,-84.61086113,39.1122535
249000359,CRIMINAL DAMAGING/ENDANGERING,10,50.0,-84.57818774,39.15260891
249000289,THEFT,0,330.0,-84.56847058,39.1356163
249000307,THEFT,220,100.0,-84.5677945,39.12161801
249000269,BURGLARY,2140,2226.0,-84.55938913,39.11937664
249000369,ASSAULT,2030,2043.0,-84.4929751,39.13851513
249000346,CRIMINAL DAMAGING/ENDANGERING,200,70.0,-84.48028992,39.14692028
249000260,DOMESTIC VIOLENCE,190,1930.0,-84.49401224,39.14812539
249000256,THEFT,1830,190.0,-84.50089262,39.14696445
249000251,ASSAULT,1815,1848.0,-84.52904956,39.11546132
249000262,THEFT,180,1815.0,-84.43632148,39.1768667
249000246,THEFT,180,1810.0,-84.61928086,39.14504619
249000244,CRIMINAL DAMAGING/ENDANGERING,1730,1755.0,-84.57271581,39.1872598
249000250,THEFT,164,1615.0,-84.61206543,39.14882387
249000329,TAKING THE IDENTITY OF ANOTHER,1516,1520.0,-84.51282253,39.17492223
249000415,ASSAULT,150,155.0,-84.5873083,39.1157778
249000277,THEFT,140,230.0,-84.58104315,39.10554117
249000241,CRIMINAL DAMAGING/ENDANGERING,140,160.0,-84.52502563,39.11808313
249000245,THEFT,140,1430.0,-84.42750249,39.162753
249000414,THEFT,1341,1341.0,-84.56037735,39.11789858
249000330,TAKING THE IDENTITY OF ANOTHER,130,135.0,-84.51189351,39.1863047
249000239,TAKING THE IDENTITY OF ANOTHER,100,1030.0,-84.53079201,39.15050625
249000266,ASSAULT,240,240.0,-84.51538958,39.20047409
249000231,BREAKING AND ENTERING,20,25.0,-84.56144243,39.10233064
249000217,CRIMINAL DAMAGING/ENDANGERING,20,110.0,-84.46796645,39.14549248
249000202,THEFT,120,142.0,-84.46223865,39.2145685
249000224,CRIMINAL DAMAGING/ENDANGERING,15,20.0,-84.60282767,39.12402246
249000211,CRIMINAL DAMAGING/ENDANGERING,0,100.0,-84.55146289,39.19985071
249000191,CRIMINAL DAMAGING/ENDANGERING,2310,2317.0,-84.50815854,39.10878128
249000226,ASSAULT,230,2330.0,-84.52896103,39.12155064
249000206,THEFT,230,530.0,-84.5496457,39.19890866
249000198,AGGRAVATED MENACING,230,2315.0,-84.54684405,39.16396849
249000209,THEFT,2230,230.0,-84.5500957,39.19770866
249000236,THEFT,200,1639.0,-84.54886151,39.11520675
249000207,THEFT,200,530.0,-84.43700193,39.17787238
249000190,ASSAULT,200,213.0,-84.5520838,39.12171295
249000186,THEFT,1935,1940.0,-84.52483903,39.12074527
249000184,ROBBERY,1845,1858.0,-84.48778213,39.15343726
249000182,DOMESTIC VIOLENCE,1820,1843.0,-84.46249303,39.20441958
249000179,DOMESTIC VIOLENCE,181,181.0,-84.52626122,39.10682807
249000248,THEFT,180,1615.0,-84.5155705,39.19938406
249000213,THEFT,180,80.0,-84.47901269,39.12651428
249000185,THEFT,180,1838.0,-84.40770214,39.16609912
249000176,THEFT,180,185.0,-84.44272779,39.14513836
249000290,TELEPHONE HARASSMENT,170,1715.0,-84.43496054,39.18773823
249000167,CRIMINAL DAMAGING/ENDANGERING,1645,1652.0,-84.49079744,39.1490485
249000150,THEFT,1240,1430.0,-84.51052091,39.09655211
249000139,MENACING,1222,1322.0,-84.6174316,39.14360554
249000125,DOMESTIC VIOLENCE,1210,1220.0,-84.55927939,39.15334233
249000123,THEFT,1130,1143.0,-84.51487712,39.12728625
249000121,BURGLARY,1125,1127.0,-84.56863284,39.1318849
249000325,THEFT,80,110.0,-84.45815265,39.18723331
249000162,BURGLARY,60,160.0,-84.52805925,39.11235715
249000162,CRIMINAL DAMAGING/ENDANGERING,60,160.0,-84.52702925,39.11058715
249000104,UNAUTHORIZED USE OF MOTOR VEHICLE,511,511.0,-84.51176875,39.16378801
249000103,BREAKING AND ENTERING,55,59.0,-84.5798858,39.14044687
249000297,ASSAULT,30,330.0,-84.58761894,39.10696469
249000137,BURGLARY,258,35.0,-84.55771119,39.10408888
249000137,THEFT,258,35.0,-84.55613119,39.10307888
249000117,THEFT,136,140.0,-84.61468897,39.11735734
249000102,THEFT,20,23.0,-84.55310341,39.12976949
249000107,THEFT,1,545.0,-84.49102313,39.12158981
249000106,THEFT,1,545.0,-84.48970256,39.12219185
249000410,THEFT,0,1130.0,-84.51087797,39.16610058
249000166,MENACING,0,140.0,-84.5418544,39.19459418
249000168,TAKING THE IDENTITY OF ANOTHER,0,1430.0,-84.59767505,39.11359449
249000097,BURGLARY,2330,2335.0,-84.55401745,39.20082191
249000175,THEFT,230,2330.0,-84.52557137,39.14153173
249000114,THEFT,230,755.0,-84.56126365,39.10589214
249000091,THEFT,220,2215.0,-84.50991287,39.12858978
249000105,THEFT,2130,620.0,-84.58802816,39.12849649
249000090,UNAUTHORIZED USE OF MOTOR VEHICLE,2030,2050.0,-84.54857389,39.15699973
249000090,MENACING,2030,2050.0,-84.54808389,39.15726973
249000083,DOMESTIC VIOLENCE,1930,200.0,-84.52714567,39.13930959
249000083,AGGRAVATED MENACING,1930,200.0,-84.52667567,39.13890959
249000119,THEFT,1830,190.0,-84.50201062,39.12676301
249000136,THEFT,180,1150.0,-84.53236914,39.1209284
249000130,BURGLARY,180,110.0,-84.54409004,39.12134634
249000096,CRIMINAL DAMAGING/ENDANGERING,180,2246.0,-84.51355392,39.10375528
249000073,ASSAULT,1740,1743.0,-84.44317728,39.14255747
249000073,AGGRAVATED MENACING,1740,1743.0,-84.44290728,39.14431747
249000078,TELEPHONE HARASSMENT,1730,1810.0,-84.48168379,39.18612105
249000076,THEFT,178,188.0,-84.42493275,39.1618993
249000081,THEFT,1630,1715.0,-84.51050488,39.13282745
249000112,CRIMINAL DAMAGING/ENDANGERING,140,730.0,-84.47998188,39.21638892
249000070,TELEPHONE HARASSMENT,140,1651.0,-84.60498857,39.12993594
249000069,CRIMINAL DAMAGING/ENDANGERING,139,139.0,-84.52704225,39.11487637
249000066,TELEPHONE HARASSMENT,120,1530.0,-84.60068661,39.13197424
249000061,VIOLATE PROTECTION ORDER/CONSENT AGREEMENT,1125,1125.0,-84.56036874,39.15253231
249000041,VIOLATE PROTECTION ORDER/CONSENT AGREEMENT,1020,1029.0,-84.52957504,39.11227632
249000046,DOMESTIC VIOLENCE,930,935.0,-84.58181993,39.14279066
249000028,THEFT,330,40.0,-84.51384089,39.11119352
249000019,IMPROPERLY DISCHARGING FIREARM AT/INTO HABITATION/SCHOOL,320,346.0,-84.51009542,39.1791574
249000056,MURDER,20,60.0,-84.52971272,39.12994668
249000025,THEFT,20,210.0,-84.56721155,39.19179902
249000016,ASSAULT,20,20.0,-84.51150486,39.11091367
249000029,ASSAULT,20,210.0,-84.57257824,39.13457775
249000013,CRIMINAL DAMAGING/ENDANGERING,20,256.0,-84.51622328,39.10486864
249000012,CRIMINAL DAMAGING/ENDANGERING,20,219.0,-84.58362914,39.14696241
249000051,THEFT,130,1230.0,-84.55169696,39.12946696
249000042,BREAKING AND ENTERING,130,140.0,-84.45284104,39.20349831
249000034,IMPROPERLY DISCHARGING FIREARM AT/INTO HABITATION/SCHOOL,130,20.0,-84.56484349,39.18324917
249000008,IMPROPERLY DISCHARGING FIREARM AT/INTO HABITATION/SCHOOL,115,120.0,-84.5868705,39.14222718
249000007,IMPROPERLY DISCHARGING FIREARM AT/INTO HABITATION/SCHOOL,40,40.0,-84.48604987,39.15793388
249000031,IMPROPERLY DISCHARGING FIREARM AT/INTO HABITATION/SCHOOL,30,31.0,-84.56740376,39.10441266
249000020,FELONIOUS ASSAULT,15,22.0,-84.51039744,39.10594959
249000006,IMPROPERLY DISCHARGING FIREARM AT/INTO HABITATION/SCHOOL,10,20.0,-84.51087083,39.11622625
249000171,THEFT,7,45.0,-84.59650547,39.12635764
249000002,CRIMINAL DAMAGING/ENDANGERING,2,3.0,-84.39393404,39.15174554
249000054,IMPROPERLY DISCHARGING FIREARM AT/INTO HABITATION/SCHOOL,1,90.0,-84.48679221,39.1364364
249000003,CRIMINAL DAMAGING/ENDANGERING,1,5.0,-84.51620821,39.10652392
249000312,DOMESTIC VIOLENCE,0,90.0,-84.56130223,39.15546352
249000140,TELEPHONE HARASSMENT,0,140.0,-84.5422344,39.19517418
249000118,CRIMINAL DAMAGING/ENDANGERING,0,30.0,-84.57997822,39.11578302
249000098,CRIMINAL DAMAGING/ENDANGERING,0,2242.0,-84.51373392,39.10333528
249000074,CRIMINAL DAMAGING/ENDANGERING,0,10.0,-84.58991622,39.10891361
249000060,CRIMINAL DAMAGING/ENDANGERING,0,50.0,-84.5852763,39.14523731
249000050,IMPROPERLY DISCHARGING FIREARM AT/INTO HABITATION/SCHOOL,0,15.0,-84.55024,39.17744534
249000036,THEFT,0,430.0,-84.55908684,39.14361989
249000030,ASSAULT,0,30.0,-84.56729512,39.19571592
249000009,IMPROPERLY DISCHARGING FIREARM AT/INTO HABITATION/SCHOOL,0,55.0,-84.48462429,39.15885958
249000075,ASSAULT,2350,2350.0,-84.50970918,39.10292157
249000010,ROBBERY,2330,0.0,-84.56251203,39.18539196
249000001,DOMESTIC VIOLENCE,230,2325.0,-84.60953226,39.13870646
249000045,THEFT,2240,110.0,-84.5178293,39.19211514
249000021,MENACING,2230,2245.0,-84.51804994,39.11214302
249000004,BURGLARY,2225,2320.0,-84.48408155,39.15107849
249000082,BURGLARY,220,80.0,-84.53123778,39.1386336
249000057,THEFT,210,120.0,-84.46811881,39.17826003
239037824,CRIMINAL DAMAGING/ENDANGERING,210,2115.0,-84.53466892,39.19897432
249000405,CRIMINAL DAMAGING/ENDANGERING,200,80.0,-84.51609952,39.09942672
249000212,THEFT,200,2359.0,-84.56162714,39.11310122
249000079,IMPROPERLY DISCHARGING FIREARM AT/INTO HABITATION/SCHOOL,200,205.0,-84.51322248,39.1925279
239037822,DOMESTIC VIOLENCE,200,2029.0,-84.54842899,39.17682128
239037822,ENDANGERING CHILDREN,200,2029.0,-84.54809899,39.17686128
239037826,DOMESTIC VIOLENCE,190,2029.0,-84.49056742,39.14733822
239037826,ASSAULT,190,2029.0,-84.49007742,39.14684822
249000048,BURGLARY,190,110.0,-84.51467359,39.1255893
239037815,ASSAULT,1850,1851.0,-84.51786329,39.12317364
239037819,THEFT,1830,1850.0,-84.57931539,39.11392006
239037812,THEFT,1745,1830.0,-84.60716485,39.12734993
239037805,CRIMINAL DAMAGING/ENDANGERING,175,1712.0,-84.49433224,39.14802539
249000067,CRIMINAL DAMAGING/ENDANGERING,170,1530.0,-84.58796473,39.14107306
239037804,ASSAULT,1650,1656.0,-84.55529473,39.16630292
239037799,ASSAULT,160,1618.0,-84.47111151,39.16846281
239037799,ROBBERY,160,1618.0,-84.46987151,39.16767281
239037796,THEFT,1530,1550.0,-84.4790873,39.19473413
249000441,,150,1530.0,-84.57417751,39.20448134
249000055,THEFT,1430,80.0,-84.60985196,39.14076413
239037790,MENACING,1340,1349.0,-84.51798329,39.11576951
249000520,TAKING THE IDENTITY OF ANOTHER,1318,0.0,-84.53254548,39.12851681
239037794,THEFT,130,1445.0,-84.50191875,39.11904078
239037816,THEFT,120,1943.0,-84.50857559,39.10828895
249000052,BURGLARY,1130,1134.0,-84.53412892,39.19785432
239037781,THEFT,1130,1134.0,-84.6108852,39.12971456
239037783,CRIMINAL DAMAGING/ENDANGERING,1130,1146.0,-84.54903133,39.20317443
239037783,THEFT,1130,1146.0,-84.54880133,39.20194443
239037778,DOMESTIC VIOLENCE,1120,1125.0,-84.48902916,39.14488312
249000561,BREAKING AND ENTERING,110,120.0,-84.40856207,39.18700701
239037773,THEFT,1046,1051.0,-84.5728038,39.19214999
249000227,BURGLARY,100,100.0,-84.50466743,39.11073144
239037767,THEFT,933,933.0,-84.53562892,39.19891432
239037770,THEFT,930,100.0,-84.49079325,39.13278607
239037795,THEFT,90,1529.0,-84.55281876,39.11624812
239037768,CRIMINAL DAMAGING/ENDANGERING,60,60.0,-84.55234289,39.19870071
239037768,THEFT,60,60.0,-84.55161289,39.19973071
239037801,THEFT,50,140.0,-84.58678889,39.10377849
239037801,DOMESTIC VIOLENCE,50,140.0,-84.58635889,39.10306849
239037765,FELONIOUS ASSAULT,50,70.0,-84.54812229,39.20619615
239037811,CRIMINAL DAMAGING/ENDANGERING,430,1718.0,-84.53579274,39.13526431
239037760,THEFT,330,40.0,-84.5542267,39.20243647
239037780,IMPROPERLY DISCHARGING FIREARM AT/INTO HABITATION/SCHOOL,315,315.0,-84.38969441,39.15873964
239037786,BURGLARY,313,330.0,-84.55098551,39.12935453
249000375,DOMESTIC VIOLENCE,30,170.0,-84.5925219,39.08163762
239037771,CRIMINAL DAMAGING/ENDANGERING,30,80.0,-84.54008654,39.20083072
239037755,ROBBERY,234,244.0,-84.5998425,39.12753865
239037752,THEFT,20,212.0,-84.53693323,39.13484812
239037752,CRIMINAL DAMAGING/ENDANGERING,20,212.0,-84.53555323,39.13476812
239037779,CRIMINAL DAMAGING/ENDANGERING,130,100.0,-84.38651743,39.09430023
239037748,CRIMINAL DAMAGING/ENDANGERING,120,134.0,-84.5263939,39.11189577
239037747,THEFT,119,120.0,-84.52623131,39.12118152
239037749,CRIMINAL DAMAGING/ENDANGERING,45,115.0,-84.50584548,39.12240908
239037745,BURGLARY,45,50.0,-84.50218245,39.15887634
239037744,ASSAULT,40,49.0,-84.57710242,39.14418024
239037774,THEFT,11,1011.0,-84.51335994,39.11475093
249000177,THEFT,0,180.0,-84.55098349,39.11643184
249000080,THEFT,0,170.0,-84.53304782,39.15107873
249000053,THEFT,0,1250.0,-84.5112837,39.16535293
239037758,CRIMINAL DAMAGING/ENDANGERING,0,40.0,-84.50297459,39.14205934
239037742,THEFT,2230,230.0,-84.51915943,39.18066956
239037743,ASSAULT,2220,42.0,-84.51742882,39.1134361
249000532,THEFT,2130,2145.0,-84.42785249,39.162033
239037750,THEFT,2130,20.0,-84.50512548,39.12329908
239037789,THEFT,210,140.0,-84.56583146,39.11534982
239037817,THEFT,2035,190.0,-84.51878457,39.11225311
239037753,CRIMINAL DAMAGING/ENDANGERING,2030,0.0,-84.51260594,39.10779947
239037736,ASSAULT,200,2027.0,-84.38652206,39.09540418
239037732,THEFT,1910,1915.0,-84.51886206,39.12798941
239037751,THEFT,190,40.0,-84.5152336,39.11066402
239037764,CRIMINAL DAMAGING/ENDANGERING,190,730.0,-84.50938915,39.12184297
239037756,THEFT,1830,335.0,-84.5511057,39.19798866
239037756,THEFT,1830,335.0,-84.5506057,39.19766866
239037809,CRIMINAL DAMAGING/ENDANGERING,180,220.0,-84.57455554,39.13536875
239037728,DOMESTIC VIOLENCE,1740,1745.0,-84.53025669,39.13832541
239037772,THEFT,1730,180.0,-84.42507514,39.15780491
239037724,THEFT,160,1610.0,-84.51292537,39.10593764
239037775,TELEPHONE HARASSMENT,150,150.0,-84.60052164,39.13342342
239037788,THEFT,150,160.0,-84.42183651,39.15995508
239037715,MENACING,1435,1445.0,-84.50078243,39.14672984
239037706,THEFT,1312,1314.0,-84.58158529,39.13956283
239037722,BREAKING AND ENTERING,1245,160.0,-84.52636496,39.11308883
239037709,CRIMINAL DAMAGING/ENDANGERING,1055,1058.0,-84.56413633,39.10291946
239037692,MENACING,1010,1020.0,-84.55322664,39.13837007
239037761,THEFT,100,220.0,-84.48145589,39.15655024
239037707,CRIMINAL DAMAGING/ENDANGERING,70,80.0,-84.53855894,39.13638926
249000341,CRIMINAL DAMAGING/ENDANGERING,330,335.0,-84.56015794,39.15437137
239037683,THEFT,37,37.0,-84.42585227,39.16307275
239037687,CRIMINAL DAMAGING/ENDANGERING,30,836.0,-84.54031202,39.19372665
239037696,CRIMINAL DAMAGING/ENDANGERING,224,224.0,-84.54087577,39.18020645
239037691,THEFT,20,930.0,-84.51123113,39.12918538
239037680,THEFT,150,20.0,-84.4314978,39.13586778
239037678,ASSAULT,110,120.0,-84.4948552,39.1256335
239037700,CRIMINAL DAMAGING/ENDANGERING,10,20.0,-84.55775237,39.1140145
249000310,CRIMINAL DAMAGING/ENDANGERING,0,0.0,-84.53394906,39.11857179
239037710,THEFT,0,130.0,-84.55811165,39.11207016
239037676,AGGRAVATED MENACING,0,15.0,-84.58252354,39.10890092
239037674,THEFT,2345,2355.0,-84.49571462,39.1262392
249000335,THEFT,220,2330.0,-84.4387435,39.11694839
239037688,BREAKING AND ENTERING,220,90.0,-84.58454569,39.14773275
239037717,THEFT,210,1430.0,-84.49749476,39.12438346
239037729,THEFT,200,70.0,-84.58731087,39.10376519
239037662,BURGLARY,1954,1954.0,-84.45896573,39.20658383
239037681,THEFT,190,26.0,-84.57341925,39.12266391
239037657,THEFT,1855,190.0,-84.50986549,39.13082534
239037656,ASSAULT,1815,1820.0,-84.56809617,39.13439042
239037725,THEFT,180,160.0,-84.54316114,39.19659162
239037697,CRIMINAL DAMAGING/ENDANGERING,180,90.0,-84.56631366,39.10434326
239037652,THEFT,1720,1723.0,-84.57200683,39.11033268
249000115,THEFT,170,80.0,-84.49146792,39.15946247
239037665,BURGLARY,170,180.0,-84.54453114,39.19579162
239037654,THEFT,1645,1650.0,-84.54486761,39.16097458
239026169,AGGRAVATED ROBBERY,1625,1635.0,-84.50459737,39.15920722
249000129,THEFT,1615,170.0,-84.61940728,39.1449123
249000110,THEFT,160,1615.0,-84.45510398,39.2003682
249000040,CRIMINAL DAMAGING/ENDANGERING,160,1.0,-84.50798124,39.18004912
239037792,THEFT,160,130.0,-84.50033984,39.13990423
239037792,BURGLARY,160,130.0,-84.49949984,39.14031423
239037651,CRIMINAL DAMAGING/ENDANGERING,1555,1616.0,-84.51652279,39.12898487
239037641,ASSAULT,1544,1544.0,-84.46518378,39.17611483
239037702,THEFT,1530,1215.0,-84.49029091,39.12484455
239037667,THEFT,1528,190.0,-84.4176992,39.16521742
239037730,THEFT,150,140.0,-84.53805143,39.19455602
239037670,THEFT,150,2045.0,-84.50727988,39.12926338
249000293,THEFT,1324,1324.0,-84.42468817,39.1614448
249000502,THEFT,1152,126.0,-84.37312849,39.07464879
239037644,THEFT,110,120.0,-84.53021824,39.115712
239037643,THEFT,100,1220.0,-84.50997931,39.13045429
239037645,BURGLARY,730,140.0,-84.53529709,39.1673672
239037598,IMPROPERLY DISCHARGING FIREARM AT/INTO HABITATION/SCHOOL,558,60.0,-84.52030346,39.11033441
249000254,TAKING THE IDENTITY OF ANOTHER,20,30.0,-84.56214279,39.20333089
239037610,THEFT,10,130.0,-84.50251957,39.16112156
249000152,TAKING THE IDENTITY OF ANOTHER,0,0.0,-84.58107315,39.10600117
239037714,THEFT,0,180.0,-84.60078822,39.1322887
239037673,THEFT,0,80.0,-84.56096957,39.11518098
239037635,THEFT,230,120.0,-84.52755002,39.19933922
239037620,CRIMINAL DAMAGING/ENDANGERING,230,90.0,-84.54321114,39.19594162
239037596,THEFT,230,230.0,-84.54407114,39.19497162
239037587,THEFT,2230,2234.0,-84.42725287,39.1609481
239037583,FELONIOUS ASSAULT,2136,2138.0,-84.57264168,39.12815099
239037621,CRIMINAL DAMAGING/ENDANGERING,200,210.0,-84.38090437,39.09701805
239037599,THEFT,200,60.0,-84.5771138,39.12352436
249000085,THEFT,1815,1820.0,-84.55541364,39.11038214
239037571,VIOLATE PROTECTION ORDER/CONSENT AGREEMENT,180,185.0,-84.57128729,39.11201267
239037569,FELONIOUS ASSAULT,1616,1620.0,-84.56066455,39.12996865
249000161,THEFT,160,150.0,-84.45470704,39.20240189
239037565,THEFT,1520,1530.0,-84.59732062,39.12734252
239037577,THEFT,1515,1815.0,-84.60504433,39.13038349
239037545,THEFT,1310,1322.0,-84.57823549,39.15633141
239037556,CRIMINAL DAMAGING/ENDANGERING,1230,1238.0,-84.49987149,39.134184
239037556,ASSAULT,1230,1238.0,-84.49948149,39.134984
239037647,CRIMINAL DAMAGING/ENDANGERING,120,140.0,-84.473026,39.15915489
239037591,THEFT,120,2250.0,-84.47822243,39.17467062
249000126,THEFT,931,937.0,-84.42476817,39.1623048
239037528,ASSAULT,915,918.0,-84.50826924,39.1055441
249000113,CRIMINAL DAMAGING/ENDANGERING,80,1640.0,-84.51522211,39.11192213
239037576,THEFT,60,170.0,-84.5099729,39.10176187
239037516,THEFT,30,31.0,-84.53650541,39.19406372
249000170,CRIMINAL DAMAGING/ENDANGERING,0,170.0,-84.4586259,39.19304968
239037693,THEFT,0,80.0,-84.4353811,39.10620542
239037661,THEFT,0,1820.0,-84.50289653,39.12622338
239037627,THEFT,0,110.0,-84.55662109,39.10351342
239037517,THEFT,0,40.0,-84.60399544,39.13096586
239037533,CRIMINAL DAMAGING/ENDANGERING,2330,1130.0,-84.52152146,39.11712676
239037512,DOMESTIC VIOLENCE,2315,2334.0,-84.60906059,39.13996763
239037519,THEFT,220,430.0,-84.55952328,39.15858049
239037518,CRIMINAL DAMAGING/ENDANGERING,2130,430.0,-84.45332209,39.20366585
239037506,THEFT,210,230.0,-84.62212701,39.14416442
239037503,ASSAULT,210,211.0,-84.58530072,39.0832683
239037557,THEFT,200,110.0,-84.5918965,39.10854242
239037560,THEFT,190,70.0,-84.48522744,39.13154977
239037535,THEFT,190,115.0,-84.51524888,39.10098453
239037526,THEFT,190,830.0,-84.38682843,39.0954442
249000047,THEFT,180,120.0,-84.59781791,39.11002974
239037491,ASSAULT,1745,1753.0,-84.50566591,39.1582021
239037537,THEFT,1730,1142.0,-84.38477955,39.09521139
239037488,THEFT,1730,1735.0,-84.61069878,39.13181603
239037482,ASSAULT,1615,1625.0,-84.52758803,39.11025277
239037492,THEFT,160,1620.0,-84.59793062,39.12791252
239037480,CRIMINAL DAMAGING/ENDANGERING,1531,1533.0,-84.42929647,39.1441854
239037474,ASSAULT,150,150.0,-84.55967245,39.15869426
239037474,MENACING,150,150.0,-84.55911245,39.15843426
239037554,THEFT,1426,1428.0,-84.47738071,39.15821792
239037605,BURGLARY,130,80.0,-84.53561177,39.19664993
239037529,CRIMINAL DAMAGING/ENDANGERING,1030,100.0,-84.52083999,39.11619966
239037540,CRIMINAL DAMAGING/ENDANGERING,90,130.0,-84.51543873,39.10327986
239037525,THEFT,80,80.0,-84.53369666,39.21611307
239037453,BURGLARY,753,757.0,-84.57464449,39.12889629
239037486,THEFT,70,1530.0,-84.49909078,39.14256667
239037445,DOMESTIC VIOLENCE,70,710.0,-84.46019713,39.17572995
239037443,DOMESTIC VIOLENCE,630,715.0,-84.48232434,39.15085765
239037449,BURGLARY,530,80.0,-84.48723339,39.15021244
239037439,THEFT,50,530.0,-84.52303467,39.13502648
239037432,AGGRAVATED BURGLARY,50,52.0,-84.48402023,39.12680807
239037431,TELEPHONE HARASSMENT,10,20.0,-84.50456591,39.1590621
239037460,CRIMINAL DAMAGING/ENDANGERING,2340,0.0,-84.53213058,39.12555515
239037499,THEFT,2138,2138.0,-84.53975848,39.15880135
239037450,THEFT,2030,210.0,-84.52821827,39.10838335
239037606,AGGRAVATED MENACING,1950,200.0,-84.46107143,39.20282124
239037415,CRIMINAL DAMAGING/ENDANGERING,1845,192.0,-84.57412089,39.10989064
239037413,ASSAULT,1810,1815.0,-84.53535447,39.11735181
239037476,THEFT,180,1510.0,-84.56076512,39.09852525
239037411,CRIMINAL DAMAGING/ENDANGERING,1750,180.0,-84.52283175,39.20132068
239037410,THEFT,1745,185.0,-84.51534877,39.11105527
239037417,ASSAULT,1745,180.0,-84.49623764,39.15002541
239037502,CRIMINAL DAMAGING/ENDANGERING,170,180.0,-84.4682183,39.18847815
239037403,CRIMINAL DAMAGING/ENDANGERING,1630,1640.0,-84.55830825,39.14443479
239037399,FELONIOUS ASSAULT,165,1610.0,-84.46776337,39.13740186
239037467,THEFT,160,140.0,-84.55118289,39.19949071
239037420,TELEPHONE HARASSMENT,1512,1512.0,-84.48623118,39.16072802
249000132,THEFT,150,170.0,-84.49602532,39.11632995
239037447,FORGERY,150,170.0,-84.4803296,39.19740864
239037390,CRIMINAL DAMAGING/ENDANGERING,1420,156.0,-84.61816005,39.14016774
239037386,VIOLATE PROTECTION ORDER/CONSENT AGREEMENT,140,1415.0,-84.56460838,39.11390819
239037392,THEFT,1350,1515.0,-84.62348701,39.14446442
239037387,TELEPHONE HARASSMENT,130,1330.0,-84.55825137,39.16004714
239037547,ASSAULT,1240,1315.0,-84.53311886,39.20322547
239037376,CRIMINAL DAMAGING/ENDANGERING,1240,1250.0,-84.53225886,39.20492547
239037584,CRIMINAL DAMAGING/ENDANGERING,120,2150.0,-84.52879197,39.11674126
239037374,MENACING,120,1220.0,-84.51364659,39.1062411
239037371,DOMESTIC VIOLENCE,120,1219.0,-84.56124054,39.1563105
239037373,THEFT,1145,1215.0,-84.37613309,39.0839396
239037448,THEFT,1130,180.0,-84.48549421,39.1375648
239037362,DOMESTIC VIOLENCE,1040,1042.0,-84.57690805,39.14338851
239037608,TAKING THE IDENTITY OF ANOTHER,1034,1034.0,-84.43874346,39.17709397
239037396,CRIMINAL DAMAGING/ENDANGERING,930,1530.0,-84.50860239,39.1034658
239037623,CRIMINAL DAMAGING/ENDANGERING,90,120.0,-84.5144198,39.10396701
239037356,ASSAULT,855,90.0,-84.56409776,39.11190911
239037405,THEFT,710,175.0,-84.53967522,39.16084124
239037346,CRIMINAL DAMAGING/ENDANGERING,70,80.0,-84.59259622,39.10858356
239037421,THEFT,60,615.0,-84.53068352,39.16041057
239037385,CRIMINAL DAMAGING/ENDANGERING,50,130.0,-84.56183624,39.09379798
239037369,THEFT,40,80.0,-84.5136398,39.10386701
239037471,THEFT,356,40.0,-84.42998647,39.1449654
239037340,CRIMINAL DAMAGING/ENDANGERING,350,40.0,-84.46242169,39.16943551
239037348,THEFT,30,60.0,-84.5144698,39.10266701
239037349,THEFT,30,60.0,-84.5128098,39.10299701
239037335,,230,241.0,-84.58707828,39.10692399
239037336,AGGRAVATED MENACING,230,235.0,-84.52075999,39.11534966
239037334,BREAKING AND ENTERING,20,210.0,-84.50127025,39.13058962
239037377,BURGLARY,10,130.0,-84.69473735,39.11268395
239037347,THEFT,1,820.0,-84.51626824,39.10392847
239037430,BURGLARY,0,2250.0,-84.46912137,39.13546999
239037351,CRIMINAL DAMAGING/ENDANGERING,0,926.0,-84.61487396,39.13624219
239037401,THEFT,230,160.0,-84.53563985,39.13215812
239037326,AGGRAVATED MENACING,230,2316.0,-84.59942558,39.13820146
239037324,CRIMINAL DAMAGING/ENDANGERING,2240,2245.0,-84.55896636,39.15745056
239037327,,2235,2236.0,-84.56989408,39.10831633
239037327,DOMESTIC VIOLENCE,2235,2236.0,-84.56980408,39.10881633
239037331,,2230,2315.0,-84.6000725,39.12736865
239037367,THEFT,220,1130.0,-84.67588352,39.10033207
239037368,THEFT,2130,2135.0,-84.51814507,39.18966662
239037321,CRIMINAL DAMAGING/ENDANGERING,2130,2146.0,-84.57118538,39.12250485
239037328,THEFT,210,2330.0,-84.56639707,39.19724446
239037341,THEFT,200,2030.0,-84.6004719,39.09884985
239037318,AGGRAVATED MENACING,1944,1944.0,-84.51850196,39.17647337
239037478,TELEPHONE HARASSMENT,1547,1550.0,-84.49642724,39.12571963
239037312,ASSAULT,1530,1530.0,-84.53238424,39.20805465
239037313,AGGRAVATED BURGLARY,150,1515.0,-84.60905652,39.13846069
239037310,ASSAULT,150,1510.0,-84.49292569,39.1410604
239037310,ASSAULT,150,1510.0,-84.49235569,39.1410304
239037342,TELEPHONE HARASSMENT,1425,1428.0,-84.52051905,39.10863202
239037343,THEFT,140,70.0,-84.5136598,39.10350701
239037296,THEFT,1159,120.0,-84.58408358,39.11249249
239037538,TELEPHONE HARASSMENT,1150,1150.0,-84.47835833,39.12863286
239037294,MENACING,1053,1055.0,-84.51285438,39.18602533
239037290,FELONIOUS ASSAULT,715,734.0,-84.52795956,39.11515132
239037292,CRIMINAL DAMAGING/ENDANGERING,60,60.0,-84.55909799,39.1397307
239037291,THEFT,558,60.0,-84.48324845,39.19472587
239037613,THEFT,530,930.0,-84.41408769,39.18836485
239037344,BREAKING AND ENTERING,530,60.0,-84.48735974,39.12860189
239037288,THEFT,530,60.0,-84.48094061,39.19367806
239037284,BURGLARY,530,545.0,-84.50931225,39.17947565
239037281,MENACING,430,434.0,-84.48549419,39.12881594
239037282,ASSAULT,30,40.0,-84.59717909,39.10881913
239037275,DOMESTIC VIOLENCE,10,257.0,-84.55750825,39.14475479
239037382,THEFT,55,10.0,-84.56503849,39.09859391
239037270,DOMESTIC VIOLENCE,50,57.0,-84.6871741,39.10818948
249000485,THEFT,0,110.0,-84.51033091,39.09653211
239037566,THEFT,0,0.0,-84.5112134,39.18637636
239037563,FELONIOUS ASSAULT,0,170.0,-84.52328175,39.19932068
239037145,THEFT,0,110.0,-84.60515862,39.13145855
239037289,THEFT,2330,60.0,-84.59793559,39.13343609
239037263,CRIMINAL DAMAGING/ENDANGERING,2325,2328.0,-84.50559597,39.10939208
239037263,AGGRAVATED MENACING,2325,2328.0,-84.50483597,39.11033208
239037264,ASSAULT,230,2320.0,-84.53168482,39.14987373
239037264,DOMESTIC VIOLENCE,230,2320.0,-84.53136482,39.15052373
239037259,IMPROPERLY DISCHARGING FIREARM AT/INTO HABITATION/SCHOOL,215,219.0,-84.57677949,39.12846691
239037254,ASSAULT,211,211.0,-84.48165131,39.16933956
239037257,DOMESTIC VIOLENCE,2035,2050.0,-84.46067771,39.19316988
239037302,BURGLARY,200,1130.0,-84.56947443,39.14424195
239037256,ASSAULT,200,2010.0,-84.51404371,39.10887055
239037265,BURGLARY,190,230.0,-84.58817512,39.13056244
239037332,THEFT,1853,2253.0,-84.51807967,39.12875764
239037248,CRIMINAL DAMAGING/ENDANGERING,1850,1852.0,-84.46882915,39.14688641
239037457,CRIMINAL DAMAGING/ENDANGERING,1836,1836.0,-84.53701606,39.13628301
239037251,ASSAULT,1820,1834.0,-84.50039262,39.14757445
239037441,THEFT,180,160.0,-84.50731933,39.15002159
239037246,THEFT,1730,1745.0,-84.55533364,39.11068214
239037407,THEFT,170,170.0,-84.48633339,39.14962244
239037295,ASSAULT,170,190.0,-84.5509261,39.11657132
239037261,AGGRAVATED BURGLARY,170,1927.0,-84.53626196,39.13494875
239037379,THEFT,1635,1637.0,-84.50602911,39.1111297
239037245,ASSAULT,1550,1559.0,-84.50460932,39.14386944
239037298,THEFT,150,170.0,-84.50330331,39.11059923
239037253,ASSAULT,150,160.0,-84.53044337,39.10312928
239037236,THEFT,140,145.0,-84.50652158,39.11608822
239037234,THEFT,1330,1343.0,-84.61110878,39.13127603
239037648,CRIMINAL DAMAGING/ENDANGERING,1259,130.0,-84.52557911,39.10892204
239037238,ASSAULT,1250,1252.0,-84.5031116,39.12824393
249000461,THEFT,1230,170.0,-84.52177905,39.11024202
239037231,THEFT,1138,1155.0,-84.53540516,39.19905906
239037227,AGGRAVATED MENACING,1136,1146.0,-84.45982287,39.20754956
239037232,THEFT,1129,1135.0,-84.54453439,39.19510922
239037303,CRIMINAL DAMAGING/ENDANGERING,110,1230.0,-84.56655565,39.14661248
239037262,THEFT,110,180.0,-84.4143153,39.19094022
239037229,ASSAULT,830,110.0,-84.48772942,39.14723911
239037219,THEFT,815,833.0,-84.48882723,39.14730239
239037220,FELONIOUS ASSAULT,745,750.0,-84.53298249,39.12630403
239037215,THEFT,540,547.0,-84.51464283,39.11267212
239037213,ASSAULT,430,440.0,-84.48571169,39.12641813
239037365,BREAKING AND ENTERING,330,1130.0,-84.51569666,39.10954362
239037218,MURDER,258,258.0,-84.55517283,39.14938249
239037209,ASSAULT,254,255.0,-84.5216905,39.127163
239037210,THEFT,230,240.0,-84.4647697,39.17246388
239037230,CRIMINAL DAMAGING/ENDANGERING,215,220.0,-84.50762698,39.10253734
239037247,ASSAULT,20,20.0,-84.45449083,39.20419153
239037239,CRIMINAL DAMAGING/ENDANGERING,20,60.0,-84.462552,39.17175662
239037206,FELONIOUS ASSAULT,155,158.0,-84.42582796,39.10959402
239037358,CRIMINAL DAMAGING/ENDANGERING,144,146.0,-84.45714956,39.19038843
239037222,THEFT,131,831.0,-84.46546608,39.1728504
239037203,FELONIOUS ASSAULT,130,134.0,-84.460596,39.17276684
239037203,THEFT,130,134.0,-84.459886,39.17273684
239037204,FELONIOUS ASSAULT,115,117.0,-84.51568977,39.10839879
239037200,THEFT,11,11.0,-84.55853086,39.11415697
239037228,THEFT,10,137.0,-84.46037052,39.17154302
239037221,THEFT,10,90.0,-84.46530529,39.17194912
239037207,THEFT,10,120.0,-84.4656542,39.17237092
239037205,ASSAULT,10,145.0,-84.60471829,39.13856784
239037214,CRIMINAL DAMAGING/ENDANGERING,10,110.0,-84.46391533,39.17354939
239037201,THEFT,1,30.0,-84.48984202,39.14333599
239037237,THEFT,0,110.0,-84.53967873,39.17084452
239037198,CRIMINAL DAMAGING/ENDANGERING,0,15.0,-84.55720104,39.1136867
239037196,THEFT,2250,2250.0,-84.6055589,39.12890474
239037192,AGGRAVATED MENACING,220,225.0,-84.5227805,39.128023
239037395,BREAKING AND ENTERING,220,160.0,-84.47756944,39.19649924
239037193,ASSAULT,2155,220.0,-84.5222705,39.126913
239037225,THEFT,210,0.0,-84.50449491,39.11535343
239037188,,2054,2054.0,-84.49034734,39.12965576
239037523,THEFT,2020,2020.0,-84.42542817,39.1609248
239037619,THEFT,200,1213.0,-84.58640544,39.14144361
239037243,THEFT,200,230.0,-84.54339114,39.19526162
239037223,THEFT,200,100.0,-84.50662977,39.11750116
239037022,DOMESTIC VIOLENCE,190,210.0,-84.59809425,39.15165338
239037022,,190,210.0,-84.59799425,39.15248338
239037183,TAKING THE IDENTITY OF ANOTHER,1851,1855.0,-84.50913078,39.12760751
239037180,THEFT,1820,1822.0,-84.57225683,39.10937268
239037397,BURGLARY,1730,830.0,-84.4943763,39.15672373
249000219,THEFT,170,90.0,-84.50983229,39.1307451
239037463,THEFT,170,100.0,-84.54873275,39.12665326
239037172,CRIMINAL DAMAGING/ENDANGERING,1535,1547.0,-84.56648536,39.19119671
239037168,,1515,1516.0,-84.57393903,39.09331675
239037171,CRIMINAL DAMAGING/ENDANGERING,1450,150.0,-84.53108124,39.11533208
239037171,AGGRAVATED ROBBERY,1450,150.0,-84.53034124,39.11423208
239037384,BURGLARY,140,1410.0,-84.50974717,39.17822918
239037164,CRIMINAL DAMAGING/ENDANGERING,140,1418.0,-84.59745908,39.10862661
239037164,ASSAULT,140,1418.0,-84.59690908,39.10940661
239037173,THEFT,1330,1624.0,-84.47589046,39.14417548
239037174,THEFT,1330,140.0,-84.46817574,39.14467269
239037575,BURGLARY,120,160.0,-84.49735182,39.13901269
239037240,THEFT,120,150.0,-84.54809008,39.17862168
239037176,TELEPHONE HARASSMENT,100,130.0,-84.51051537,39.1007681
239037144,DOMESTIC VIOLENCE,100,110.0,-84.55505271,39.1374989
239037137,THEFT,100,103.0,-84.56214276,39.11656639
249C000015,THEFT,911,1130.0,-84.53771014,39.16101224
239037162,THEFT,90,1430.0,-84.47322424,39.20671865
239037273,THEFT,50,530.0,-84.51177071,39.17973687
239037147,CRIMINAL DAMAGING/ENDANGERING,50,60.0,-84.50828266,39.1504807
239037131,BURGLARY,445,50.0,-84.52277052,39.19280914
239037129,THEFT,430,440.0,-84.49202818,39.14722247
239037165,CRIMINAL DAMAGING/ENDANGERING,415,60.0,-84.49045239,39.14759774
239037184,THEFT,40,50.0,-84.50784928,39.14883289
239037182,CRIMINAL DAMAGING/ENDANGERING,40,50.0,-84.50911463,39.150202
239037166,CRIMINAL DAMAGING/ENDANGERING,40,415.0,-84.49051947,39.1484052
239037161,CRIMINAL DAMAGING/ENDANGERING,40,110.0,-84.4919681,39.1463265
239037133,THEFT,330,331.0,-84.55695973,39.10861441
239037130,THEFT,330,345.0,-84.55114593,39.1987643
239037128,THEFT,245,30.0,-84.54474114,39.19642162
239037167,BREAKING AND ENTERING,20,1030.0,-84.5303331,39.11609901
239037132,THEFT,130,40.0,-84.57435119,39.12587764
239037151,MENACING,10,20.0,-84.47600899,39.17653198
239037115,DOMESTIC VIOLENCE,30,10.0,-84.51736687,39.19150773
239037123,THEFT,5,252.0,-84.51775926,39.11889324
239037726,THEFT,0,90.0,-84.53414617,39.19642444
239037682,BURGLARY,0,0.0,-84.50955966,39.10810343
239037136,CRIMINAL DAMAGING/ENDANGERING,0,955.0,-84.51920364,39.09897602
239037111,CRIMINAL DAMAGING/ENDANGERING,2355,2355.0,-84.4627664,39.21566244
239037118,THEFT,2345,155.0,-84.5084004,39.10885583
239037118,CRIMINAL DAMAGING/ENDANGERING,2345,155.0,-84.5082204,39.10898583
239037179,CRIMINAL DAMAGING/ENDANGERING,2345,2350.0,-84.51059473,39.10767102
249000300,THEFT,230,110.0,-84.56769976,39.09985681
239037158,THEFT,230,1157.0,-84.55175681,39.11480829
239037140,TELEPHONE HARASSMENT,230,0.0,-84.57516119,39.12541764
239037140,ASSAULT,230,0.0,-84.57415119,39.12463764
239037154,THEFT,2245,110.0,-84.54198667,39.195158
239037142,THEFT,220,1143.0,-84.55004349,39.11633184
239037152,THEFT,2130,100.0,-84.54324114,39.19612162
239037658,BURGLARY,210,1940.0,-84.48309414,39.19420652
239037301,BREAKING AND ENTERING,210,90.0,-84.61952444,39.14184481
239037094,FELONIOUS ASSAULT,2020,2024.0,-84.62235948,39.14274001
239037106,ASSAULT,1930,1945.0,-84.49199722,39.14089182
239037487,THEFT,190,2245.0,-84.5105275,39.11179428
239037096,ASSAULT,190,1915.0,-84.56663135,39.11029364
249000417,THEFT,1850,1910.0,-84.42477817,39.1613048
239037087,ASSAULT,1823,1823.0,-84.5698515,39.19149224
239037544,BREAKING AND ENTERING,180,830.0,-84.48081194,39.19364704
239037082,THEFT,1750,1810.0,-84.51188515,39.10955024
239037077,DOMESTIC VIOLENCE,1750,1754.0,-84.45926573,39.20600383
239037086,THEFT,1730,1735.0,-84.59266345,39.1445428
239037075,THEFT,1710,1710.0,-84.60695709,39.14056246
239037090,ENDANGERING CHILDREN,170,1713.0,-84.57630828,39.11771256
239037066,THEFT,1520,1526.0,-84.57173683,39.11019268
239037135,BREAKING AND ENTERING,150,70.0,-84.52062455,39.11453803
239037078,VIOLATE PROTECTION ORDER/CONSENT AGREEMENT,150,150.0,-84.57004729,39.11079267
239037065,THEFT,150,155.0,-84.5490384,39.15688781
239037069,THEFT,1450,1455.0,-84.44607128,39.1384981
239037719,CRIMINAL DAMAGING/ENDANGERING,140,150.0,-84.56967729,39.11154267
239037138,THEFT,140,1030.0,-84.58440611,39.11023811
239037064,THEFT,1347,1347.0,-84.61243543,39.14905387
239037054,THEFT,1250,1258.0,-84.60981878,39.13170603
239037143,BREAKING AND ENTERING,120,100.0,-84.52884097,39.11624252
239037095,THEFT,120,190.0,-84.48916213,39.15296726
239037470,THEFT,1140,1150.0,-84.60977139,39.12844701
239037306,THEFT,1130,130.0,-84.48380818,39.15646499
249000128,THEFT,1030,123.0,-84.5107123,39.16705525
239037039,ASSAULT,1025,1025.0,-84.51550026,39.11225705
239037114,AGGRAVATED MENACING,80,220.0,-84.56573776,39.11280911
239037114,CRIMINAL DAMAGING/ENDANGERING,80,220.0,-84.56488776,39.11173911
239037114,ASSAULT,80,220.0,-84.56441776,39.11309911
239037046,BURGLARY,80,110.0,-84.61195028,39.14574456
239037031,FELONIOUS ASSAULT,730,738.0,-84.55996804,39.12601283
249000238,THEFT,70,200.0,-84.48858065,39.19127424
239037391,THEFT,70,150.0,-84.5261978,39.10892212
239037391,CRIMINAL DAMAGING/ENDANGERING,70,150.0,-84.5253878,39.10814212
239037056,BURGLARY,630,1140.0,-84.584269,39.14254284
239037153,THEFT,50,90.0,-84.56712382,39.10665305
239037019,,415,425.0,-84.55993547,39.15746891
239037019,FELONIOUS ASSAULT,415,425.0,-84.55967547,39.15605891
239037021,DOMESTIC VIOLENCE,40,445.0,-84.58251398,39.14078967
239037614,BURGLARY,230,90.0,-84.52901205,39.10737846
239037014,ASSAULT,40,59.0,-84.54309277,39.20567037
239037014,DOMESTIC VIOLENCE,40,59.0,-84.54239277,39.20590037
239037011,CRIMINAL DAMAGING/ENDANGERING,30,50.0,-84.58324586,39.10358944
239037008,CRIMINAL DAMAGING/ENDANGERING,10,12.0,-84.42646371,39.15519318
249000144,BURGLARY,0,80.0,-84.57521802,39.10953975
239037381,DOMESTIC VIOLENCE,0,0.0,-84.57339238,39.09329113
239037121,THEFT,0,230.0,-84.51454811,39.11142747
239037121,CRIMINAL DAMAGING/ENDANGERING,0,230.0,-84.51272811,39.11232747
239037032,THEFT,2330,930.0,-84.42762479,39.15610161
239037028,TELEPHONE HARASSMENT,230,70.0,-84.57022284,39.1331749
239037071,IMPROPERLY DISCHARGING FIREARM AT/INTO HABITATION/SCHOOL,230,237.0,-84.487521,39.1247597
239037071,CRIMINAL DAMAGING/ENDANGERING,230,237.0,-84.487511,39.1251897
239037071,AGGRAVATED BURGLARY,230,237.0,-84.487421,39.1246997
239037071,FELONIOUS ASSAULT,230,237.0,-84.487081,39.1243697
239037000,CRIMINAL DAMAGING/ENDANGERING,2245,2250.0,-84.38519575,39.16227293
239037029,THEFT,220,650.0,-84.56477459,39.18732786
239036995,THEFT,210,2130.0,-84.57210023,39.15520178
239036991,THEFT,2030,2127.0,-84.61003878,39.13076603
239036988,THEFT,200,205.0,-84.57531399,39.18563318
239037181,THEFT,1945,1750.0,-84.48468023,39.12754807
239036986,AGGRAVATED ROBBERY,1945,1958.0,-84.57326418,39.13350491
239036996,THEFT,1925,2227.0,-84.53811973,39.13916242
239036980,AGGRAVATED ROBBERY,197,199.0,-84.62245948,39.14419001
239036983,ASSAULT,190,1930.0,-84.57208779,39.10613478
239036994,THEFT,1850,2050.0,-84.51294528,39.14213081
239036981,THEFT,1830,1835.0,-84.57515948,39.18912697
239036974,AGGRAVATED ROBBERY,1829,1830.0,-84.5405354,39.16235231
239037055,THEFT,180,130.0,-84.57089329,39.18244168
239037055,THEFT,180,130.0,-84.57015329,39.18366168
239036992,CRIMINAL DAMAGING/ENDANGERING,180,210.0,-84.51251764,39.1476871
239036992,THEFT,180,210.0,-84.51232764,39.1481471
239037010,THEFT,1730,230.0,-84.58106056,39.11346595
239037070,THEFT,170,20.0,-84.53390847,39.10629119
239036993,THEFT,1653,1653.0,-84.5057465,39.12996705
239037033,THEFT,1630,630.0,-84.54934936,39.10320079
239037305,THEFT,160,1230.0,-84.43127919,39.13056294
239037159,TELEPHONE HARASSMENT,160,2350.0,-84.53756873,39.19661082
239036976,THEFT,160,170.0,-84.55348856,39.10133403
239037139,TELEPHONE HARASSMENT,1530,160.0,-84.56132416,39.11443052
239037139,,1530,160.0,-84.56112416,39.11637052
239036969,THEFT,1514,1530.0,-84.50970229,39.1319251
239037383,THEFT,150,170.0,-84.59446597,39.12975352
239036972,THEFT,150,150.0,-84.48592419,39.12805594
239036958,THEFT,1315,1315.0,-84.47408292,39.21295734
239036977,THEFT,120,1215.0,-84.57143292,39.13523628
239036955,THEFT,1156,127.0,-84.62287317,39.14410864
239037363,UNAUTHORIZED USE OF MOTOR VEHICLE,1020,2359.0,-84.53380956,39.19451771
239037507,BURGLARY,80,1730.0,-84.52657788,39.14170288
239036935,MENACING,79,711.0,-84.541475,39.13857557
239036942,THEFT,60,70.0,-84.55320335,39.13004434
239037093,BURGLARY,40,190.0,-84.45957954,39.20611826
239036930,AGGRAVATED ROBBERY,20,220.0,-84.51051754,39.1804537
239036953,THEFT,30,10.0,-84.53140001,39.11993618
239036951,TELEPHONE HARASSMENT,0,541.0,-84.58455343,39.15281797
239036919,CRIMINAL DAMAGING/ENDANGERING,230,238.0,-84.48476419,39.12734594
239037455,CRIMINAL DAMAGING/ENDANGERING,2120,2120.0,-84.49348633,39.15818746
239036926,BURGLARY,2030,2330.0,-84.47105855,39.13845007
239036914,CRIMINAL DAMAGING/ENDANGERING,2020,2029.0,-84.5031967,39.12757016
239037058,THEFT,200,210.0,-84.51831384,39.11094641
239036911,ASSAULT,200,200.0,-84.58040315,39.10610117
239036936,THEFT,1945,720.0,-84.43527291,39.13618739
249000111,THEFT,1830,1845.0,-84.51413391,39.10010956
239036922,THEFT,1830,30.0,-84.51060463,39.12887306
239036906,THEFT,1820,1827.0,-84.5753334,39.11316076
239036921,THEFT,1813,1813.0,-84.44415814,39.14719095
239036905,THEFT,1810,1816.0,-84.51463589,39.18789721
239037353,THEFT,180,80.0,-84.59737663,39.1487769
239037074,THEFT,180,100.0,-84.61603832,39.14526007
239036904,IMPROPERLY DISCHARGING FIREARM AT/INTO HABITATION/SCHOOL,1720,1724.0,-84.55853473,39.11079201
239036917,THEFT,170,220.0,-84.50658684,39.11937491
239036901,ASSAULT,170,1718.0,-84.50075262,39.14855445
239036947,THEFT,1630,180.0,-84.60796133,39.12671628
239036893,CRIMINAL DAMAGING/ENDANGERING,1530,1535.0,-84.5797755,39.14232925
239036892,DOMESTIC VIOLENCE,1515,1521.0,-84.49202379,39.14704825
239036885,CRIMINAL DAMAGING/ENDANGERING,1435,1440.0,-84.54227748,39.19812218
239036884,CRIMINAL DAMAGING/ENDANGERING,1430,1445.0,-84.51448331,39.10263348
239036899,TAKING THE IDENTITY OF ANOTHER,1345,1345.0,-84.43115046,39.14991712
239037473,THEFT,130,130.0,-84.60641138,39.07802599
239036907,BURGLARY,1230,1630.0,-84.52266832,39.15335273
239037092,ASSAULT,120,140.0,-84.69170301,39.11660956
239036861,ROBBERY,1115,1130.0,-84.59734809,39.11583648
239036900,BURGLARY,100,160.0,-84.3802954,39.08477779
239036966,TAKING THE IDENTITY OF ANOTHER,944,2143.0,-84.5916287,39.14193326
239036869,CRIMINAL DAMAGING/ENDANGERING,810,810.0,-84.45919525,39.20597555
239036867,THEFT,733,1135.0,-84.51234731,39.10295622
239036938,BURGLARY,645,715.0,-84.5311221,39.11681332
239037134,TAKING THE IDENTITY OF ANOTHER,617,625.0,-84.55991804,39.12717283
239036894,THEFT,60,160.0,-84.52170632,39.1297683
239036837,FELONIOUS ASSAULT,350,359.0,-84.51011257,39.17778707
239036836,CRIMINAL DAMAGING/ENDANGERING,30,37.0,-84.57900822,39.14662452
239036876,THEFT,216,220.0,-84.56368535,39.09711704
239036835,CRIMINAL DAMAGING/ENDANGERING,20,25.0,-84.4666747,39.14160628
239036833,CRIMINAL DAMAGING/ENDANGERING,20,21.0,-84.47181884,39.13764935
239036860,CRIMINAL DAMAGING/ENDANGERING,145,100.0,-84.46859752,39.14222703
239036830,THEFT,119,120.0,-84.4814937,39.12504382
239036832,AGGRAVATED MENACING,115,130.0,-84.55775825,39.14446479
239036832,CRIMINAL DAMAGING/ENDANGERING,115,130.0,-84.55712825,39.14458479
239036881,THEFT,14,14.0,-84.47677112,39.1387468
239037307,CRIMINAL DAMAGING/ENDANGERING,10,20.0,-84.47934804,39.13761155
239036868,CRIMINAL DAMAGING/ENDANGERING,10,30.0,-84.47297243,39.13896495
239036850,CRIMINAL DAMAGING/ENDANGERING,10,30.0,-84.47953505,39.13760061
239036850,THEFT,10,30.0,-84.47944505,39.13869061
239036847,CRIMINAL DAMAGING/ENDANGERING,10,30.0,-84.47300349,39.13829755
239036855,CRIMINAL DAMAGING/ENDANGERING,10,30.0,-84.46636852,39.145979
239036839,CRIMINAL DAMAGING/ENDANGERING,10,40.0,-84.47378448,39.13704434
239037311,THEFT,1,1545.0,-84.48351959,39.19183018
249000133,THEFT,0,25.0,-84.46210871,39.19229662
239037047,THEFT,0,0.0,-84.5815382,39.11409493
239036824,AGGRAVATED BURGLARY,0,20.0,-84.57841821,39.14556453
239036824,CRIMINAL DAMAGING/ENDANGERING,0,20.0,-84.57775821,39.14658453
239036823,AGGRAVATED BURGLARY,2250,235.0,-84.55862799,39.1404107
239036821,THEFT,2220,2224.0,-84.51694698,39.1285583
239036859,CRIMINAL DAMAGING/ENDANGERING,220,91.0,-84.47420224,39.13777234
239036822,THEFT,220,2317.0,-84.51171651,39.10863698
239036843,CRIMINAL DAMAGING/ENDANGERING,2145,735.0,-84.47409303,39.13959798
239036820,THEFT,2145,2155.0,-84.55586751,39.12576361
239036818,THEFT,2120,2124.0,-84.56765525,39.15792514
239036888,THEFT,210,20.0,-84.39790012,39.16388905
239036842,THEFT,210,88.0,-84.38298824,39.15123003
239036817,CRIMINAL DAMAGING/ENDANGERING,210,2140.0,-84.59288476,39.11180123
239036816,AGGRAVATED ROBBERY,2050,210.0,-84.52328175,39.20046068
239036896,TELEPHONE HARASSMENT,2034,2034.0,-84.51160299,39.18455895
239036814,THEFT,2030,2036.0,-84.54947498,39.13935732
239036853,CRIMINAL DAMAGING/ENDANGERING,200,70.0,-84.47095111,39.1380368
239036865,CRIMINAL DAMAGING/ENDANGERING,200,80.0,-84.46824155,39.14179593
239036865,THEFT,200,80.0,-84.46755155,39.14171593
239036831,CRIMINAL DAMAGING/ENDANGERING,200,230.0,-84.54712754,39.16784904
239036812,THEFT,1940,1950.0,-84.56900148,39.19142647
239036845,CRIMINAL DAMAGING/ENDANGERING,1850,730.0,-84.48158267,39.13833904
239036809,VIOLATE PROTECTION ORDER/CONSENT AGREEMENT,1820,1820.0,-84.51971733,39.16724683
239036825,THEFT,1815,2130.0,-84.51179254,39.12505209
239036808,THEFT,185,1811.0,-84.457951,39.20402384
239036801,CRIMINAL DAMAGING/ENDANGERING,1650,1653.0,-84.51259247,39.10447001
239036799,ASSAULT,1645,1650.0,-84.50132653,39.12491338
239036803,ASSAULT,1613,1613.0,-84.55405737,39.15001765
239036794,DOMESTIC VIOLENCE,1545,1553.0,-84.49617315,39.12334105
239036908,THEFT,1542,1653.0,-84.61768672,39.14194739
239036806,AGGRAVATED MENACING,1530,1550.0,-84.58847316,39.08141948
239036979,THEFT,150,1630.0,-84.59259613,39.13235288
239036788,ROBBERY,1420,1425.0,-84.45694948,39.19808135
239036793,MENACING,140,1425.0,-84.51016519,39.10753834
239036785,DOMESTIC VIOLENCE,1320,1328.0,-84.56598782,39.18412204
239036800,THEFT,1250,140.0,-84.42690999,39.17852378
239036777,THEFT,128,128.0,-84.46576408,39.14263907
239036775,IMPROPERLY DISCHARGING FIREARM AT/INTO HABITATION/SCHOOL,1116,1117.0,-84.56056437,39.15225389
239037186,TELEPHONE HARASSMENT,110,2045.0,-84.52762792,39.14224902
239036783,THEFT,1020,1151.0,-84.58102315,39.10546117
239036768,ASSAULT,1019,1021.0,-84.51196413,39.18881703
239036863,TAKING THE IDENTITY OF ANOTHER,100,130.0,-84.56843038,39.1017045
239036770,ASSAULT,100,105.0,-84.52255404,39.1395248
239036769,THEFT,916,922.0,-84.56244604,39.12961087
239036764,IMPROPERLY DISCHARGING FIREARM AT/INTO HABITATION/SCHOOL,90,90.0,-84.55777846,39.15776604
239037723,THEFT,80,80.0,-84.5154552,39.11908772
239036856,CRIMINAL DAMAGING/ENDANGERING,80,100.0,-84.47366305,39.13666797
239036804,CRIMINAL DAMAGING/ENDANGERING,750,170.0,-84.51445339,39.10388744
239036759,VIOLATE PROTECTION ORDER/CONSENT AGREEMENT,60,67.0,-84.48470014,39.13386071
239036755,AGGRAVATED ROBBERY,345,411.0,-84.53376129,39.14330539
239036757,ROBBERY,345,40.0,-84.56104081,39.15547247
239036757,ROBBERY,345,40.0,-84.55982081,39.15639247
239036754,AGGRAVATED MENACING,250,35.0,-84.51171043,39.0998728
239036752,AGGRAVATED BURGLARY,140,144.0,-84.48332148,39.1547655
239036750,CRIMINAL DAMAGING/ENDANGERING,10,131.0,-84.51117698,39.1143798
249000157,TAKING THE IDENTITY OF ANOTHER,0,0.0,-84.49603963,39.11029709
239036954,THEFT,0,120.0,-84.58941291,39.10667332
239036889,CRIMINAL DAMAGING/ENDANGERING,0,0.0,-84.48598517,39.19163918
239036792,THEFT,230,80.0,-84.60437995,39.15047415
249C000019,THEFT,230,650.0,-84.48870426,39.16274672
239036744,ASSAULT,2248,2255.0,-84.60407887,39.13664122
239036771,THEFT,220,2330.0,-84.49625724,39.12614963
239036773,THEFT,2130,110.0,-84.45796985,39.19480025
239036849,THEFT,2030,2139.0,-84.5316587,39.21048402
239036731,ROBBERY,195,196.0,-84.51220978,39.1789737
239036745,THEFT,1830,220.0,-84.56157383,39.18329465
239036724,AGGRAVATED ROBBERY,1755,180.0,-84.59065626,39.11209123
239036724,AGGRAVATED ROBBERY,1755,180.0,-84.59053626,39.11354123
239036725,CRIMINAL DAMAGING/ENDANGERING,1755,1757.0,-84.5839875,39.08457797
239037553,FELONIOUS ASSAULT,1730,1830.0,-84.4938279,39.14053609
239036723,THEFT,1730,1735.0,-84.47653899,39.19743423
239036727,THEFT,1714,1717.0,-84.49146655,39.14527963
239036736,THEFT,160,1740.0,-84.51030915,39.12178297
239036710,THEFT,1530,1540.0,-84.51083143,39.11028057
239036719,THEFT,1530,1545.0,-84.51090143,39.11045057
239036717,THEFT,150,170.0,-84.50848783,39.13168394
239036701,THEFT,150,1520.0,-84.46109607,39.20578317
239036704,TELEPHONE HARASSMENT,150,1535.0,-84.56556787,39.12351401
239036709,AGGRAVATED MENACING,150,1529.0,-84.58157299,39.08499756
239036714,THEFT,1430,150.0,-84.5133261,39.16317196
239036712,THEFT,1416,1511.0,-84.60987139,39.12961701
239036686,AGGRAVATED MENACING,1230,1250.0,-84.53014109,39.14170815
239036713,THEFT,1150,120.0,-84.59032532,39.10906616
239036730,THEFT,110,120.0,-84.55717408,39.10721578
239036683,ASSAULT,110,120.0,-84.58354454,39.14652905
239036685,THEFT,100,1030.0,-84.51606935,39.10712478
239036678,THEFT,835,840.0,-84.58329273,39.10719483
239036676,THEFT,830,845.0,-84.48621111,39.149603
249C000020,THEFT,70,60.0,-84.51660485,39.10001166
239036662,THEFT,630,645.0,-84.55297876,39.11616812
239036743,CRIMINAL DAMAGING/ENDANGERING,30,430.0,-84.51563977,39.10669879
239036654,THEFT,240,250.0,-84.56324054,39.10638311
239036671,THEFT,10,80.0,-84.48280201,39.191703
239036650,THEFT,10,10.0,-84.51541757,39.10809734
239036652,THEFT,45,145.0,-84.51489797,39.10876327
239036658,THEFT,40,45.0,-84.4684896,39.1366497
239036645,AGGRAVATED MENACING,40,45.0,-84.4678696,39.1380097
239036657,BREAKING AND ENTERING,15,20.0,-84.40616127,39.15759693
249000253,TAKING THE IDENTITY OF ANOTHER,0,160.0,-84.39903788,39.15685694
239036782,THEFT,0,1230.0,-84.51689061,39.17572698
239036679,THEFT,0,70.0,-84.50131714,39.12727479
239036643,CRIMINAL DAMAGING/ENDANGERING,2359,0.0,-84.5843712,39.14236928
239036664,MENACING,230,2315.0,-84.6049289,39.12917474
239036644,BURGLARY,2235,2252.0,-84.51126717,39.17699918
239036632,THEFT,2115,2123.0,-84.51544026,39.11337705
249000221,THEFT,210,134.0,-84.53328705,39.10569593
239036706,THEFT,210,140.0,-84.49049994,39.14891245
239036663,THEFT,210,60.0,-84.51536757,39.10958734
239036630,FELONIOUS ASSAULT,210,2119.0,-84.51152521,39.10453268
239036629,THEFT,2050,2055.0,-84.61944463,39.14578826
239036633,THEFT,2030,213.0,-84.51029915,39.12206297
239036626,THEFT,2030,2038.0,-84.50830473,39.13207585
239036673,BURGLARY,200,930.0,-84.48870261,39.13237609
239036673,THEFT,200,930.0,-84.48792261,39.13330609
239036661,THEFT,200,530.0,-84.56059597,39.18392423
239036628,CRIMINAL DAMAGING/ENDANGERING,200,2156.0,-84.51532095,39.11708997
239036878,THEFT,190,190.0,-84.51872262,39.11747686
239036622,AGGRAVATED MENACING,1820,1845.0,-84.53999288,39.13748698
239036622,THEFT,1820,1845.0,-84.53898288,39.13567698
239036635,BURGLARY,180,2239.0,-84.48134677,39.16563053
239036614,DOMESTIC VIOLENCE,1750,1755.0,-84.5880197,39.15345963
239036612,ASSAULT,1710,1714.0,-84.43853539,39.16739091
239036903,THEFT,170,179.0,-84.48884249,39.19510094
239036637,THEFT,170,180.0,-84.53066908,39.13570605
239036616,CRIMINAL DAMAGING/ENDANGERING,170,175.0,-84.54416603,39.20356346
239036605,ASSAULT,1640,1645.0,-84.46779367,39.1874145
239036721,UNAUTHORIZED USE OF MOTOR VEHICLE,160,160.0,-84.49102287,39.12257862
239036665,CRIMINAL DAMAGING/ENDANGERING,160,70.0,-84.51460392,39.10413528
249000334,CRIMINAL DAMAGING/ENDANGERING,1549,1549.0,-84.52158577,39.14279009
239036606,THEFT,1545,1547.0,-84.60570512,39.13678475
239036599,THEFT,130,134.0,-84.57412765,39.11634979
239036672,THEFT,1240,1250.0,-84.53610902,39.16459503
239036871,UNAUTHORIZED USE OF MOTOR VEHICLE,1236,1320.0,-84.61644242,39.12953127
249000178,THEFT,1216,1858.0,-84.46901915,39.14534641
239037043,THEFT,1157,120.0,-84.53805056,39.19654127
239036613,THEFT,1130,1730.0,-84.49742137,39.15168245
239037469,TELEPHONE HARASSMENT,110,150.0,-84.47933523,39.131604
239036587,THEFT,110,1113.0,-84.56634116,39.11061241
239036846,THEFT,100,914.0,-84.49752182,39.13813269
239036666,THEFT,100,80.0,-84.51480211,39.11150213
239037037,THEFT,80,100.0,-84.42652915,39.18243707
239036578,CRIMINAL DAMAGING/ENDANGERING,425,445.0,-84.56980842,39.18225407
239036574,BREAKING AND ENTERING,345,350.0,-84.54653769,39.19758584
239036584,CRIMINAL DAMAGING/ENDANGERING,30,315.0,-84.46102169,39.16954551
239035860,THEFT,20,930.0,-84.51691502,39.10685427
239036590,THEFT,130,215.0,-84.51434858,39.1053145
239036603,CRIMINAL DAMAGING/ENDANGERING,125,137.0,-84.5713291,39.09148095
239036592,FELONIOUS ASSAULT,2330,2359.0,-84.51698337,39.11445369
239036573,CRIMINAL DAMAGING/ENDANGERING,230,30.0,-84.60758048,39.15477133
239035423,THEFT,2230,80.0,-84.5562937,39.20879453
239036563,THEFT,2223,2230.0,-84.42981529,39.09617085
239036560,DOMESTIC VIOLENCE,2215,2219.0,-84.58780108,39.15028195
239036668,THEFT,210,90.0,-84.48595744,39.13138977
239036565,ASSAULT,210,2130.0,-84.45788704,39.18608014
239036559,DOMESTIC VIOLENCE,210,2115.0,-84.55104349,39.11638184
239036562,AGGRAVATED ROBBERY,2030,2045.0,-84.51599704,39.10934935
239036696,THEFT,200,90.0,-84.57222204,39.19187547
239036593,THEFT,190,734.0,-84.57208168,39.12792099
239036549,CRIMINAL DAMAGING/ENDANGERING,1645,170.0,-84.6200145,39.14370793
239036591,THEFT,1630,110.0,-84.47624463,39.12856742
239036588,THEFT,160,110.0,-84.53052576,39.12102576
239036551,THEFT,1520,1525.0,-84.5703015,39.19153224
239036544,,150,1530.0,-84.57287255,39.11719174
239036533,MENACING,1340,1343.0,-84.56217694,39.15164935
239036540,THEFT,1338,1340.0,-84.57388517,39.10263257
239036531,THEFT,1330,1345.0,-84.4130139,39.11741053
239036532,MENACING,130,136.0,-84.62245293,39.0777529
249C000021,THEFT,1230,1720.0,-84.51323392,39.10388528
239036523,THEFT,1210,1215.0,-84.58410858,39.14581726
239036554,THEFT,1130,1641.0,-84.52568517,39.09742714
239036554,CRIMINAL DAMAGING/ENDANGERING,1130,1641.0,-84.52449517,39.09618714
239036521,THEFT,1130,1145.0,-84.49924327,39.11735404
239036520,AGGRAVATED ROBBERY,118,118.0,-84.45711029,39.19032607
239036558,THEFT,110,1848.0,-84.51407244,39.10759265
239036707,CRIMINAL DAMAGING/ENDANGERING,100,110.0,-84.49772646,39.14031201
239036509,CRIMINAL DAMAGING/ENDANGERING,940,945.0,-84.5373743,39.21438454
239036513,CRIMINAL DAMAGING/ENDANGERING,940,941.0,-84.58847363,39.13215268
239036556,THEFT,98,199.0,-84.51549043,39.11165686
239036702,MENACING,715,720.0,-84.5131274,39.09642639
239036190,CRIMINAL DAMAGING/ENDANGERING,70,1258.0,-84.59625145,39.12920934
239036506,THEFT,60,620.0,-84.51991954,39.18114005
239036505,BURGLARY,50,52.0,-84.48285096,39.14977011
239036504,FELONIOUS ASSAULT,430,439.0,-84.49981055,39.15588323
239036495,ASSAULT,250,30.0,-84.45948915,39.14459801
239036548,CRIMINAL DAMAGING/ENDANGERING,245,255.0,-84.51933513,39.1043943
239036550,CRIMINAL DAMAGING/ENDANGERING,245,255.0,-84.51864117,39.10234943
239036539,CRIMINAL DAMAGING/ENDANGERING,230,330.0,-84.56308349,39.1853992
239036854,TELEPHONE HARASSMENT,20,25.0,-84.51566977,39.10749879
239036854,ASSAULT,20,25.0,-84.51474977,39.10723879
239036492,THEFT,150,155.0,-84.5102209,39.18643795
239036496,ASSAULT,115,120.0,-84.43089658,39.12798195
239036688,TELEPHONE HARASSMENT,10,1226.0,-84.47993455,39.19799716
239036515,THEFT,10,730.0,-84.41912355,39.16712504
239036653,THEFT,59,230.0,-84.42534227,39.16318275
239036486,ASSAULT,15,30.0,-84.51218484,39.10123908
239036526,THEFT,1,332.0,-84.51548118,39.10667045
239037258,THEFT,0,0.0,-84.49201523,39.14088209
239036693,VIOLATE PROTECTION ORDER/CONSENT AGREEMENT,0,0.0,-84.5846451,39.13142783
239036609,THEFT,0,110.0,-84.47951269,39.12670428
239036490,TELEPHONE HARASSMENT,2330,0.0,-84.48945009,39.13031048
239036484,THEFT,2330,2358.0,-84.59857182,39.11669806
239036482,CRIMINAL DAMAGING/ENDANGERING,2320,2320.0,-84.51038086,39.17778306
239036479,ASSAULT,2130,2145.0,-84.49530074,39.14555039
239036466,ASSAULT,2015,2018.0,-84.58428899,39.14080287
239036462,MENACING,1920,1930.0,-84.46333631,39.21227641
239036939,THEFT,190,190.0,-84.58202161,39.1113233
239036463,ASSAULT,1850,1854.0,-84.56104332,39.15795142
239036518,ASSAULT,1830,190.0,-84.54768673,39.15644015
239036604,CRIMINAL DAMAGING/ENDANGERING,170,160.0,-84.54641946,39.19101887
239036468,MURDER,1612,1614.0,-84.56232236,39.15497502
239036511,THEFT,160,950.0,-84.50999084,39.12498327
239036453,ASSAULT,1557,1557.0,-84.49868402,39.14742284
249000321,THEFT,150,120.0,-84.5377702,39.1520205
239036737,ROBBERY,150,1530.0,-84.55031222,39.1917091
239036488,UNAUTHORIZED USE OF MOTOR VEHICLE,150,1510.0,-84.56269425,39.17847694
239036488,THEFT,150,1510.0,-84.56246425,39.17922694
239036581,AGGRAVATED BURGLARY,1430,1432.0,-84.50965139,39.18692767
239036452,ASSAULT,1345,140.0,-84.52250404,39.1408448
239036443,FELONIOUS ASSAULT,1332,1333.0,-84.58220501,39.14086351
239036525,THEFT,1330,140.0,-84.39858042,39.15974345
239036512,TAKING THE IDENTITY OF ANOTHER,135,1546.0,-84.3806743,39.08705526
239036429,ASSAULT,1110,1115.0,-84.48900261,39.13331609
239036433,AGGRAVATED MENACING,110,1230.0,-84.47336707,39.13572808
239036427,ASSAULT,1030,1049.0,-84.56105804,39.12797283
239036718,THEFT,100,110.0,-84.45537337,39.13715396
239036425,THEFT,100,1010.0,-84.60977878,39.12999603
239037059,THEFT,915,1826.0,-84.56781617,39.13316042
239036598,TELEPHONE HARASSMENT,90,30.0,-84.51686304,39.12481264
239036444,ASSAULT,830,845.0,-84.51325726,39.11425488
239036457,THEFT,730,1330.0,-84.57522657,39.15500674
239036528,TAKING THE IDENTITY OF ANOTHER,70,70.0,-84.55324738,39.14408937
239035999,THEFT,70,720.0,-84.56523686,39.18761766
239036507,THEFT,40,50.0,-84.55664463,39.19546735
239036471,CRIMINAL DAMAGING/ENDANGERING,40,180.0,-84.55292696,39.12899696
249000454,BREAKING AND ENTERING,20,130.0,-84.61465609,39.13694849
239036413,TELEPHONE HARASSMENT,20,332.0,-84.52850359,39.12028032
239036409,ASSAULT,114,129.0,-84.51269875,39.16365801
249000156,TAKING THE IDENTITY OF ANOTHER,0,2359.0,-84.46619,39.20760648
239036546,CRIMINAL DAMAGING/ENDANGERING,0,160.0,-84.55724841,39.13429138
249C000018,THEFT,0,70.0,-84.43562067,39.1119723
239036421,CRIMINAL DAMAGING/ENDANGERING,0,80.0,-84.43826973,39.11330856
239036437,THEFT,230,845.0,-84.48741472,39.15473405
239036419,THEFT,230,730.0,-84.43731402,39.1464779
239035522,CRIMINAL DAMAGING/ENDANGERING,220,110.0,-84.47798004,39.15768586
239036396,BREAKING AND ENTERING,2138,2141.0,-84.55780981,39.10613927
239036408,CRIMINAL DAMAGING/ENDANGERING,210,2330.0,-84.48997227,39.12822083
239036390,DOMESTIC VIOLENCE,1915,1920.0,-84.5123634,39.18538636
239036423,CRIMINAL DAMAGING/ENDANGERING,190,730.0,-84.42125316,39.18460258
239036411,THEFT,190,220.0,-84.50481932,39.14312944
239034938,ASSAULT,1838,1938.0,-84.5695276,39.1444107
239036456,TELEPHONE HARASSMENT,1810,1810.0,-84.50896815,39.0996822
239036456,AGGRAVATED MENACING,1810,1810.0,-84.50848815,39.0997222
239036636,THEFT,180,1830.0,-84.51691616,39.10221665
239036402,CRIMINAL DAMAGING/ENDANGERING,180,1830.0,-84.56191704,39.15474436
239036398,FELONIOUS ASSAULT,180,210.0,-84.46669574,39.14599269
239036412,FELONIOUS ASSAULT,180,1950.0,-84.52307575,39.16421785
249000169,THEFT,1756,1756.0,-84.46929915,39.14616641
239036623,THEFT,170,176.0,-84.46994829,39.2083198
239036790,UNAUTHORIZED USE OF MOTOR VEHICLE,160,150.0,-84.53695125,39.11946432
239036538,THEFT,160,830.0,-84.43610481,39.11362416
239036375,FELONIOUS ASSAULT,160,1615.0,-84.5612234,39.15085224
239036387,AGGRAVATED MENACING,1530,1530.0,-84.54630437,39.18241302
239037562,THEFT,150,1630.0,-84.5089313,39.16598614
239036362,FELONIOUS ASSAULT,1450,1455.0,-84.45647393,39.18894791
239036435,TAKING THE IDENTITY OF ANOTHER,1430,940.0,-84.51154893,39.18771269
239036699,TAKING THE IDENTITY OF ANOTHER,1311,150.0,-84.50991101,39.1850864
239036359,ASSAULT,1215,1220.0,-84.55828883,39.15897219
239036359,CRIMINAL DAMAGING/ENDANGERING,1215,1220.0,-84.55790883,39.15838219
239036399,THEFT,120,1558.0,-84.46288762,39.17975199
239037050,THEFT,120,1335.0,-84.46988797,39.14043948
239036355,THEFT,120,1216.0,-84.5108669,39.09944017
239036377,AGGRAVATED MENACING,1115,1120.0,-84.5716846,39.19256211
239036344,THEFT,1050,1053.0,-84.60120064,39.1297732
239036379,THEFT,1030,1230.0,-84.51314875,39.16431801
239036345,THEFT,1030,1035.0,-84.61419296,39.13739809
239036341,DOMESTIC VIOLENCE,102,104.0,-84.56701298,39.1325243
239036357,TELEPHONE HARASSMENT,910,1235.0,-84.48982527,39.1297066
249000352,TAKING THE IDENTITY OF ANOTHER,90,1730.0,-84.57350203,39.11839305
239036353,THEFT,845,849.0,-84.56296721,39.13034381
239036337,CRIMINAL DAMAGING/ENDANGERING,755,756.0,-84.5099075,39.11140428
239036331,THEFT,750,754.0,-84.59550564,39.12736956
239036333,CRIMINAL DAMAGING/ENDANGERING,430,830.0,-84.52810709,39.10971884
239036338,THEFT,330,40.0,-84.51320101,39.13784348
239036365,THEFT,1,90.0,-84.37644733,39.15290897
249000223,TAKING THE IDENTITY OF ANOTHER,0,130.0,-84.4993917,39.12324999
239036943,THEFT,0,950.0,-84.567997,39.08893869
239036326,MENACING,0,31.0,-84.48669616,39.13748819
239036328,CRIMINAL DAMAGING/ENDANGERING,220,10.0,-84.55032055,39.12654316
239036315,CRIMINAL DAMAGING/ENDANGERING,2110,2119.0,-84.58011068,39.12051699
239036318,ASSAULT,210,219.0,-84.50974929,39.17973484
239036351,CRIMINAL DAMAGING/ENDANGERING,190,1045.0,-84.52495621,39.12572826
239036339,BREAKING AND ENTERING,190,50.0,-84.52945429,39.13055574
239036308,TELEPHONE HARASSMENT,180,1830.0,-84.56996294,39.13387643
239036381,CRIMINAL DAMAGING/ENDANGERING,1720,1558.0,-84.527581,39.12045995
239036381,THEFT,1720,1558.0,-84.526771,39.12220995
239036962,BURGLARY,170,140.0,-84.59561456,39.10871897
239036340,BURGLARY,160,70.0,-84.53209892,39.11826089
239036298,THEFT,160,165.0,-84.51630988,39.11252166
239036291,CRIMINAL DAMAGING/ENDANGERING,1430,1440.0,-84.60633685,39.12211231
239036289,THEFT,1415,1436.0,-84.5085617,39.13013783
239036454,ASSAULT,140,150.0,-84.57244799,39.13536939
239036285,AGGRAVATED MENACING,1355,142.0,-84.57046465,39.12341616
239036285,CRIMINAL DAMAGING/ENDANGERING,1355,142.0,-84.57021465,39.12402616
239036281,MENACING,1342,1342.0,-84.57104489,39.14829424
239036323,BURGLARY,130,160.0,-84.51210299,39.18470895
239036322,ASSAULT,1240,130.0,-84.52054748,39.18834618
239036552,BREAKING AND ENTERING,120,1230.0,-84.51968503,39.14516422
239036349,THEFT,120,90.0,-84.53905498,39.16117673
239036265,THEFT,115,1111.0,-84.58379052,39.11338053
239037178,THEFT,80,110.0,-84.57105538,39.12316485
239036682,UNAUTHORIZED USE OF MOTOR VEHICLE,80,830.0,-84.46815211,39.18791673
239036300,THEFT,70,150.0,-84.4804438,39.16888526
239036254,ASSAULT,70,715.0,-84.50130714,39.12708479
239036795,CRIMINAL DAMAGING/ENDANGERING,60,1945.0,-84.39960608,39.15394886
239036245,MENACING,15,20.0,-84.56392567,39.11087469
239036259,CRIMINAL DAMAGING/ENDANGERING,1,100.0,-84.51561067,39.11551067
239036967,TAKING THE IDENTITY OF ANOTHER,0,1622.0,-84.39185579,39.16448658
239036467,DOMESTIC VIOLENCE,0,200.0,-84.57054707,39.12317649
239036236,FELONIOUS ASSAULT,2310,2314.0,-84.48022801,39.17964251
239036247,THEFT,220,40.0,-84.56539353,39.10603437
239036231,THEFT,210,2158.0,-84.57982671,39.14611117
239036275,THEFT,210,210.0,-84.42896871,39.15616226
239036275,CRIMINAL DAMAGING/ENDANGERING,210,210.0,-84.42866871,39.15722226
239036275,ASSAULT,210,210.0,-84.42857871,39.15670226
239036076,THEFT,2015,830.0,-84.60301261,39.13716247
239036229,ASSAULT,200,2011.0,-84.5556326,39.1134906
239036261,UNAUTHORIZED USE OF MOTOR VEHICLE,190,1915.0,-84.50890746,39.12102826
239036233,CRIMINAL DAMAGING/ENDANGERING,190,1950.0,-84.57816279,39.19234294
239036249,THEFT,180,747.0,-84.48947742,39.14594822
249C000017,THEFT,1750,1750.0,-84.5999601,39.15438047
239036222,THEFT,1745,180.0,-84.57771543,39.15574283
239036225,BURGLARY,1745,1745.0,-84.57029159,39.15007649
239036255,THEFT,160,945.0,-84.47746975,39.1687074
239034837,ASSAULT,1555,169.0,-84.59820229,39.11858179
239036210,DOMESTIC VIOLENCE,1545,1546.0,-84.54993096,39.15594807
239036217,CRIMINAL DAMAGING/ENDANGERING,150,170.0,-84.52605357,39.11298338
239036442,THEFT,140,2030.0,-84.4702885,39.12322895
239036199,CRIMINAL DAMAGING/ENDANGERING,140,1410.0,-84.52861828,39.11210946
239036189,MENACING,1335,1340.0,-84.51903541,39.12859862
239036194,CRIMINAL DAMAGING/ENDANGERING,1325,1335.0,-84.46359146,39.21131072
239036205,THEFT,130,1345.0,-84.46126771,39.19331988
239036193,THEFT,1245,1255.0,-84.48733434,39.15174328
239036196,ROBBERY,1238,1238.0,-84.57612831,39.11646066
239036450,THEFT,1233,1233.0,-84.60045064,39.1295332
239036179,AGGRAVATED MENACING,1120,1125.0,-84.46780553,39.17468036
239036207,DOMESTIC VIOLENCE,100,130.0,-84.56552677,39.18873052
239036207,ASSAULT,100,130.0,-84.56517677,39.18942052
239036221,THEFT,80,1643.0,-84.50500784,39.15638117
239036200,TAKING THE IDENTITY OF ANOTHER,80,1444.0,-84.58207972,39.13584618
239036182,ASSAULT,730,80.0,-84.51405235,39.11207823
239036185,THEFT,520,520.0,-84.5761516,39.15275797
239036262,BREAKING AND ENTERING,59,18.0,-84.51460519,39.11337174
239036789,TAKING THE IDENTITY OF ANOTHER,0,0.0,-84.54361874,39.17333683
239036648,BURGLARY,0,2359.0,-84.52771537,39.11592016
239036487,,0,0.0,-84.49390693,39.14162682
239036368,THEFT,0,1455.0,-84.45296196,39.14114568
239036388,CRIMINAL DAMAGING/ENDANGERING,2330,2245.0,-84.48750726,39.14803405
249C000022,CRIMINAL DAMAGING/ENDANGERING,2310,810.0,-84.44153932,39.13666165
239036154,ASSAULT,2225,2240.0,-84.55865947,39.15992631
239036150,DOMESTIC VIOLENCE,2215,2218.0,-84.56207843,39.15737935
239036168,CRIMINAL DAMAGING/ENDANGERING,2130,80.0,-84.41166533,39.13991504
239036151,ROBBERY,210,2111.0,-84.45792797,39.20255593
239036188,THEFT,2030,130.0,-84.6087647,39.14142543
239036145,CRIMINAL DAMAGING/ENDANGERING,200,2030.0,-84.5809121,39.11461113
239035929,THEFT,1958,1958.0,-84.52159905,39.10866202
239036144,ASSAULT,1930,2015.0,-84.54237085,39.19241563
239036152,AGGRAVATED ROBBERY,1926,1945.0,-84.49254839,39.15392334
239036142,THEFT,1925,1928.0,-84.59654547,39.12624764
239036140,DOMESTIC VIOLENCE,1920,1930.0,-84.52423399,39.11125558
239036138,TELEPHONE HARASSMENT,190,195.0,-84.57478514,39.09249983
239036176,CRIMINAL DAMAGING/ENDANGERING,1630,945.0,-84.45700083,39.14145615
239036872,UNAUTHORIZED USE OF MOTOR VEHICLE,1610,1258.0,-84.61756242,39.13012127
239036127,THEFT,1610,1614.0,-84.5143961,39.16392196
239036123,THEFT,1540,1550.0,-84.42675287,39.1603581
239036121,THEFT,1523,1528.0,-84.51321537,39.10579764
239036120,THEFT,1514,1514.0,-84.48824386,39.1289512
239036116,THEFT,140,1412.0,-84.61046878,39.13099603
239036126,THEFT,1352,1352.0,-84.51510392,39.10325528
239036102,ASSAULT,1110,1116.0,-84.45813348,39.20190472
239036102,THEFT,1110,1116.0,-84.45734348,39.20171472
239036095,MENACING,115,1110.0,-84.6054052,39.12833426
239036428,THEFT,110,110.0,-84.55941804,39.12770283
239036085,ASSAULT,100,1010.0,-84.4698958,39.14542949
239036115,CRIMINAL DAMAGING/ENDANGERING,90,100.0,-84.38434146,39.09466364
239036708,THEFT,80,160.0,-84.48870933,39.19038276
239036091,DOMESTIC VIOLENCE,80,80.0,-84.51174071,39.17940687
239036071,ASSAULT,75,75.0,-84.51517502,39.11240749
239036119,TELEPHONE HARASSMENT,640,1412.0,-84.52745775,39.10527703
239036129,THEFT,60,1530.0,-84.61033286,39.13349511
239036073,ASSAULT,50,55.0,-84.47859243,39.17475062
239036073,CRIMINAL DAMAGING/ENDANGERING,50,55.0,-84.47718243,39.17435062
239036065,ASSAULT,255,320.0,-84.48855009,39.15056275
239036352,THEFT,220,231.0,-84.54808941,39.20337689
239036256,THEFT,143,210.0,-84.42219542,39.0817432
239036063,,10,112.0,-84.57230966,39.18691007
239036068,CRIMINAL DAMAGING/ENDANGERING,25,35.0,-84.48510419,39.12734594
239036068,THEFT,25,35.0,-84.48469419,39.12870594
239C000710,CRIMINAL DAMAGING/ENDANGERING,0,1530.0,-84.44882874,39.14270405
239036133,THEFT,0,1645.0,-84.61526609,39.13687849
239036125,CRIMINAL DAMAGING/ENDANGERING,0,150.0,-84.56040144,39.1553332
239036062,CRIMINAL DAMAGING/ENDANGERING,0,225.0,-84.54888941,39.20434689
239036084,CRIMINAL DAMAGING/ENDANGERING,2330,2335.0,-84.47822243,39.17476062
239036117,DOMESTIC VIOLENCE,2245,2310.0,-84.41270141,39.12077699
239036087,CRIMINAL DAMAGING/ENDANGERING,220,100.0,-84.51416392,39.10442528
239036092,THEFT,220,915.0,-84.57286334,39.18799254
239036067,THEFT,220,630.0,-84.61511416,39.13591786
239036057,AGGRAVATED BURGLARY,2130,2135.0,-84.59368994,39.14343901
239036057,CRIMINAL DAMAGING/ENDANGERING,2130,2135.0,-84.59328994,39.14438901
239036209,CRIMINAL DAMAGING/ENDANGERING,210,70.0,-84.56234517,39.15444411
239036050,THEFT,210,214.0,-84.48029004,39.19428532
239036049,DOMESTIC VIOLENCE,210,214.0,-84.38263959,39.15196082
239036045,CRIMINAL DAMAGING/ENDANGERING,2050,214.0,-84.59310999,39.11246814
239036044,CRIMINAL DAMAGING/ENDANGERING,2040,2041.0,-84.42816863,39.18319639
239036042,THEFT,200,2138.0,-84.51739002,39.10620595
239036038,THEFT,200,2015.0,-84.49498146,39.10451873
239036038,CRIMINAL DAMAGING/ENDANGERING,200,2015.0,-84.49456146,39.10436873
239036035,THEFT,1930,1930.0,-84.56694525,39.15785514
239036041,THEFT,1915,1920.0,-84.6001625,39.12824865
239036164,BREAKING AND ENTERING,190,220.0,-84.6174745,39.14697314
239036033,THEFT,1830,1915.0,-84.42495227,39.16438275
239036028,THEFT,1825,1830.0,-84.38747942,39.09321096
239036334,CRIMINAL DAMAGING/ENDANGERING,180,220.0,-84.48988063,39.16008292
239036086,THEFT,180,50.0,-84.44225779,39.14597836
239036048,THEFT,180,180.0,-84.38649392,39.09409184
239036025,CRIMINAL DAMAGING/ENDANGERING,170,171.0,-84.48723088,39.13494068
239035353,DOMESTIC VIOLENCE,1645,1651.0,-84.51438076,39.12354512
239036052,ASSAULT,1630,180.0,-84.52144404,39.1391748
239036023,DOMESTIC VIOLENCE,160,1630.0,-84.5131873,39.11057266
239036030,THEFT,1530,160.0,-84.53505454,39.15351341
239036014,THEFT,1530,1540.0,-84.60171942,39.15331479
239036056,THEFT,1445,30.0,-84.5496557,39.19815866
249C000014,THEFT,1355,1755.0,-84.5174502,39.10645499
239036240,BURGLARY,120,2348.0,-84.58444259,39.14433184
239036183,THEFT,120,130.0,-84.54553607,39.161194
239036031,THEFT,120,170.0,-84.53376052,39.15174031
239036021,THEFT,120,1430.0,-84.51948491,39.10463866
239036021,CRIMINAL DAMAGING/ENDANGERING,120,1430.0,-84.51900491,39.10615866
239036001,CRIMINAL DAMAGING/ENDANGERING,1142,1142.0,-84.57366086,39.18917203
239036002,THEFT,1030,110.0,-84.47487838,39.13745658
239035991,THEFT,1025,1028.0,-84.59553984,39.11716812
239036003,ASSAULT,100,1145.0,-84.47542838,39.13844658
239035986,FELONIOUS ASSAULT,935,936.0,-84.45764751,39.2035061
239035988,DOMESTIC VIOLENCE,925,930.0,-84.4737816,39.13783474
239036070,BREAKING AND ENTERING,830,840.0,-84.54263534,39.14471249
239036070,THEFT,830,840.0,-84.54208534,39.14440249
239035976,FELONIOUS ASSAULT,530,545.0,-84.53616666,39.13727225
239036051,CRIMINAL DAMAGING/ENDANGERING,426,436.0,-84.45808635,39.19089359
239035970,THEFT,40,430.0,-84.50881481,39.09658802
239035971,DOMESTIC VIOLENCE,330,346.0,-84.55840071,39.12964434
239035967,CRIMINAL DAMAGING/ENDANGERING,220,240.0,-84.60073569,39.13195859
239035969,DOMESTIC VIOLENCE,215,224.0,-84.42954863,39.18176639
239035969,CRIMINAL DAMAGING/ENDANGERING,215,224.0,-84.42858863,39.18257639
239036109,THEFT,20,80.0,-84.53054456,39.11506627
239035962,ASSAULT,130,145.0,-84.56136458,39.15000638
239036218,CRIMINAL DAMAGING/ENDANGERING,120,930.0,-84.60793069,39.14581853
239035966,ASSAULT,21,45.0,-84.51238699,39.10940347
239036027,THEFT,15,220.0,-84.52623602,39.09543692
239035953,AGGRAVATED MENACING,15,20.0,-84.61306543,39.14954387
239036100,CRIMINAL DAMAGING/ENDANGERING,0,110.0,-84.50821389,39.11025724
239036066,CRIMINAL DAMAGING/ENDANGERING,0,50.0,-84.51600621,39.1118676
239036029,THEFT,0,10.0,-84.50865656,39.09736066
239035995,THEFT,0,530.0,-84.60604959,39.11569261
239036447,THEFT,0,50.0,-84.59069347,39.11166109
239035984,DOMESTIC VIOLENCE,0,80.0,-84.55361127,39.16839681
239035955,THEFT,0,10.0,-84.52561602,39.09508692
239035955,CRIMINAL DAMAGING/ENDANGERING,0,10.0,-84.52522602,39.09512692
239035951,DOMESTIC VIOLENCE,2350,2358.0,-84.48811224,39.1343776
239035983,THEFT,2342,2350.0,-84.60532447,39.1391161
239035987,CRIMINAL DAMAGING/ENDANGERING,2230,930.0,-84.48801088,39.13510068
239036007,THEFT,220,1055.0,-84.4883694,39.15610114
239036011,THEFT,220,1318.0,-84.48342784,39.15083715
239035993,CRIMINAL DAMAGING/ENDANGERING,220,100.0,-84.51666478,39.10491764
239035941,CRIMINAL DAMAGING/ENDANGERING,2150,2154.0,-84.48472155,39.15177849
239035939,FELONIOUS ASSAULT,2150,2154.0,-84.56379682,39.20297359
239035939,THEFT,2150,2154.0,-84.56345682,39.20398359
239035938,ASSAULT,2130,2140.0,-84.51274814,39.0994257
239035937,CRIMINAL DAMAGING/ENDANGERING,2120,2125.0,-84.61990259,39.14663593
239035947,ASSAULT,2030,210.0,-84.54175085,39.19214563
239035936,ROBBERY,2030,2059.0,-84.58436826,39.10979735
239035934,ASSAULT,1930,1945.0,-84.48574464,39.15300847
239035960,THEFT,190,26.0,-84.51327596,39.12680875
239036251,THEFT,180,220.0,-84.46183166,39.13598287
239036251,AGGRAVATED ROBBERY,180,220.0,-84.46129166,39.13574287
239036251,AGGRAVATED ROBBERY,180,220.0,-84.46103166,39.13524287
239036106,THEFT,180,90.0,-84.50226902,39.15313409
239036026,THEFT,180,110.0,-84.56844527,39.13327174
239036268,THEFT,170,190.0,-84.56349365,39.14884814
239036069,THEFT,170,2350.0,-84.38732301,39.1563398
239035992,THEFT,170,1032.0,-84.60455255,39.14046479
239035982,BREAKING AND ENTERING,170,815.0,-84.53810337,39.14459308
239035926,ASSAULT,170,179.0,-84.51750356,39.10477138
239035917,THEFT,160,1624.0,-84.52046541,39.12870862
239035915,THEFT,1525,1535.0,-84.61286543,39.14923387
239035946,THEFT,150,150.0,-84.39205645,39.0906748
239035911,THEFT,150,1532.0,-84.51875667,39.10389195
239035918,ASSAULT,150,158.0,-84.48651477,39.1355204
239035918,THEFT,150,158.0,-84.48578477,39.1346504
239035922,MENACING,140,1430.0,-84.42646214,39.18241029
239035905,CRIMINAL DAMAGING/ENDANGERING,140,140.0,-84.54615992,39.13438384
239035897,AGGRAVATED MENACING,1340,1348.0,-84.48576419,39.12877594
239035901,THEFT,1330,1430.0,-84.59759062,39.12924252
239035919,THEFT,1250,1315.0,-84.59079704,39.12732987
239035898,,1250,130.0,-84.54216027,39.2078276
239037442,THEFT,1210,1224.0,-84.61910728,39.1453523
239035928,THEFT,1147,1525.0,-84.51595211,39.11127213
239035891,ASSAULT,1120,1129.0,-84.53329623,39.1943509
239035884,CRIMINAL DAMAGING/ENDANGERING,1030,1120.0,-84.58616277,39.15240901
239035884,ASSAULT,1030,1120.0,-84.58572277,39.15195901
239036096,THEFT,90,170.0,-84.55729044,39.14695843
239035870,MENACING,810,815.0,-84.51076915,39.12091297
239035856,THEFT,525,533.0,-84.56744764,39.19085723
239035855,DOMESTIC VIOLENCE,40,423.0,-84.51302963,39.17966876
239035854,CRIMINAL DAMAGING/ENDANGERING,340,345.0,-84.4646926,39.18084017
239035863,THEFT,330,60.0,-84.49153515,39.16033783
239035850,MENACING,330,340.0,-84.53320143,39.1383829
239035850,TELEPHONE HARASSMENT,330,340.0,-84.53170143,39.1399029
239036253,THEFT,30,330.0,-84.48966391,39.16084581
239035912,THEFT,30,60.0,-84.44404253,39.12608737
239035875,THEFT,30,90.0,-84.55489545,39.16604895
239035857,THEFT,245,40.0,-84.49177241,39.15383211
239035889,THEFT,230,1215.0,-84.57054193,39.181772
239035849,ROBBERY,23,23.0,-84.57260683,39.10889268
239035892,CRIMINAL DAMAGING/ENDANGERING,20,1321.0,-84.55394838,39.16550775
239035904,THEFT,20,70.0,-84.48670417,39.14585087
239035851,THEFT,20,30.0,-84.49760201,39.14784815
239035848,CRIMINAL DAMAGING/ENDANGERING,130,140.0,-84.47775265,39.13887838
239035848,ASSAULT,130,140.0,-84.47734265,39.13809838
239036760,TELEPHONE HARASSMENT,125,0.0,-84.51508095,39.11670997
239035864,THEFT,10,637.0,-84.48721726,39.14814405
249000580,THEFT,0,130.0,-84.54994285,39.19945713
239035923,THEFT,0,50.0,-84.56940758,39.12777426
239035876,THEFT,0,60.0,-84.46859483,39.1460497
239035874,THEFT,0,941.0,-84.46139959,39.13186293
239035874,THEFT,0,941.0,-84.46073959,39.13042293
239035869,THEFT,0,811.0,-84.48871362,39.14495093
239035845,ASSAULT,2340,2350.0,-84.46016344,39.18664796
239035872,THEFT,2330,18.0,-84.49277412,39.15994441
239035844,CRIMINAL DAMAGING/ENDANGERING,2330,0.0,-84.51166272,39.12225086
239035842,AGGRAVATED MENACING,2330,2343.0,-84.67423194,39.10072132
239035994,THEFT,230,1011.0,-84.50590488,39.14342964
239035907,THEFT,230,40.0,-84.44378253,39.12623737
239035888,THEFT,230,90.0,-84.49379145,39.15474295
239035916,THEFT,230,60.0,-84.44704047,39.12731825
239035846,THEFT,230,30.0,-84.37973815,39.15688381
239036131,BURGLARY,2230,1230.0,-84.40163963,39.15541001
239035873,THEFT,2230,936.0,-84.49400759,39.15763642
239035877,THEFT,2230,852.0,-84.48958991,39.16044063
239035861,THEFT,220,745.0,-84.56145524,39.17864234
239035859,THEFT,220,60.0,-84.60501306,39.12980613
239035852,CRIMINAL DAMAGING/ENDANGERING,220,451.0,-84.48826067,39.14793832
239035833,THEFT,2159,2159.0,-84.39028878,39.0917593
239035894,THEFT,2150,2350.0,-84.56175653,39.13058426
239035836,THEFT,2130,2140.0,-84.45637814,39.18880801
239035832,CRIMINAL DAMAGING/ENDANGERING,2129,2129.0,-84.51201712,39.18781573
239035831,CRIMINAL DAMAGING/ENDANGERING,2110,2115.0,-84.48093767,39.12998694
239036283,BREAKING AND ENTERING,210,1930.0,-84.56085804,39.12666283
239035895,THEFT,210,130.0,-84.57539451,39.13733537
239035853,CRIMINAL DAMAGING/ENDANGERING,210,40.0,-84.51391977,39.10665879
239035829,THEFT,210,2130.0,-84.4353367,39.17579174
239035867,THEFT,200,80.0,-84.55761049,39.14327991
239035830,THEFT,200,2030.0,-84.53524202,39.16512363
239035823,AGGRAVATED BURGLARY,1910,1916.0,-84.49343693,39.14100682
239035823,ASSAULT,1910,1916.0,-84.49326693,39.14274682
239035821,ASSAULT,1850,1854.0,-84.45627582,39.19822486
239035843,THEFT,1830,2230.0,-84.59080784,39.12854867
239035820,BURGLARY,1820,1830.0,-84.51679574,39.11497097
249C000013,THEFT,180,90.0,-84.52233761,39.1343951
239035862,CRIMINAL DAMAGING/ENDANGERING,180,70.0,-84.4624346,39.13107309
239035835,THEFT,180,220.0,-84.38273148,39.08575073
239035837,THEFT,180,2142.0,-84.47782835,39.13229931
239035818,AGGRAVATED MENACING,1745,1758.0,-84.50667784,39.15599117
239035838,THEFT,1744,2115.0,-84.47360273,39.19387726
239037600,THEFT,1724,1740.0,-84.61873237,39.14229065
239035910,TELEPHONE HARASSMENT,1723,1723.0,-84.46387631,39.21289641
239035882,THEFT,170,955.0,-84.44561796,39.12962676
239035882,CRIMINAL DAMAGING/ENDANGERING,170,955.0,-84.44559796,39.12943676
239035878,CRIMINAL DAMAGING/ENDANGERING,170,70.0,-84.44770244,39.12861141
239035810,CRIMINAL DAMAGING/ENDANGERING,1640,1647.0,-84.51427082,39.11594509
239035810,FELONIOUS ASSAULT,1640,1647.0,-84.51342082,39.11471509
239035893,THEFT,1630,1323.0,-84.47909269,39.12626428
239035807,THEFT,1630,1639.0,-84.58059529,39.13937283
239036273,THEFT,1628,1628.0,-84.4290265,39.14769604
239035812,CRIMINAL DAMAGING/ENDANGERING,1530,1558.0,-84.4898223,39.14030829
239035812,THEFT,1530,1558.0,-84.4890123,39.14077829
239035890,THEFT,150,60.0,-84.49119732,39.15827638
239035809,,150,1530.0,-84.56584067,39.15229768
239035809,CRIMINAL DAMAGING/ENDANGERING,150,1530.0,-84.56465067,39.15177768
239035819,AGGRAVATED ROBBERY,150,1515.0,-84.58735978,39.11566645
239036681,UNAUTHORIZED USE OF MOTOR VEHICLE,146,122.0,-84.61723242,39.13008127
239036110,THEFT,1350,140.0,-84.45482669,39.19642001
239035798,THEFT,1330,1335.0,-84.60259942,39.15379479
239036451,THEFT,130,1330.0,-84.48327183,39.19211212
239035778,THEFT,1243,1245.0,-84.51218136,39.10406899
239035816,BURGLARY,1230,1630.0,-84.52595219,39.11267266
239035791,THEFT,1210,1220.0,-84.61228543,39.14814387
239035977,THEFT,120,0.0,-84.5669785,39.11623212
239035868,THEFT,120,80.0,-84.51207014,39.1005305
239035834,BURGLARY,120,2013.0,-84.45746129,39.19248278
239035822,THEFT,1150,125.0,-84.6185245,39.14382793
239035772,THEFT,1127,1128.0,-84.48829926,39.14769157
239035723,THEFT,101,1010.0,-84.50711081,39.12159217
239035758,CRIMINAL DAMAGING/ENDANGERING,745,750.0,-84.59268955,39.10890856
239035980,UNAUTHORIZED USE OF MOTOR VEHICLE,725,725.0,-84.49513748,39.14242503
239035801,THEFT,720,1340.0,-84.51594935,39.10662478
239035754,ASSAULT,540,550.0,-84.41477706,39.18716372
239035781,THEFT,415,445.0,-84.49095631,39.14262222
239035782,THEFT,415,445.0,-84.48989627,39.14277687
239035750,CRIMINAL DAMAGING/ENDANGERING,240,242.0,-84.48657047,39.13576687
239035752,ROBBERY,230,240.0,-84.41855362,39.18579881
239035776,CRIMINAL DAMAGING/ENDANGERING,20,60.0,-84.48820261,39.14440613
239035766,CRIMINAL DAMAGING/ENDANGERING,20,70.0,-84.46098166,39.13427287
239035748,DOMESTIC VIOLENCE,135,142.0,-84.55406496,39.14521251
239036088,THEFT,130,90.0,-84.59353597,39.12949352
239035760,THEFT,31,831.0,-84.60900056,39.1428684
239035745,ASSAULT,30,40.0,-84.51343502,39.10268944
239035780,THEFT,1,60.0,-84.47407761,39.1743398
239035761,THEFT,1,70.0,-84.48791059,39.14467071
239036414,BREAKING AND ENTERING,0,0.0,-84.54620399,39.19699928
239036295,TAKING THE IDENTITY OF ANOTHER,0,0.0,-84.55204415,39.12966204
239035978,CRIMINAL DAMAGING/ENDANGERING,0,20.0,-84.50938517,39.1085697
239035899,ASSAULT,230,2310.0,-84.50962208,39.13018862
239035784,CRIMINAL DAMAGING/ENDANGERING,230,60.0,-84.48880037,39.14431768
239035738,AGGRAVATED ROBBERY,2215,2231.0,-84.56647775,39.10947553
239035764,THEFT,220,2214.0,-84.56061885,39.15681265
239036075,CRIMINAL DAMAGING/ENDANGERING,220,180.0,-84.56189582,39.10656069
239035803,ASSAULT,220,2212.0,-84.5035116,39.12786393
239035759,BURGLARY,220,40.0,-84.54598851,39.18970389
239035753,CRIMINAL DAMAGING/ENDANGERING,220,40.0,-84.4858424,39.14604027
239035736,ASSAULT,220,2212.0,-84.5031116,39.12664393
239035740,ASSAULT,220,225.0,-84.50813877,39.13222822
239035728,BURGLARY,2130,2136.0,-84.47352154,39.1660931
239035730,AGGRAVATED MENACING,2120,2130.0,-84.4802273,39.19541413
239035765,THEFT,210,60.0,-84.5891216,39.10030138
239035763,THEFT,210,90.0,-84.486714,39.148268
239035733,ROBBERY,2040,2041.0,-84.57140683,39.10879268
239035718,THEFT,1910,1914.0,-84.4429099,39.14335797
239035771,BREAKING AND ENTERING,190,60.0,-84.53162805,39.10899648
239035716,DOMESTIC VIOLENCE,190,194.0,-84.55190116,39.1038587
239035715,THEFT,1842,1852.0,-84.50996235,39.13189834
239035808,CRIMINAL DAMAGING/ENDANGERING,1830,1526.0,-84.56201577,39.18449868
239035729,CRIMINAL DAMAGING/ENDANGERING,1830,1830.0,-84.56186624,39.09357798
239035721,THEFT,1824,1829.0,-84.38924171,39.10374927
239036684,THEFT,1810,1820.0,-84.57161683,39.10923268
239035956,AGGRAVATED ROBBERY,180,180.0,-84.45740436,39.20201675
239035783,THEFT,180,210.0,-84.56703538,39.12203558
239035746,THEFT,180,20.0,-84.51037915,39.12167297
239035746,CRIMINAL DAMAGING/ENDANGERING,180,20.0,-84.50971915,39.12191297
239035722,THEFT,1746,1746.0,-84.57257683,39.10990268
239035813,THEFT,170,1715.0,-84.58999576,39.1262122
239035742,THEFT,170,230.0,-84.56063804,39.12672283
239036418,THEFT,1630,82.0,-84.64896101,39.09382551
239035711,BURGLARY,1615,179.0,-84.51866192,39.17608153
239035713,AGGRAVATED ROBBERY,160,1610.0,-84.51536515,39.18965702
239035702,ASSAULT,1530,160.0,-84.60336899,39.15476233
239035707,ASSAULT,1530,1545.0,-84.51131164,39.1009784
239035698,ASSAULT,1530,1533.0,-84.51324991,39.16893676
239035769,THEFT,150,0.0,-84.50994915,39.12050297
239036094,ASSAULT,150,152.0,-84.50666684,39.12070491
239037630,THEFT,1440,1452.0,-84.61797237,39.14220065
239035691,BURGLARY,148,1411.0,-84.45592268,39.19201205
239035691,BURGLARY,148,1411.0,-84.45560268,39.19133205
239035690,AGGRAVATED MENACING,141,142.0,-84.42541583,39.15335215
239035696,THEFT,130,1330.0,-84.60210942,39.15445479
239035672,CRIMINAL DAMAGING/ENDANGERING,121,121.0,-84.50479477,39.14782399
239035672,DOMESTIC VIOLENCE,121,121.0,-84.50455477,39.14676399
239035724,THEFT,120,170.0,-84.59117817,39.10776815
239035680,THEFT,120,1351.0,-84.50596497,39.13413829
239035667,CRIMINAL DAMAGING/ENDANGERING,1150,125.0,-84.61545418,39.14850893
239035666,ASSAULT,1145,1155.0,-84.52820079,39.11463632
239035664,THEFT,1140,1147.0,-84.59672547,39.12699764
239035681,THEFT,920,1230.0,-84.45802852,39.1920111
239035648,THEFT,750,753.0,-84.53988806,39.20233314
239035647,ENDANGERING CHILDREN,730,817.0,-84.45840436,39.20199675
239035650,IMPROPERLY DISCHARGING FIREARM AT/INTO HABITATION/SCHOOL,60,610.0,-84.60685267,39.13688642
239035693,TELEPHONE HARASSMENT,50,1420.0,-84.4740486,39.13492212
239035645,THEFT,50,745.0,-84.43465862,39.11456573
239035636,AGGRAVATED BURGLARY,50,540.0,-84.57916998,39.12432731
239035636,,50,540.0,-84.57887998,39.12406731
239035660,THEFT,40,430.0,-84.53694014,39.15914224
239035639,THEFT,330,630.0,-84.40126119,39.15552246
239035631,ASSAULT,230,248.0,-84.4852845,39.1517985
239035630,AGGRAVATED MENACING,140,142.0,-84.57920818,39.1398011
239035629,AGGRAVATED MENACING,130,145.0,-84.61846849,39.08317716
239035628,DOMESTIC VIOLENCE,45,10.0,-84.55845684,39.14353989
239036431,BURGLARY,0,1120.0,-84.57213538,39.12337485
239036111,BREAKING AND ENTERING,0,2359.0,-84.56959704,39.12191422
239036104,BURGLARY,0,200.0,-84.51872293,39.18998392
239035811,THEFT,0,60.0,-84.40171095,39.15500056
239035669,THEFT,0,70.0,-84.39746483,39.16148114
239035627,THEFT,2338,2338.0,-84.61164543,39.14995387
239035617,CRIMINAL DAMAGING/ENDANGERING,234,238.0,-84.3902536,39.16168017
239035640,THEFT,230,655.0,-84.6183355,39.14571832
239035626,THEFT,2247,2247.0,-84.61326543,39.14846387
239035622,THEFT,2230,2314.0,-84.42798249,39.161133
239035638,THEFT,2130,630.0,-84.5822616,39.14199624
239035688,THEFT,215,230.0,-84.42563514,39.15680491
239035674,THEFT,2030,110.0,-84.48746465,39.15385848
239035632,CRIMINAL DAMAGING/ENDANGERING,200,30.0,-84.52747165,39.14196174
239035606,THEFT,1952,1953.0,-84.51791346,39.12773491
239035606,THEFT,1952,1953.0,-84.51720346,39.12721491
239035655,THEFT,190,80.0,-84.53478053,39.15914249
239035655,BREAKING AND ENTERING,190,80.0,-84.53424053,39.16008249
239035609,BURGLARY,1830,1930.0,-84.56789483,39.10780116
239035603,THEFT,1825,1830.0,-84.4423484,39.14042079
239035653,THEFT,180,80.0,-84.42585369,39.18403214
239035601,MENACING,1750,1758.0,-84.57369903,39.09370675
239035602,THEFT,1640,1710.0,-84.61132878,39.13000603
239035625,THEFT,1525,1530.0,-84.5202386,39.12830228
239035695,THEFT,150,1330.0,-84.55201529,39.12069909
239035553,ASSAULT,1455,1510.0,-84.60034027,39.12459592
239037361,THEFT,1440,1445.0,-84.61826237,39.14193065
249000332,FORGERY,1430,1445.0,-84.51030321,39.12673859
239036083,BREAKING AND ENTERING,140,90.0,-84.56337451,39.1292966
239035583,THEFT,1353,1356.0,-84.58397052,39.11431053
239035585,THEFT,1345,1355.0,-84.48479129,39.19008705
239035588,THEFT,1345,1355.0,-84.4835037,39.1902771
239035579,,1340,1345.0,-84.59146816,39.08110852
239035584,MENACING,1331,1334.0,-84.48457148,39.1545955
239036728,THEFT,1330,1430.0,-84.51106915,39.12103297
239035573,THEFT,1255,1258.0,-84.57872615,39.11368609
239035828,THEFT,1211,2050.0,-84.49002175,39.128249
239036165,TAKING THE IDENTITY OF ANOTHER,120,120.0,-84.50717621,39.11212421
239035608,THEFT,120,190.0,-84.59100487,39.13057424
239035572,ASSAULT,1130,1149.0,-84.40937214,39.16498912
239035555,DOMESTIC VIOLENCE,920,921.0,-84.49949602,39.15202504
239035770,THEFT,90,930.0,-84.47882013,39.13584488
239035616,BURGLARY,630,210.0,-84.61097286,39.13333511
239035596,THEFT,630,1643.0,-84.51555894,39.1269324
239033677,IMPROPERLY DISCHARGING FIREARM AT/INTO HABITATION/SCHOOL,60,70.0,-84.60092522,39.13240134
239035646,THEFT,20,90.0,-84.48582942,39.14682911
239035824,THEFT,0,0.0,-84.54539531,39.20340631
239035589,,0,150.0,-84.56234914,39.10282203
239035589,VIOLATE PROTECTION ORDER/CONSENT AGREEMENT,0,150.0,-84.56205914,39.10317203
239035575,THEFT,0,1344.0,-84.51343928,39.14943534
239035536,CRIMINAL DAMAGING/ENDANGERING,2325,2331.0,-84.56276641,39.11516742
239035564,BREAKING AND ENTERING,230,0.0,-84.45460763,39.19850573
239035532,THEFT,2233,2234.0,-84.5390734,39.16365362
239035552,THEFT,2230,60.0,-84.50719276,39.12723888
239035529,FELONIOUS ASSAULT,2220,2225.0,-84.59514091,39.11024242
239035604,THEFT,220,190.0,-84.52511033,39.14157426
239035581,THEFT,220,130.0,-84.59058666,39.14888376
239035534,ASSAULT,220,229.0,-84.39400894,39.16239711
239035539,THEFT,2130,2225.0,-84.56740233,39.20182742
239035530,FELONIOUS ASSAULT,2130,2149.0,-84.5490088,39.16647604
239035566,BURGLARY,210,90.0,-84.51625217,39.18883366
239035551,THEFT,210,740.0,-84.56604128,39.19701077
239035550,CRIMINAL DAMAGING/ENDANGERING,210,70.0,-84.43536899,39.17514093
239035527,CRIMINAL DAMAGING/ENDANGERING,2056,210.0,-84.59370645,39.11055797
239035526,ASSAULT,2050,2055.0,-84.59397645,39.10944797
239035546,THEFT,2030,50.0,-84.57697812,39.19146217
239035557,THEFT,2030,2030.0,-84.42504275,39.1615693
239035913,THEFT,200,80.0,-84.4863049,39.15458497
239035521,ASSAULT,1850,1855.0,-84.57630436,39.12345175
239035521,AGGRAVATED ROBBERY,1850,1855.0,-84.57534436,39.12293175
239035517,THEFT,180,1835.0,-84.59363268,39.1283056
239035599,THEFT,1740,180.0,-84.61711672,39.14185739
239035515,AGGRAVATED MENACING,1740,1748.0,-84.59894395,39.12012125
239036432,THEFT,170,90.0,-84.55868071,39.12950434
239035511,ASSAULT,1650,1653.0,-84.54006168,39.14695499
239035533,ASSAULT,1630,170.0,-84.54400114,39.19664162
239035692,THEFT,1615,1645.0,-84.47621526,39.14017119
239035562,THEFT,1550,160.0,-84.61003878,39.13133603
249C000012,THEFT,1449,180.0,-84.50747261,39.12852595
239035507,THEFT,1310,1311.0,-84.51435332,39.1084788
239035569,THEFT,120,930.0,-84.53701014,39.16044224
239035610,BURGLARY,120,450.0,-84.55185811,39.11094701
239035481,THEFT,1030,1040.0,-84.51452167,39.10983594
239035480,DOMESTIC VIOLENCE,910,910.0,-84.55315278,39.1039064
239035499,THEFT,755,140.0,-84.5130198,39.10334701
239035561,THEFT,720,730.0,-84.57224599,39.11064567
239035471,THEFT,655,70.0,-84.56302074,39.10557862
239035470,FELONIOUS ASSAULT,60,615.0,-84.42791223,39.065197
239035465,BREAKING AND ENTERING,430,50.0,-84.48828638,39.12625741
239035467,ENDANGERING CHILDREN,140,141.0,-84.59264609,39.13161842
239035462,ROBBERY,135,140.0,-84.46653539,39.1744145
239035468,CRIMINAL DAMAGING/ENDANGERING,130,155.0,-84.52712165,39.14088174
239035496,THEFT,115,220.0,-84.5555727,39.13091523
239035461,AGGRAVATED MENACING,10,18.0,-84.60147552,39.13227753
239036873,TAKING THE IDENTITY OF ANOTHER,0,2359.0,-84.5616469,39.10409894
239036416,THEFT,0,70.0,-84.50380591,39.1587721
239035568,THEFT,0,130.0,-84.59996343,39.11319575
239035472,THEFT,0,62.0,-84.59222124,39.11020352
239035469,THEFT,0,545.0,-84.58142319,39.11544517
239035479,THEFT,230,1018.0,-84.40203298,39.13368118
239035514,THEFT,2230,40.0,-84.57844629,39.14234972
239035477,THEFT,220,90.0,-84.41202002,39.1561054
239035455,DOMESTIC VIOLENCE,2140,2142.0,-84.49896574,39.1067447
239035475,THEFT,2130,60.0,-84.5986547,39.11618829
239035621,ASSAULT,210,220.0,-84.54109085,39.19366563
239035447,AGGRAVATED MENACING,2030,210.0,-84.55415558,39.16562138
239035463,AGGRAVATED MENACING,2025,2029.0,-84.49150001,39.14029777
249C000010,THEFT,1945,1945.0,-84.53046431,39.10383832
239035503,THEFT,1919,1930.0,-84.61184988,39.13127081
239035453,CRIMINAL DAMAGING/ENDANGERING,190,2233.0,-84.56133699,39.15736261
239035440,THEFT,190,1930.0,-84.51037132,39.12896258
239035437,CRIMINAL DAMAGING/ENDANGERING,1845,192.0,-84.51471244,39.10933265
239035436,THEFT,1840,1845.0,-84.45882839,39.20522364
239035434,THEFT,180,1822.0,-84.4920012,39.1472409
239035435,THEFT,1755,184.0,-84.54193168,39.14723499
239035429,THEFT,1735,1743.0,-84.51519167,39.11033594
239036215,BREAKING AND ENTERING,170,1652.0,-84.52534287,39.14487886
239035433,THEFT,1645,1650.0,-84.5235739,39.11711193
239035487,THEFT,160,122.0,-84.60113783,39.11149607
239035516,,1555,1555.0,-84.51533242,39.10982073
239035430,ASSAULT,1530,1540.0,-84.4919951,39.13828513
239035454,BURGLARY,1510,180.0,-84.45868129,39.19174278
239036276,THEFT,150,1530.0,-84.53360994,39.20154095
239036895,THEFT,1443,170.0,-84.53386994,39.20175095
239035483,THEFT,1417,1430.0,-84.4805471,39.17626272
239035420,THEFT,1340,140.0,-84.51362718,39.1042919
239035443,BURGLARY,1330,150.0,-84.58634524,39.12947754
239035418,THEFT,1240,1243.0,-84.42624287,39.1607681
239035490,AGGRAVATED ROBBERY,1220,1230.0,-84.54949222,39.1919791
239035476,CRIMINAL DAMAGING/ENDANGERING,120,830.0,-84.494719,39.11037319
239035407,ASSAULT,1151,1151.0,-84.56617975,39.14678173
239036097,ASSAULT,1139,120.0,-84.60065027,39.12542592
239035401,THEFT,1050,110.0,-84.5691319,39.10823299
239036077,THEFT,1045,850.0,-84.53554125,39.11817432
239035395,THEFT,935,939.0,-84.42808272,39.14636679
239035390,THEFT,855,857.0,-84.45758758,39.18879723
239035449,THEFT,830,180.0,-84.59837342,39.13099563
239035473,THEFT,80,170.0,-84.49514997,39.12336404
239035460,CRIMINAL DAMAGING/ENDANGERING,80,2144.0,-84.49611779,39.14877879
239035460,BURGLARY,80,2144.0,-84.49570779,39.14843879
239035441,THEFT,80,1952.0,-84.59490487,39.1269091
239035402,THEFT,755,80.0,-84.45189196,39.14157568
239036130,THEFT,70,160.0,-84.51706998,39.14466084
239035549,CRIMINAL DAMAGING/ENDANGERING,530,614.0,-84.51603383,39.11127076
239035431,CRIMINAL DAMAGING/ENDANGERING,430,745.0,-84.51641326,39.11806385
239035391,THEFT,40,60.0,-84.49393973,39.12578981
239035391,THEFT,40,60.0,-84.49252973,39.12587981
239035381,BREAKING AND ENTERING,255,36.0,-84.48905224,39.1345376
239035398,THEFT,230,543.0,-84.49397946,39.12386672
239035392,THEFT,20,40.0,-84.49425882,39.11866361
239035413,CRIMINAL DAMAGING/ENDANGERING,10,110.0,-84.45137541,39.13873369
239036306,FELONIOUS ASSAULT,30,30.0,-84.51264174,39.14062132
239036742,THEFT,0,1914.0,-84.49701527,39.14249048
239035428,CRIMINAL DAMAGING/ENDANGERING,0,1550.0,-84.56210624,39.09317798
239035388,CRIMINAL DAMAGING/ENDANGERING,0,50.0,-84.49549675,39.12929351
239035388,THEFT,0,50.0,-84.49475675,39.12948351
239035376,MENACING,2330,2340.0,-84.58456407,39.1139002
239035383,THEFT,2310,650.0,-84.46552281,39.14533128
239035451,THEFT,230,70.0,-84.53713426,39.13594344
249C000008,CRIMINAL DAMAGING/ENDANGERING,230,70.0,-84.43161263,39.18752018
239035371,ROBBERY,2250,232.0,-84.48923527,39.14464888
239035394,THEFT,2230,930.0,-84.52587474,39.13475812
239035384,THEFT,2230,70.0,-84.57796563,39.11082177
239035400,THEFT,210,110.0,-84.57908616,39.10830404
239035389,THEFT,210,80.0,-84.49467646,39.11046132
239035367,AGGRAVATED ROBBERY,210,2125.0,-84.56585633,39.18851685
239036074,,2044,2045.0,-84.51541965,39.10913123
239035364,THEFT,2029,2030.0,-84.6044027,39.13193136
239036081,,2025,2026.0,-84.51624988,39.11133166
239035365,THEFT,2020,2025.0,-84.52018359,39.12774686
239035369,THEFT,1945,1947.0,-84.50554762,39.13972993
249C000007,THEFT,1922,135.0,-84.59407022,39.11573713
239035366,FELONIOUS ASSAULT,1830,1915.0,-84.45786306,39.2070107
239035417,THEFT,180,120.0,-84.55150529,39.12168909
239035385,CRIMINAL DAMAGING/ENDANGERING,1730,1730.0,-84.5039434,39.15759872
239035598,THEFT,170,190.0,-84.4308903,39.16277107
239035362,CRIMINAL DAMAGING/ENDANGERING,170,1915.0,-84.49611109,39.14204872
239035359,THEFT,170,1854.0,-84.57666805,39.14314851
239035720,THEFT,1630,1830.0,-84.55196613,39.12917034
239035347,BURGLARY,1520,1520.0,-84.56989957,39.0901956
239035344,MENACING,1452,1452.0,-84.46406251,39.14523268
239035352,THEFT,140,1749.0,-84.61917728,39.1447023
239036372,FORGERY,1336,1336.0,-84.53742044,39.1367654
239035340,THEFT,135,1337.0,-84.58042529,39.13875283
239035382,THEFT,1230,1240.0,-84.49739869,39.11776268
239035339,THEFT,126,126.0,-84.56143421,39.15745016
239035397,CRIMINAL DAMAGING/ENDANGERING,120,930.0,-84.42950532,39.18465222
239035334,BURGLARY,1130,1130.0,-84.58836547,39.14183621
239035332,THEFT,1120,1123.0,-84.4552891,39.20492533
239035348,THEFT,1045,1230.0,-84.46327235,39.20367832
239035412,THEFT,80,1338.0,-84.53106259,39.13798481
239035326,AGGRAVATED MENACING,750,759.0,-84.50452737,39.16026722
239035324,FELONIOUS ASSAULT,415,447.0,-84.40342019,39.16073552
239035328,THEFT,40,70.0,-84.55224876,39.11632812
239035399,THEFT,330,410.0,-84.53572272,39.13511458
239035320,ASSAULT,330,338.0,-84.5633105,39.18550069
239035321,FELONIOUS ASSAULT,320,342.0,-84.51001678,39.17863425
239035319,DOMESTIC VIOLENCE,310,320.0,-84.50943851,39.14891242
239035318,THEFT,25,27.0,-84.38903168,39.15649718
239035411,THEFT,20,30.0,-84.55954684,39.14410989
239035355,THEFT,20,1130.0,-84.51522832,39.14534538
239035333,CRIMINAL DAMAGING/ENDANGERING,20,1130.0,-84.56363955,39.18348138
239035317,CRIMINAL DAMAGING/ENDANGERING,140,145.0,-84.51688664,39.11709818
239035316,FELONIOUS ASSAULT,135,139.0,-84.59385307,39.13037523
239035335,THEFT,120,50.0,-84.44298779,39.1435371
239035314,AGGRAVATED ROBBERY,20,35.0,-84.51206075,39.18428585
239035404,,1,2359.0,-84.51083537,39.11883918
239035505,THEFT,0,180.0,-84.53279265,39.16128707
239035360,THEFT,0,120.0,-84.52848865,39.13105443
239035338,THEFT,0,110.0,-84.49206014,39.12979945
239035322,CRIMINAL DAMAGING/ENDANGERING,0,520.0,-84.53091337,39.10274928
239035313,BURGLARY,0,10.0,-84.54714347,39.19099786
239033018,CRIMINAL DAMAGING/ENDANGERING,230,2314.0,-84.51464548,39.10039249
239035312,AGGRAVATED MENACING,2230,2248.0,-84.48779224,39.1333876
239035308,ASSAULT,220,2232.0,-84.51337939,39.14193055
239035309,DOMESTIC VIOLENCE,210,217.0,-84.56883876,39.14395091
239035299,DOMESTIC VIOLENCE,2015,2019.0,-84.41684529,39.1910255
239035301,IMPROPERLY DISCHARGING FIREARM AT/INTO HABITATION/SCHOOL,2010,2017.0,-84.52038795,39.1813586
239035346,ASSAULT,200,210.0,-84.53268602,39.14147428
239035346,,200,210.0,-84.53087602,39.14174428
239035336,CRIMINAL DAMAGING/ENDANGERING,200,15.0,-84.56470401,39.114428
239035306,ASSAULT,200,210.0,-84.58112667,39.11923854
239035295,ASSAULT,1953,1958.0,-84.57521903,39.09339675
239035493,THEFT,1915,1940.0,-84.52843782,39.11468989
239035300,THEFT,180,210.0,-84.49147436,39.11820879
239035288,THEFT,180,1830.0,-84.61129878,39.13096603
239035285,THEFT,1745,1754.0,-84.57673297,39.15414241
239035331,CRIMINAL DAMAGING/ENDANGERING,1730,70.0,-84.42884791,39.1339324
239035354,CRIMINAL DAMAGING/ENDANGERING,170,180.0,-84.57321475,39.12388045
239035349,CRIMINAL DAMAGING/ENDANGERING,170,50.0,-84.56265188,39.17805238
249C000006,THEFT,1645,2115.0,-84.52733507,39.10554338
239035284,ASSAULT,1645,1652.0,-84.57567771,39.11599526
239035310,BURGLARY,1625,1630.0,-84.45755573,39.20586383
239035291,CRIMINAL DAMAGING/ENDANGERING,160,170.0,-84.55241609,39.14980711
239035291,THEFT,160,170.0,-84.55196609,39.15157711
239035281,THEFT,1517,1523.0,-84.43232509,39.14403991
239035276,UNAUTHORIZED USE OF MOTOR VEHICLE,1455,1457.0,-84.51568437,39.18766156
239035735,THEFT,1430,2030.0,-84.58447889,39.14624514
239035272,CRIMINAL DAMAGING/ENDANGERING,1315,1316.0,-84.56651683,39.10651459
COPY OF 239035323,THEFT,130,1330.0,-84.61608923,39.13433528
239035323,THEFT,130,1330.0,-84.61558923,39.13337528
239035268,THEFT,1121,1121.0,-84.42790249,39.162653
239035264,MENACING,1120,1130.0,-84.53694666,39.13687225
239035261,FELONIOUS ASSAULT,1110,1120.0,-84.46523199,39.17987171
239035265,THEFT,930,945.0,-84.42718249,39.161093
239035256,ASSAULT,740,743.0,-84.55886691,39.11963252
239035250,CRIMINAL DAMAGING/ENDANGERING,70,70.0,-84.56828758,39.14374505
239035247,THEFT,436,438.0,-84.55913278,39.12658311
239035271,ASSAULT,38,39.0,-84.48161131,39.16916956
239035242,THEFT,126,136.0,-84.51187268,39.12990844
239035275,THEFT,10,20.0,-84.51409415,39.10899384
239035252,CRIMINAL DAMAGING/ENDANGERING,37,90.0,-84.52739782,39.11453989
239036213,TAKING THE IDENTITY OF ANOTHER,0,150.0,-84.52442501,39.1487613
239035478,CRIMINAL DAMAGING/ENDANGERING,0,630.0,-84.47818328,39.18142509
239035246,THEFT,0,30.0,-84.51379518,39.11156587
239035238,AGGRAVATED ROBBERY,0,30.0,-84.56984252,39.10906158
239035239,ASSAULT,2350,0.0,-84.48458155,39.15200849
239035239,CRIMINAL DAMAGING/ENDANGERING,2350,0.0,-84.48456155,39.15045849
239035251,THEFT,2345,80.0,-84.60415421,39.12929582
239035405,THEFT,2330,1030.0,-84.59558822,39.15415442
239035243,AGGRAVATED ROBBERY,2330,2330.0,-84.57638427,39.13774129
239035248,THEFT,2315,730.0,-84.59232631,39.10538829
239035287,CRIMINAL DAMAGING/ENDANGERING,230,330.0,-84.51578944,39.10345476
239035287,THEFT,230,330.0,-84.51501944,39.10278476
239035270,,230,0.0,-84.49045291,39.14232278
239035270,FELONIOUS ASSAULT,230,0.0,-84.48935291,39.14255278
239035245,THEFT,230,130.0,-84.51419006,39.10147825
239035228,ASSAULT,2210,2227.0,-84.53491847,39.10607119
239035358,THEFT,220,60.0,-84.55648389,39.13129271
239035229,ASSAULT,220,224.0,-84.49090645,39.13047553
239035231,CRIMINAL DAMAGING/ENDANGERING,2130,220.0,-84.59238563,39.10764764
239035554,THEFT,210,80.0,-84.47697098,39.12955496
239035368,THEFT,2030,2050.0,-84.60092463,39.12449866
239035249,THEFT,2030,2130.0,-84.49238287,39.12385862
239035223,THEFT,2030,2035.0,-84.51020078,39.12846751
239035257,ASSAULT,208,2038.0,-84.5691576,39.1450707
239035293,CRIMINAL DAMAGING/ENDANGERING,200,210.0,-84.52690877,39.11411877
239035221,THEFT,200,2058.0,-84.42567817,39.1621548
239035259,BREAKING AND ENTERING,1930,1030.0,-84.51977934,39.11559979
239036330,UNAUTHORIZED USE OF MOTOR VEHICLE,1916,721.0,-84.53691125,39.11941432
239035260,THEFT,195,1915.0,-84.51048078,39.12930751
239035506,THEFT,185,1810.0,-84.51071961,39.10916535
239035330,THEFT,180,90.0,-84.59000308,39.14737534
239035216,THEFT,180,1815.0,-84.51234537,39.10771764
239035277,FELONIOUS ASSAULT,1745,180.0,-84.51108805,39.10175459
239035213,THEFT,1740,1745.0,-84.57268683,39.10896268
239035226,DOMESTIC VIOLENCE,1620,1650.0,-84.42668287,39.1610381
239035226,AGGRAVATED MENACING,1620,1650.0,-84.42643287,39.1600681
239035205,DOMESTIC VIOLENCE,1611,1616.0,-84.60293054,39.14593313
239035206,CRIMINAL DAMAGING/ENDANGERING,160,1630.0,-84.43980514,39.14591274
239035219,CRIMINAL DAMAGING/ENDANGERING,1540,1545.0,-84.42501181,39.16106723
239035709,DOMESTIC VIOLENCE,1537,1638.0,-84.41534397,39.11846967
239035204,MENACING,150,153.0,-84.58426291,39.10969327
239035217,THEFT,1438,1438.0,-84.40421309,39.18518292
239035199,,1430,1435.0,-84.58949127,39.10499371
239035194,FELONIOUS ASSAULT,1330,1414.0,-84.55200131,39.12365675
239035194,,1330,1414.0,-84.55186131,39.12353675
239035195,THEFT,1330,140.0,-84.42710249,39.161013
239035665,THEFT,1146,1150.0,-84.54807976,39.2034291
239035187,THEFT,1145,1250.0,-84.50547211,39.10897561
239035181,ASSAULT,1130,1144.0,-84.51978748,39.18915618
239035644,THEFT,110,858.0,-84.50307221,39.12732774
239035171,CRIMINAL DAMAGING/ENDANGERING,1040,1045.0,-84.48945788,39.15033535
239035294,ASSAULT,1025,1030.0,-84.54834585,39.20157827
239035191,THEFT,1010,1010.0,-84.48831468,39.12583013
239035167,THEFT,90,921.0,-84.42774773,39.18114089
239035167,ASSAULT,90,921.0,-84.42660773,39.18069089
239037527,THEFT,80,10.0,-84.60427536,39.13257231
239037051,THEFT,80,230.0,-84.4221155,39.11127705
239035160,AGGRAVATED MENACING,625,629.0,-84.49437209,39.14970482
239035159,DOMESTIC VIOLENCE,50,530.0,-84.56771583,39.10203161
239035153,DOMESTIC VIOLENCE,150,157.0,-84.59553292,39.12926012
239035269,THEFT,10,60.0,-84.46786995,39.21075587
239035150,ASSAULT,20,25.0,-84.56618373,39.18916839
239035150,CRIMINAL DAMAGING/ENDANGERING,20,25.0,-84.56567373,39.18808839
249000141,FORGERY,0,120.0,-84.5371905,39.13865564
239037626,,0,0.0,-84.37989238,39.08226863
239037483,BURGLARY,0,0.0,-84.46732465,39.13022423
239036973,THEFT,0,0.0,-84.48601111,39.151243
239036426,DOMESTIC VIOLENCE,0,2359.0,-84.58364045,39.10823153
239036174,THEFT,0,0.0,-84.41737679,39.12268998
239035292,THEFT,0,120.0,-84.46535129,39.19511603
239035210,THEFT,2130,1830.0,-84.51115736,39.11518172
239035142,THEFT,2130,2133.0,-84.57267566,39.12357968
239035149,CRIMINAL DAMAGING/ENDANGERING,2120,2133.0,-84.51223888,39.11957815
239035170,THEFT,210,100.0,-84.57733969,39.20326629
239035136,THEFT,2040,2045.0,-84.52403707,39.11047911
239035188,BREAKING AND ENTERING,2030,915.0,-84.51290025,39.11041873
239035132,THEFT,2030,2040.0,-84.43345568,39.14529525
239035132,THEFT,2030,2040.0,-84.43189568,39.14571525
239035133,THEFT,2020,2021.0,-84.54515761,39.16241458
239035143,ASSAULT,1955,202.0,-84.60136463,39.12417866
239035143,THEFT,1955,202.0,-84.60046463,39.12409866
239035207,AGGRAVATED ROBBERY,1930,1940.0,-84.57143601,39.12521376
239035215,THEFT,1930,2350.0,-84.59659062,39.12795252
239035148,FELONIOUS ASSAULT,1930,1940.0,-84.55951638,39.15761129
239035141,CRIMINAL DAMAGING/ENDANGERING,1910,1920.0,-84.56156989,39.17843878
239035157,CRIMINAL DAMAGING/ENDANGERING,190,444.0,-84.51326247,39.11575987
239035157,THEFT,190,444.0,-84.51250247,39.11484987
239035138,,190,1930.0,-84.55116286,39.14089756
239035587,MENACING,1845,1845.0,-84.56769807,39.11000097
239035120,TELEPHONE HARASSMENT,1825,1833.0,-84.43533889,39.14877936
239035168,THEFT,180,750.0,-84.57427197,39.14480392
239035129,THEFT,180,190.0,-84.62230701,39.14426442
239035118,ASSAULT,180,180.0,-84.53114218,39.10803688
239035161,THEFT,170,60.0,-84.51213432,39.11550225
239035109,THEFT,1635,1635.0,-84.60501512,39.13724475
239035124,TELEPHONE HARASSMENT,160,1730.0,-84.57950653,39.12415643
239035107,AGGRAVATED MENACING,1545,1550.0,-84.4263764,39.1534976
239035162,BREAKING AND ENTERING,1530,50.0,-84.55187026,39.10604421
239035113,THEFT,1530,1540.0,-84.42986647,39.1447954
239035779,CRIMINAL DAMAGING/ENDANGERING,150,1016.0,-84.50058162,39.15270949
239035201,THEFT,1456,1458.0,-84.42393695,39.14700196
239035101,AGGRAVATED ROBBERY,1420,1430.0,-84.51643116,39.11555399
239035100,THEFT,1412,1415.0,-84.58436114,39.14413577
239036178,THEFT,140,160.0,-84.59020807,39.14202635
239035190,CRIMINAL DAMAGING/ENDANGERING,140,140.0,-84.47019638,39.1721958
239035106,THEFT,140,1530.0,-84.49723158,39.14698597
239035105,CRIMINAL DAMAGING/ENDANGERING,140,150.0,-84.51015183,39.11248428
239017036,THEFT,1355,140.0,-84.45903299,39.19738219
239035094,BURGLARY,1315,1320.0,-84.56465677,39.11415465
249C000009,THEFT,1228,1328.0,-84.39791657,39.15202035
239035085,THEFT,1213,1214.0,-84.56583116,39.11130241
239035144,CRIMINAL DAMAGING/ENDANGERING,120,220.0,-84.53725516,39.11971778
239035717,THEFT,1154,120.0,-84.6198245,39.14418793
239035087,FELONIOUS ASSAULT,1150,120.0,-84.48459777,39.15452527
239035092,THEFT,110,1115.0,-84.53312166,39.11471746
249C000003,CRIMINAL DAMAGING/ENDANGERING,90,170.0,-84.41294728,39.12029244
239035211,THEFT,80,2045.0,-84.49902513,39.14677315
239035163,CRIMINAL DAMAGING/ENDANGERING,730,730.0,-84.52768865,39.12959443
239035062,CRIMINAL DAMAGING/ENDANGERING,60,610.0,-84.55832799,39.1407207
239035078,BREAKING AND ENTERING,58,515.0,-84.49314473,39.12354721
239035059,ASSAULT,428,438.0,-84.54831911,39.12747801
239035056,THEFT,311,315.0,-84.57845788,39.14433291
239035054,ASSAULT,240,245.0,-84.51046828,39.10130872
239035051,FELONIOUS ASSAULT,230,246.0,-84.57815725,39.13876768
239035052,THEFT,20,26.0,-84.45764348,39.20314472
239035050,ASSAULT,130,144.0,-84.68591242,39.10788239
239035116,THEFT,127,129.0,-84.37819675,39.09962628
239035049,THEFT,10,130.0,-84.50251459,39.14132934
239035518,AGGRAVATED ROBBERY,10,130.0,-84.52743542,39.14696338
239036093,THEFT,0,0.0,-84.60659708,39.12943437
239035558,BREAKING AND ENTERING,0,90.0,-84.49499566,39.14298374
239035184,TAKING THE IDENTITY OF ANOTHER,0,0.0,-84.54406312,39.17573674
239035076,CRIMINAL DAMAGING/ENDANGERING,0,70.0,-84.46830881,39.17301517
239035084,BURGLARY,230,1030.0,-84.56790683,39.10559459
239035039,ASSAULT,2210,2215.0,-84.46378251,39.14449268
239035075,THEFT,220,715.0,-84.58915434,39.10653986
239035175,CRIMINAL DAMAGING/ENDANGERING,2147,220.0,-84.45746582,39.19847486
239035046,DOMESTIC VIOLENCE,210,58.0,-84.49631585,39.14189976
239035041,AGGRAVATED MENACING,210,2115.0,-84.45838573,39.20577383
239035041,THEFT,210,2115.0,-84.45774573,39.20574383
239035036,VIOLATE PROTECTION ORDER/CONSENT AGREEMENT,210,2113.0,-84.5682076,39.1452707
239035112,THEFT,2033,48.0,-84.5155976,39.10007824
239035031,THEFT,2030,2035.0,-84.526591,39.12227995
239035032,MENACING,2010,2030.0,-84.47003151,39.16709281
239035077,THEFT,1930,100.0,-84.53155318,39.13954828
239035026,ASSAULT,190,1930.0,-84.58849337,39.12899943
239035026,DOMESTIC VIOLENCE,190,1930.0,-84.58792337,39.13006943
239035021,MENACING,180,190.0,-84.45769852,39.1929511
239035017,MENACING,180,185.0,-84.59509037,39.12343534
239035066,CRIMINAL DAMAGING/ENDANGERING,170,730.0,-84.53312805,39.10960648
239035009,CRIMINAL DAMAGING/ENDANGERING,1620,1625.0,-84.47232987,39.17579333
239035006,MENACING,1510,1521.0,-84.61009388,39.11465391
239035003,AGGRAVATED MENACING,1510,1515.0,-84.57105607,39.10630244
239035003,MENACING,1510,1515.0,-84.57087607,39.10585244
239034996,AGGRAVATED MENACING,1455,155.0,-84.55078947,39.16966286
239034998,THEFT,1440,1448.0,-84.60943878,39.12999603
239035179,THEFT,140,190.0,-84.39807042,39.15968345
239034994,BURGLARY,1340,1345.0,-84.58194197,39.15415747
239035212,THEFT,130,170.0,-84.50438468,39.12973922
239034983,ASSAULT,1254,1254.0,-84.60059569,39.13244859
239034983,THEFT,1254,1254.0,-84.60053569,39.13255859
239035111,THEFT,120,2130.0,-84.5174227,39.11241486
239035104,THEFT,1130,1415.0,-84.50684944,39.11710066
239034992,VIOLATE PROTECTION ORDER/CONSENT AGREEMENT,1030,1040.0,-84.56484556,39.11189938
239034976,TELEPHONE HARASSMENT,1019,1021.0,-84.56317427,39.17951696
239035282,THEFT,950,140.0,-84.50344463,39.12741241
239034970,CRIMINAL DAMAGING/ENDANGERING,945,950.0,-84.53035477,39.129372
239034966,MENACING,945,948.0,-84.54750299,39.20101282
239035173,ASSAULT,90,140.0,-84.55576976,39.11258169
239035001,BURGLARY,90,150.0,-84.45742337,39.20453821
239035019,THEFT,830,1830.0,-84.51783256,39.1266433
239034971,THEFT,550,612.0,-84.55316209,39.14919182
239035180,BURGLARY,140,150.0,-84.55765119,39.10441888
239036197,TAKING THE IDENTITY OF ANOTHER,0,0.0,-84.42888402,39.062206
239034953,FELONIOUS ASSAULT,2246,2248.0,-84.57789563,39.10943177
239034956,DOMESTIC VIOLENCE,220,2210.0,-84.57813563,39.10986177
239034945,CRIMINAL DAMAGING/ENDANGERING,2149,220.0,-84.3799196,39.1505563
239034945,ASSAULT,2149,220.0,-84.3797896,39.1503963
239034979,THEFT,2140,80.0,-84.56400592,39.11741759
239034943,DOMESTIC VIOLENCE,2110,2119.0,-84.57519695,39.11438026
239034944,DOMESTIC VIOLENCE,2040,210.0,-84.52640853,39.1070994
239034934,DOMESTIC VIOLENCE,209,2010.0,-84.56186828,39.15736653
239035408,THEFT,200,200.0,-84.51539888,39.10081453
239034948,THEFT,200,220.0,-84.42416275,39.1604793
239034948,THEFT,200,220.0,-84.42376275,39.1613893
239035008,THEFT,1935,1939.0,-84.59721062,39.12762252
239035025,FELONIOUS ASSAULT,1926,826.0,-84.57834653,39.12487643
239035025,ENDANGERING CHILDREN,1926,826.0,-84.57765653,39.12485643
239034932,THEFT,1925,1929.0,-84.42771272,39.14748679
239035172,THEFT,190,859.0,-84.45704519,39.19140965
239035080,CRIMINAL DAMAGING/ENDANGERING,190,120.0,-84.51093334,39.1127387
239034929,FELONIOUS ASSAULT,1830,1834.0,-84.55900416,39.15703406
239036778,THEFT,180,200.0,-84.57120603,39.14901826
239035029,THEFT,180,200.0,-84.50982488,39.13168745
239034926,ASSAULT,1750,189.0,-84.48935916,39.14384312
239034924,THEFT,1740,1755.0,-84.61816086,39.14441619
239C000666,THEFT,1730,2016.0,-84.52649971,39.16397607
239035027,CRIMINAL DAMAGING/ENDANGERING,1715,715.0,-84.61034279,39.11441363
239035027,THEFT,1715,715.0,-84.61005279,39.11441363
239035005,THEFT,170,160.0,-84.51763924,39.12678278
239035005,CRIMINAL DAMAGING/ENDANGERING,170,160.0,-84.51743924,39.12624278
239034961,THEFT,170,87.0,-84.55500812,39.10475505
239034918,THEFT,170,178.0,-84.51415712,39.12715625
239034937,TELEPHONE HARASSMENT,170,170.0,-84.47320012,39.15837423
239034937,DOMESTIC VIOLENCE,170,170.0,-84.47307012,39.15870423
239034922,AGGRAVATED ROBBERY,1645,1722.0,-84.52461437,39.12016624
239034922,AGGRAVATED ROBBERY,1645,1722.0,-84.52287437,39.12048624
239034931,THEFT,1530,1730.0,-84.50268855,39.12719425
239C000730,THEFT,1445,1755.0,-84.5311267,39.14004724
239034910,DOMESTIC VIOLENCE,1440,1442.0,-84.49186313,39.12156981
239035070,THEFT,139,139.0,-84.42484817,39.1610448
239035064,ASSAULT,130,1315.0,-84.40757273,39.16418064
239034935,THEFT,1259,1315.0,-84.48688431,39.14722443
239034899,THEFT,1237,1237.0,-84.53815426,39.13637845
239034894,DOMESTIC VIOLENCE,1150,1210.0,-84.59376251,39.13345778
239034905,THEFT,1133,1245.0,-84.6099619,39.13123343
239035560,THEFT,110,0.0,-84.51000643,39.10506121
239034960,ASSAULT,110,115.0,-84.54973222,39.1920791
249C000005,THEFT,945,1645.0,-84.52118562,39.09773873
239035014,THEFT,930,100.0,-84.5133385,39.14020135
COPY OF 239034885,ASSAULT,90,930.0,-84.56084803,39.15091016
239034885,ASSAULT,90,930.0,-84.55992803,39.15125016
239034888,BURGLARY,830,100.0,-84.58745489,39.08193811
239034939,THEFT,80,1830.0,-84.51128362,39.12377521
249C000004,THEFT,715,1550.0,-84.52003562,39.09752873
239034900,THEFT,60,1115.0,-84.52393278,39.11540043
239034917,CRIMINAL DAMAGING/ENDANGERING,530,160.0,-84.51622362,39.12747209
239035218,THEFT,50,530.0,-84.5887278,39.13159518
239034881,CRIMINAL DAMAGING/ENDANGERING,430,50.0,-84.48718384,39.14083782
239035060,THEFT,30,40.0,-84.55725,39.10798967
239034870,THEFT,30,34.0,-84.59514226,39.11271639
239034870,FELONIOUS ASSAULT,30,34.0,-84.59392226,39.11250639
239034878,THEFT,0,645.0,-84.5725336,39.12263319
239034871,THEFT,0,30.0,-84.46976927,39.13605855
239034863,CRIMINAL DAMAGING/ENDANGERING,2325,2325.0,-84.49585056,39.14350657
239034861,CRIMINAL DAMAGING/ENDANGERING,2322,2322.0,-84.46138313,39.17972978
239034867,THEFT,234,234.0,-84.54762591,39.17788621
239034868,CRIMINAL DAMAGING/ENDANGERING,2255,235.0,-84.46689881,39.17285517
239034883,THEFT,220,50.0,-84.55918365,39.15334466
239037357,THEFT,2143,2148.0,-84.42591817,39.1625048
239034860,MENACING,2130,2131.0,-84.52674983,39.09909822
239034866,ASSAULT,2025,2032.0,-84.54116085,39.19359563
239034865,MENACING,200,2010.0,-84.57851653,39.12506643
239034854,AGGRAVATED ROBBERY,190,190.0,-84.52569549,39.09465737
239034850,DOMESTIC VIOLENCE,1856,199.0,-84.58217687,39.14513356
239034862,THEFT,1836,2230.0,-84.51765346,39.12810491
239034843,THEFT,1830,1843.0,-84.51930526,39.113496
239034851,THEFT,184,1830.0,-84.42311499,39.15648169
239034930,THEFT,180,60.0,-84.41377544,39.18963934
239034877,THEFT,180,623.0,-84.57918821,39.11726887
239034842,DOMESTIC VIOLENCE,1745,1753.0,-84.48677964,39.14792079
239034869,BURGLARY,1730,2030.0,-84.51239499,39.14008366
239034848,THEFT,1725,1727.0,-84.5835699,39.11271477
239034845,THEFT,1647,1822.0,-84.52241854,39.13085109
239034886,TELEPHONE HARASSMENT,1555,1555.0,-84.47895833,39.12901286
239034879,THEFT,1530,620.0,-84.5555138,39.13032648
239034824,AGGRAVATED MENACING,1510,1517.0,-84.61351797,39.13415723
239034914,ASSAULT,150,1540.0,-84.53644061,39.19740588
239034820,THEFT,1410,1410.0,-84.61010878,39.13078603
239034846,CRIMINAL DAMAGING/ENDANGERING,1330,1750.0,-84.51855346,39.12839491
239034847,TELEPHONE HARASSMENT,130,1830.0,-84.56953284,39.1322149
239034817,THEFT,1245,1259.0,-84.62292831,39.14191421
239034811,MENACING,1240,1242.0,-84.53724855,39.15868267
239034923,THEFT,121,140.0,-84.48398129,39.12823752
239035117,THEFT,120,180.0,-84.51679426,39.12370983
239034962,THEFT,120,125.0,-84.55103222,39.1921991
239034806,THEFT,1130,1150.0,-84.50744406,39.1757614
239034805,THEFT,1130,120.0,-84.58555052,39.11304053
239034804,THEFT,1130,1139.0,-84.51165537,39.10671764
239034796,AGGRAVATED MENACING,1055,1110.0,-84.60274241,39.15519633
239034790,AGGRAVATED MENACING,945,946.0,-84.45882407,39.20593394
239034858,CRIMINAL DAMAGING/ENDANGERING,90,170.0,-84.52683983,39.09903822
239034831,CRIMINAL DAMAGING/ENDANGERING,90,150.0,-84.50870261,39.12982595
239034808,THEFT,80,815.0,-84.49178658,39.15411627
239034781,THEFT,30,60.0,-84.58649549,39.10952955
239034777,ASSAULT,245,31.0,-84.5659685,39.11609212
239034892,THEFT,10,110.0,-84.51766967,39.12808764
239034783,THEFT,0,719.0,-84.58358695,39.10439619
239034780,THEFT,2342,18.0,-84.47225232,39.1662512
239034812,THEFT,2230,30.0,-84.56290681,39.15166676
239034770,CRIMINAL DAMAGING/ENDANGERING,220,228.0,-84.49219367,39.11780764
239034767,THEFT,2130,2147.0,-84.51092268,39.12799844
239034757,ASSAULT,205,206.0,-84.43754185,39.11436155
239034802,THEFT,200,110.0,-84.52513217,39.13145401
239034784,THEFT,1936,80.0,-84.51480045,39.1251429
239034768,BREAKING AND ENTERING,1929,1934.0,-84.52088297,39.1139056
239034797,THEFT,190,70.0,-84.54744617,39.18874218
239034755,THEFT,190,1919.0,-84.51381157,39.16422513
239034758,ASSAULT,1830,1837.0,-84.45601871,39.20224996
239034758,CRIMINAL DAMAGING/ENDANGERING,1830,1837.0,-84.45529871,39.20250996
239034810,UNAUTHORIZED USE OF MOTOR VEHICLE,180,2330.0,-84.55278516,39.14395035
239C000742,THEFT,1748,190.0,-84.43843003,39.14022529
239034748,THEFT,1746,1750.0,-84.61344543,39.14853387
239034747,ASSAULT,1745,1750.0,-84.59744791,39.10972974
239035685,THEFT,170,180.0,-84.5507161,39.11735132
239034776,THEFT,170,2245.0,-84.60760493,39.13516704
239034740,ASSAULT,140,1430.0,-84.46203842,39.21469628
239034840,THEFT,130,170.0,-84.52347642,39.09730603
249C000001,THEFT,1215,1630.0,-84.51869586,39.10385707
239035491,ASSAULT,120,140.0,-84.50506871,39.11352299
239034743,THEFT,120,150.0,-84.51748117,39.10420943
239034743,CRIMINAL DAMAGING/ENDANGERING,120,150.0,-84.51730117,39.10349943
239034754,THEFT,1145,150.0,-84.51837849,39.10411297
239C000776,THEFT,110,130.0,-84.51527584,39.10544191
239034735,CRIMINAL DAMAGING/ENDANGERING,80,1546.0,-84.56064624,39.09279798
239034713,ASSAULT,625,630.0,-84.47565797,39.15791189
239034782,CRIMINAL DAMAGING/ENDANGERING,65,1330.0,-84.49291523,39.14270209
239034887,THEFT,430,445.0,-84.53149264,39.13042532
239034795,THEFT,40,939.0,-84.49194838,39.14913127
239034701,CRIMINAL DAMAGING/ENDANGERING,329,329.0,-84.49694392,39.1357371
239035426,ASSAULT,30,315.0,-84.49220303,39.10579288
239034727,BURGLARY,130,130.0,-84.54451489,39.16395934
239034751,THEFT,10,100.0,-84.60386657,39.13876798
239036902,THEFT,0,2359.0,-84.54769131,39.20113521
239034737,THEFT,0,140.0,-84.52291706,39.10877055
239034718,ASSAULT,2330,2340.0,-84.52124796,39.1408548
239C000651,CRIMINAL DAMAGING/ENDANGERING,230,1055.0,-84.39304273,39.16111619
239034720,CRIMINAL DAMAGING/ENDANGERING,2230,1020.0,-84.51360281,39.11054739
239034686,MENACING,2130,2154.0,-84.5024216,39.12859393
239034761,CRIMINAL DAMAGING/ENDANGERING,210,0.0,-84.51361778,39.12702486
239034766,THEFT,210,2141.0,-84.57291535,39.12488895
239034690,THEFT,210,2116.0,-84.61921728,39.1457523
239034889,BREAKING AND ENTERING,2041,2110.0,-84.67287194,39.09963132
239034980,CRIMINAL DAMAGING/ENDANGERING,200,215.0,-84.58636149,39.11336962
239034725,THEFT,200,210.0,-84.57210933,39.14092322
239034712,THEFT,200,50.0,-84.52274349,39.12524095
239034684,THEFT,1920,1930.0,-84.60300581,39.11428688
239034714,THEFT,190,70.0,-84.50325459,39.14020934
239034680,AGGRAVATED ROBBERY,190,194.0,-84.57515153,39.12249755
239034680,AGGRAVATED ROBBERY,190,194.0,-84.57480153,39.12301755
239035351,THEFT,1855,190.0,-84.54061539,39.16307018
239034682,THEFT,1845,190.0,-84.56064516,39.17975195
239034676,AGGRAVATED ROBBERY,1830,1835.0,-84.61385528,39.14757167
239034672,ASSAULT,1820,1830.0,-84.52842956,39.11547132
239034764,BURGLARY,180,180.0,-84.50356288,39.12932409
239034716,THEFT,180,740.0,-84.43517568,39.13313796
239035654,THEFT,1738,100.0,-84.38672689,39.09354039
239034787,CRIMINAL DAMAGING/ENDANGERING,1730,1630.0,-84.43368228,39.1743102
239034679,CRIMINAL DAMAGING/ENDANGERING,170,1920.0,-84.43002231,39.16093982
239034685,THEFT,1630,2021.0,-84.52263397,39.11332843
239034678,CRIMINAL DAMAGING/ENDANGERING,1630,170.0,-84.57985521,39.12509158
239034678,DOMESTIC VIOLENCE,1630,170.0,-84.57852521,39.12450158
239034982,BREAKING AND ENTERING,160,120.0,-84.68786057,39.10633552
239034959,THEFT,160,170.0,-84.42748287,39.1610281
239034700,BREAKING AND ENTERING,160,1635.0,-84.47171984,39.20036587
239034671,CRIMINAL DAMAGING/ENDANGERING,160,169.0,-84.52749948,39.11765903
239034671,ASSAULT,160,169.0,-84.52715948,39.11675903
239034662,AGGRAVATED ROBBERY,160,164.0,-84.59992854,39.11645652
239034666,DOMESTIC VIOLENCE,1536,1640.0,-84.50275758,39.15992818
239034673,CRIMINAL DAMAGING/ENDANGERING,150,180.0,-84.51861044,39.11883491
239034656,ASSAULT,1445,1455.0,-84.5097685,39.17718053
239034652,TELEPHONE HARASSMENT,1420,1422.0,-84.58847894,39.10619469
239034650,THEFT,1336,1346.0,-84.53894426,39.13590845
239034655,THEFT,1329,1330.0,-84.51458032,39.11305403
239034649,MENACING,130,137.0,-84.4921612,39.1457109
239034654,CRIMINAL DAMAGING/ENDANGERING,1230,1445.0,-84.5070239,39.11095485
239034646,THEFT,1215,1222.0,-84.56687391,39.11317798
239C000777,THEFT,125,143.0,-84.39627585,39.16191791
239035115,BREAKING AND ENTERING,120,170.0,-84.5611612,39.12775049
239034637,AGGRAVATED MENACING,1025,1028.0,-84.49135429,39.12960502
239034667,,100,1015.0,-84.53067523,39.14002496
239034636,THEFT,945,100.0,-84.51726013,39.11394625
239034640,THEFT,80,1015.0,-84.57527005,39.1474145
239034628,THEFT,631,633.0,-84.47452292,39.21111734
239034778,,540,546.0,-84.47321447,39.17486336
239034789,THEFT,50,925.0,-84.49442224,39.14852539
239034626,ASSAULT,440,449.0,-84.57268073,39.1887259
239034634,THEFT,30,30.0,-84.48639693,39.13570835
239034624,ASSAULT,210,225.0,-84.52776334,39.11899092
239034614,AGGRAVATED MENACING,120,125.0,-84.60638643,39.14029388
239C000771,THEFT,10,60.0,-84.39804004,39.15068459
239034620,THEFT,10,158.0,-84.51566977,39.10648879
239034618,,10,15.0,-84.48558987,39.14813515
239034641,CRIMINAL DAMAGING/ENDANGERING,1,90.0,-84.50859672,39.1096179
239034613,DOMESTIC VIOLENCE,1,23.0,-84.49468667,39.14029706
239034633,CRIMINAL DAMAGING/ENDANGERING,0,655.0,-84.51084828,39.10042872
239034611,ASSAULT,2335,2336.0,-84.51277325,39.11473193
239034606,THEFT,2318,2319.0,-84.45477871,39.20167996
239034622,THEFT,2310,14.0,-84.51333256,39.10820574
239034827,ASSAULT,230,2310.0,-84.47763967,39.1568495
239034490,THEFT,2245,232.0,-84.53124882,39.12229301
239034490,THEFT,2245,232.0,-84.53111882,39.12218301
239034619,CRIMINAL DAMAGING/ENDANGERING,220,14.0,-84.51464256,39.10909574
239034621,THEFT,220,14.0,-84.51385256,39.10890574
239034612,THEFT,2130,2245.0,-84.57634436,39.12295175
239034642,THEFT,210,70.0,-84.46088247,39.17328767
239034602,VIOLATE PROTECTION ORDER/CONSENT AGREEMENT,210,2124.0,-84.58381799,39.14424959
239034664,ROBBERY,2030,210.0,-84.48509873,39.19021978
239034653,THEFT,1945,1945.0,-84.4548691,39.20387533
239034592,DOMESTIC VIOLENCE,1917,1917.0,-84.52713525,39.11262745
239034631,THEFT,190,756.0,-84.46304062,39.19357319
239034601,BURGLARY,190,2054.0,-84.44044029,39.13039909
239034594,CRIMINAL DAMAGING/ENDANGERING,1845,1850.0,-84.59614206,39.10957645
239034591,DOMESTIC VIOLENCE,180,1835.0,-84.5943994,39.10789937
239034595,THEFT,170,1830.0,-84.51694628,39.10617573
239034791,BREAKING AND ENTERING,170,80.0,-84.53620389,39.13338253
239034583,AGGRAVATED MENACING,1525,1535.0,-84.45724725,39.1896528
239034524,THEFT,150,2315.0,-84.50850078,39.12862751
239035694,THEFT,150,150.0,-84.55079303,39.14270938
239034577,ROBBERY,1430,1435.0,-84.49336646,39.15896136
239034577,UNAUTHORIZED USE OF MOTOR VEHICLE,1430,1435.0,-84.49291646,39.15921136
239034575,THEFT,1345,1347.0,-84.60215463,39.12415866
239034565,,1325,1331.0,-84.58820653,39.1146289
239034627,THEFT,130,73.0,-84.45336104,39.20318831
239035169,THEFT,120,130.0,-84.43545488,39.11366236
239034660,THEFT,120,110.0,-84.50901444,39.09728826
239034568,CRIMINAL DAMAGING/ENDANGERING,110,130.0,-84.48550766,39.12520948
239034559,ASSAULT,110,1114.0,-84.51878014,39.18154913
239034647,THEFT,1041,1045.0,-84.52247438,39.14380271
239034555,ASSAULT,90,930.0,-84.52101498,39.10527152
239034630,THEFT,830,731.0,-84.54065312,39.16921135
239035068,THEFT,80,230.0,-84.42559757,39.18355652
239034969,THEFT,70,90.0,-84.60768545,39.1394529
249000301,THEFT,556,557.0,-84.51287332,39.1078588
239034566,THEFT,538,540.0,-84.6044152,39.12793426
239034547,ASSAULT,420,434.0,-84.55316202,39.12618226
239034546,ASSAULT,40,47.0,-84.57104896,39.13311528
239034567,ASSAULT,30,310.0,-84.49069432,39.14586951
239034844,TAKING THE IDENTITY OF ANOTHER,0,0.0,-84.58944416,39.1429319
239034704,THEFT,0,40.0,-84.60790824,39.14644324
239034571,CRIMINAL DAMAGING/ENDANGERING,0,1345.0,-84.43443786,39.1247411
239034535,ROBBERY,2320,2329.0,-84.53089602,39.14304428
239034024,THEFT,2255,2257.0,-84.50834902,39.10629101
239034542,CRIMINAL DAMAGING/ENDANGERING,2220,2235.0,-84.52628165,39.14205174
239034526,THEFT,2220,2225.0,-84.52272561,39.11251502
239034537,ASSAULT,225,2215.0,-84.60679881,39.14351992
239034663,THEFT,220,150.0,-84.39997042,39.16033345
239034561,THEFT,2130,1130.0,-84.50231459,39.14056934
239034527,DOMESTIC VIOLENCE,2130,2150.0,-84.57490064,39.11673232
239034532,ASSAULT,211,215.0,-84.53278061,39.21476301
239034645,THEFT,210,845.0,-84.39343273,39.16055619
239034533,DOMESTIC VIOLENCE,2030,2046.0,-84.58314103,39.11492799
239034519,CRIMINAL DAMAGING/ENDANGERING,2024,2026.0,-84.51090376,39.17969777
239034516,CRIMINAL DAMAGING/ENDANGERING,2020,2026.0,-84.51062376,39.17930777
239034516,FELONIOUS ASSAULT,2020,2026.0,-84.51019376,39.17863777
239034648,THEFT,200,120.0,-84.5616666,39.17808426
239034517,ASSAULT,200,2016.0,-84.45777852,39.1916411
239034522,THEFT,1930,1941.0,-84.55511835,39.15173199
239034541,THEFT,180,1852.0,-84.53816143,39.19491602
239034513,ROBBERY,180,1811.0,-84.45563871,39.20331996
239036279,CRIMINAL DAMAGING/ENDANGERING,1710,190.0,-84.52226642,39.09650603
239034512,FELONIOUS ASSAULT,1710,1715.0,-84.68890645,39.11010644
239034525,THEFT,1630,1636.0,-84.50936078,39.12920751
239034554,THEFT,1630,1630.0,-84.70828726,39.12644817
239034902,BURGLARY,150,230.0,-84.56120189,39.1789224
239034538,BURGLARY,150,2350.0,-84.55306512,39.14502023
239034504,DOMESTIC VIOLENCE,150,1511.0,-84.51670969,39.11455314
239034508,DOMESTIC VIOLENCE,1450,1539.0,-84.56862187,39.1057482
239034501,CRIMINAL DAMAGING/ENDANGERING,1340,1345.0,-84.52745165,39.14156174
239034580,CRIMINAL DAMAGING/ENDANGERING,130,150.0,-84.51193369,39.1791013
239034503,TELEPHONE HARASSMENT,1250,1250.0,-84.56091927,39.12539509
239034556,ASSAULT,1230,1235.0,-84.42894125,39.1727211
239034493,FELONIOUS ASSAULT,129,1210.0,-84.49353876,39.14412638
239034494,,1120,1130.0,-84.48477155,39.15181849
239034573,THEFT,1030,130.0,-84.50058394,39.14272402
239034499,THEFT,100,1020.0,-84.42684249,39.161763
239034488,THEFT,935,938.0,-84.42665249,39.161903
239034534,BURGLARY,815,2243.0,-84.58013517,39.15268796
239034643,THEFT,80,930.0,-84.48352785,39.21831655
239034482,ROBBERY,80,80.0,-84.46346301,39.18018864
239034471,THEFT,50,60.0,-84.57379874,39.14221681
239034479,THEFT,430,90.0,-84.57476064,39.13786054
239034468,BURGLARY,430,448.0,-84.46688828,39.14198969
239034468,VIOLATE PROTECTION ORDER/CONSENT AGREEMENT,430,448.0,-84.46655828,39.14203969
239034469,THEFT,425,432.0,-84.54789911,39.12595801
239034469,CRIMINAL DAMAGING/ENDANGERING,425,432.0,-84.54778911,39.12562801
239034466,CRIMINAL DAMAGING/ENDANGERING,413,415.0,-84.43097919,39.13037294
239034476,THEFT,40,60.0,-84.43576527,39.12359352
239034467,BREAKING AND ENTERING,355,358.0,-84.58894858,39.10802695
239034498,THEFT,30,100.0,-84.43347026,39.1254134
239034487,THEFT,30,50.0,-84.4822857,39.214495
239034550,THEFT,30,50.0,-84.48140774,39.21462479
239034578,CRIMINAL DAMAGING/ENDANGERING,20,1420.0,-84.48253211,39.21478266
239034463,DOMESTIC VIOLENCE,20,227.0,-84.48748904,39.15206841
239034464,ASSAULT,10,157.0,-84.65914608,39.09758265
239031867,AGGRAVATED ROBBERY,40,50.0,-84.56198559,39.18349589
239034484,THEFT,30,430.0,-84.57176105,39.13833003
239037416,BURGLARY,0,0.0,-84.47984267,39.18345735
239035445,CRIMINAL DAMAGING/ENDANGERING,0,0.0,-84.57121943,39.14836009
239034967,THEFT,0,100.0,-84.61450932,39.11615155
239034496,BREAKING AND ENTERING,0,930.0,-84.61810242,39.13054127
239034480,THEFT,0,60.0,-84.4690366,39.12393935
239034460,AGGRAVATED MENACING,2315,2345.0,-84.52115594,39.12831909
239035002,THEFT,230,140.0,-84.52154999,39.11547966
239034492,THEFT,2230,90.0,-84.52952094,39.13943029
239034474,THEFT,220,818.0,-84.48129998,39.19371744
239034472,THEFT,220,818.0,-84.48039998,39.19383744
239034456,CRIMINAL DAMAGING/ENDANGERING,220,2351.0,-84.51988274,39.11826543
239034486,CRIMINAL DAMAGING/ENDANGERING,2130,100.0,-84.54358655,39.16997814
239034450,ASSAULT,2010,2025.0,-84.48630964,39.14746079
239034515,THEFT,200,60.0,-84.53271021,39.11811615
239034485,THEFT,200,1013.0,-84.4826033,39.21650382
239034447,CRIMINAL DAMAGING/ENDANGERING,1940,200.0,-84.52774981,39.10630766
239034477,THEFT,1930,90.0,-84.57626835,39.1374938
239034470,THEFT,190,60.0,-84.48121389,39.21553818
239034457,THEFT,190,1920.0,-84.43564382,39.17438845
239034597,THEFT,180,1730.0,-84.39256183,39.10548448
239034478,THEFT,180,90.0,-84.48787071,39.1240987
239034438,THEFT,1745,1749.0,-84.59719062,39.12746252
239034444,CRIMINAL DAMAGING/ENDANGERING,1740,1758.0,-84.50297297,39.13154754
239036844,TAKING THE IDENTITY OF ANOTHER,170,1721.0,-84.52375905,39.10999312
239035800,THEFT,1645,170.0,-84.5697776,39.1447707
239034530,THEFT,160,1730.0,-84.56869226,39.10218006
239034481,THEFT,160,929.0,-84.46320553,39.20100771
239034452,THEFT,160,210.0,-84.51667995,39.10197707
239034452,CRIMINAL DAMAGING/ENDANGERING,160,210.0,-84.51532995,39.10294707
239034904,TELEPHONE HARASSMENT,1522,130.0,-84.60705454,39.13777396
239034428,AGGRAVATED ROBBERY,1440,1443.0,-84.5918038,39.11251598
239034729,TAKING THE IDENTITY OF ANOTHER,140,140.0,-84.539324,39.14109117
239034432,THEFT,140,1430.0,-84.44502622,39.13766148
239034422,THEFT,1350,1356.0,-84.45504986,39.19289601
239034572,THEFT,1226,1226.0,-84.52002824,39.11792842
239034511,THEFT,120,170.0,-84.56471487,39.12126266
239034455,ASSAULT,1115,1120.0,-84.46448745,39.17009038
239034455,CRIMINAL DAMAGING/ENDANGERING,1115,1120.0,-84.46326745,39.16954038
239034414,CRIMINAL DAMAGING/ENDANGERING,1115,1120.0,-84.38518103,39.08883533
239034772,CRIMINAL DAMAGING/ENDANGERING,110,2350.0,-84.48529395,39.12623756
239034413,DOMESTIC VIOLENCE,110,1130.0,-84.59391877,39.1094383
239034406,BURGLARY,110,112.0,-84.50316018,39.13036
239034793,THEFT,1048,1448.0,-84.50643015,39.13381988
239034416,THEFT,90,1130.0,-84.59304136,39.14322193
239034407,THEFT,90,1030.0,-84.51871782,39.11231065
239034393,ASSAULT,835,838.0,-84.51500408,39.10767047
239034388,TELEPHONE HARASSMENT,757,759.0,-84.42297878,39.15770808
239034399,THEFT,50,90.0,-84.51861944,39.11917581
239032394,CRIMINAL DAMAGING/ENDANGERING,245,32.0,-84.57356198,39.13000305
239032394,,245,32.0,-84.57270198,39.13128305
239034379,THEFT,20,345.0,-84.49580636,39.14136772
239034383,THEFT,130,210.0,-84.57796847,39.19177987
239034377,CRIMINAL DAMAGING/ENDANGERING,115,117.0,-84.4981496,39.13986851
239034373,AGGRAVATED MENACING,10,120.0,-84.54175507,39.20146411
239034390,THEFT,30,745.0,-84.45689687,39.14230709
239034374,FELONIOUS ASSAULT,30,42.0,-84.56765289,39.18261782
239034394,BREAKING AND ENTERING,15,80.0,-84.43016208,39.1294437
239034839,THEFT,0,1836.0,-84.57811082,39.15457758
239034401,THEFT,0,100.0,-84.46435693,39.19864915
239034365,DOMESTIC VIOLENCE,2318,2319.0,-84.54730094,39.15722237
239034362,TELEPHONE HARASSMENT,2235,2235.0,-84.60564048,39.15448133
239034368,ASSAULT,2230,230.0,-84.55313722,39.13829507
239034418,THEFT,2155,2155.0,-84.59695062,39.12814252
239034991,THEFT,210,220.0,-84.52380175,39.20072068
239034722,CRIMINAL DAMAGING/ENDANGERING,210,230.0,-84.44289947,39.17798122
239034381,CRIMINAL DAMAGING/ENDANGERING,210,50.0,-84.57807763,39.12059116
239034385,MURDER,2040,2042.0,-84.51943782,39.11298065
239034599,VIOLATE PROTECTION ORDER/CONSENT AGREEMENT,2015,2139.0,-84.50880129,39.09747274
239034357,CRIMINAL DAMAGING/ENDANGERING,1935,1944.0,-84.59970233,39.10981511
239034349,CRIMINAL DAMAGING/ENDANGERING,1913,1915.0,-84.56756412,39.15840992
239034349,FELONIOUS ASSAULT,1913,1915.0,-84.56716412,39.15799992
239034389,THEFT,1830,730.0,-84.49146202,39.19119946
239034389,BREAKING AND ENTERING,1830,730.0,-84.49114202,39.19196946
239034345,THEFT,1812,1815.0,-84.45769839,39.20444364
239034387,THEFT,1745,1745.0,-84.59742062,39.12785252
239034346,THEFT,1730,1750.0,-84.57250683,39.10916268
239034342,ASSAULT,1730,1730.0,-84.55831684,39.14454989
239034351,CRIMINAL DAMAGING/ENDANGERING,1650,170.0,-84.49133451,39.21548549
239034351,ASSAULT,1650,170.0,-84.49066451,39.21534549
239034343,DOMESTIC VIOLENCE,1630,1715.0,-84.57604274,39.19012872
239034397,CRIMINAL DAMAGING/ENDANGERING,160,915.0,-84.56159624,39.09382798
239034336,MENACING,160,1615.0,-84.56165791,39.13211012
239034340,TELEPHONE HARASSMENT,1536,1536.0,-84.53026305,39.11232401
239034408,ROBBERY,155,155.0,-84.60184463,39.12279866
239034334,THEFT,1410,1415.0,-84.57224683,39.10960268
239034341,THEFT,140,1445.0,-84.57267683,39.10909268
239034335,THEFT,140,1417.0,-84.57264683,39.11030268
239035421,BURGLARY,1330,950.0,-84.56126804,39.12750283
239034316,THEFT,1240,1245.0,-84.57173683,39.10934268
239034320,MURDER,1212,1213.0,-84.51652609,39.11445715
239034305,THEFT,120,122.0,-84.56529112,39.18903208
239034301,THEFT,1030,1034.0,-84.61077897,39.13008093
239034300,AGGRAVATED MENACING,1025,1025.0,-84.53783072,39.1403813
239034419,THEFT,100,1030.0,-84.57595657,39.15522674
239034347,THEFT,100,170.0,-84.56691544,39.19066277
239034313,THEFT,940,948.0,-84.4298003,39.16184107
239034903,THEFT,90,90.0,-84.48837261,39.13300609
239034483,THEFT,80,100.0,-84.70476851,39.12675926
239034295,DOMESTIC VIOLENCE,70,720.0,-84.50113295,39.15220661
239034282,BREAKING AND ENTERING,510,516.0,-84.51507944,39.10850103
239034283,THEFT,330,650.0,-84.51589863,39.1720694
239016033,AGGRAVATED ROBBERY,117,1313.0,-84.48244202,39.1913395
239034275,BREAKING AND ENTERING,10,15.0,-84.51843569,39.10857273
239035266,CRIMINAL DAMAGING/ENDANGERING,30,2359.0,-84.52959477,39.130172
239034274,THEFT,15,20.0,-84.4794173,39.19610413
249000165,THEFT,0,220.0,-84.57353252,39.1220505
239036080,THEFT,0,0.0,-84.38507103,39.08981533
239034919,CRIMINAL DAMAGING/ENDANGERING,0,150.0,-84.50842825,39.17749574
239034826,BURGLARY,0,0.0,-84.58360586,39.10457389
239034370,AGGRAVATED MENACING,0,0.0,-84.48868322,39.15332524
239034276,CRIMINAL DAMAGING/ENDANGERING,2340,2351.0,-84.41392713,39.18357246
239034276,BURGLARY,2340,2351.0,-84.41337713,39.18326246
239034276,,2340,2351.0,-84.41243713,39.18239246
239034267,CRIMINAL DAMAGING/ENDANGERING,2245,2250.0,-84.57255545,39.11186298
239034291,THEFT,210,70.0,-84.52448752,39.12906295
239034284,THEFT,210,70.0,-84.51790129,39.12629236
239034277,THEFT,2030,2035.0,-84.51141268,39.12980844
239034359,BURGLARY,2030,210.0,-84.611626,39.13401264
239034254,THEFT,2015,2021.0,-84.53947017,39.15996396
239034293,BREAKING AND ENTERING,1958,1959.0,-84.51435575,39.10237949
239035081,THEFT,1950,200.0,-84.59736062,39.12764252
239034443,THEFT,1921,1930.0,-84.52292084,39.15491639
239034271,THEFT,190,200.0,-84.43641746,39.1441493
239034281,THEFT,1830,440.0,-84.53442255,39.13177755
239034632,THEFT,1822,1828.0,-84.51250791,39.10536164
239034297,,1820,1840.0,-84.6113782,39.13560361
239034242,CRIMINAL DAMAGING/ENDANGERING,1817,1817.0,-84.48751464,39.14936548
239034251,CRIMINAL DAMAGING/ENDANGERING,180,1810.0,-84.51093542,39.1787874
239034246,THEFT,180,1822.0,-84.53839426,39.13566845
239034247,CRIMINAL DAMAGING/ENDANGERING,1750,1820.0,-84.51346991,39.16810676
239034243,THEFT,1735,1739.0,-84.58426052,39.11328053
239034245,CRIMINAL DAMAGING/ENDANGERING,1730,1745.0,-84.50357709,39.13301903
239034255,CRIMINAL DAMAGING/ENDANGERING,177,1715.0,-84.4938517,39.15901015
239034398,THEFT,170,959.0,-84.47690134,39.14818614
239034244,THEFT,170,1717.0,-84.50995078,39.12917751
239035024,TAKING THE IDENTITY OF ANOTHER,1628,1628.0,-84.51050966,39.10937343
239035410,CRIMINAL DAMAGING/ENDANGERING,1543,1543.0,-84.51418394,39.10057611
239034354,THEFT,1523,1633.0,-84.4288928,39.15798595
239034238,,1430,150.0,-84.42980748,39.15024482
239034331,TAKING THE IDENTITY OF ANOTHER,140,140.0,-84.57380462,39.11624127
239034227,MURDER,1335,1340.0,-84.47990513,39.21833261
239034223,THEFT,1330,1332.0,-84.51262117,39.19136469
239034788,TELEPHONE HARASSMENT,130,1315.0,-84.46910921,39.13503567
239034726,BURGLARY,130,1230.0,-84.50986118,39.13254347
239034213,CRIMINAL DAMAGING/ENDANGERING,1240,1254.0,-84.50969595,39.12983242
239034502,ASSAULT,120,180.0,-84.53625666,39.13585225
239034204,ASSAULT,1130,1140.0,-84.5093137,39.1506889
239037440,THEFT,110,1113.0,-84.61943728,39.1454023
239034268,CRIMINAL DAMAGING/ENDANGERING,110,230.0,-84.3912454,39.09253492
239034199,UNAUTHORIZED USE OF MOTOR VEHICLE,1035,1038.0,-84.50245542,39.12098937
239034193,THEFT,953,953.0,-84.50927672,39.10150744
239034292,THEFT,930,80.0,-84.45226541,39.14022369
239034188,AGGRAVATED ROBBERY,840,843.0,-84.51536157,39.16508513
239034188,FELONIOUS ASSAULT,840,843.0,-84.51369157,39.16401513
239034189,CRIMINAL DAMAGING/ENDANGERING,820,826.0,-84.50331941,39.15964223
239034185,THEFT,812,816.0,-84.60040463,39.12316866
239035591,CRIMINAL DAMAGING/ENDANGERING,80,160.0,-84.60139027,39.12536592
239034248,BURGLARY,70,180.0,-84.59371185,39.1506414
239034180,MENACING,60,66.0,-84.62309831,39.14280421
239034191,THEFT,40,40.0,-84.5734246,39.12909544
239034171,ASSAULT,255,259.0,-84.51583068,39.12859972
239034172,THEFT,250,251.0,-84.51199999,39.10184317
239034172,THEFT,250,251.0,-84.51192999,39.10346317
239034773,THEFT,215,245.0,-84.51594764,39.12533617
239034169,AGGRAVATED BURGLARY,20,215.0,-84.56062228,39.15799428
239034176,AGGRAVATED BURGLARY,140,144.0,-84.53982993,39.19354835
239034164,CRIMINAL DAMAGING/ENDANGERING,50,55.0,-84.57968568,39.11866262
239034250,THEFT,30,80.0,-84.53015669,39.13829541
239035643,FORGERY,0,0.0,-84.5109807,39.1063434
239034947,CRIMINAL DAMAGING/ENDANGERING,0,0.0,-84.46153835,39.2167048
239034489,BREAKING AND ENTERING,0,60.0,-84.51459392,39.10268528
239034174,DOMESTIC VIOLENCE,0,20.0,-84.57891896,39.11978812
239034202,THEFT,2330,1130.0,-84.52910171,39.13253371
239034158,THEFT,2247,2330.0,-84.51249639,39.12071291
239034158,THEFT,2247,2330.0,-84.51177639,39.12029291
239034154,THEFT,2230,2240.0,-84.53051337,39.10202928
239034210,THEFT,220,100.0,-84.50467709,39.13276903
239034207,CRIMINAL DAMAGING/ENDANGERING,220,1150.0,-84.56207624,39.09348798
239034151,CRIMINAL DAMAGING/ENDANGERING,2150,223.0,-84.56260198,39.18307505
239034151,CRIMINAL DAMAGING/ENDANGERING,2150,223.0,-84.56154198,39.18334505
239034265,THEFT,210,170.0,-84.49133783,39.11782322
239034175,THEFT,210,315.0,-84.37986234,39.15502724
239034161,ASSAULT,210,2120.0,-84.54061085,39.19336563
239034160,CRIMINAL DAMAGING/ENDANGERING,210,2121.0,-84.57947957,39.10901832
239034156,,200,2023.0,-84.59378843,39.12962639
239034216,ASSAULT,1933,200.0,-84.56074866,39.15783341
239034137,ASSAULT,1920,1930.0,-84.46728211,39.18807673
239034232,THEFT,195,195.0,-84.42620918,39.14570065
239034391,THEFT,190,70.0,-84.52634983,39.09858822
239034196,MENACING,190,1915.0,-84.48583889,39.13522132
239034167,THEFT,190,2130.0,-84.55866914,39.11529252
239034145,VIOLATE PROTECTION ORDER/CONSENT AGREEMENT,1822,1823.0,-84.56238208,39.10233574
239034186,THEFT,180,229.0,-84.5211628,39.12434591
239034262,THEFT,180,30.0,-84.57234698,39.16218889
239034162,THEFT,180,2348.0,-84.59093873,39.13110903
239034339,THEFT,1745,160.0,-84.50255555,39.13119442
239034333,THEFT,1745,1750.0,-84.46840505,39.21354884
239034139,THEFT,1745,1955.0,-84.42531817,39.1622448
239034131,FELONIOUS ASSAULT,1729,1732.0,-84.50503482,39.12663431
239034141,THEFT,1648,1650.0,-84.61859672,39.14243739
239034141,THEFT,1648,1650.0,-84.61729672,39.14229739
239034129,TELEPHONE HARASSMENT,1627,1627.0,-84.5929815,39.12358552
239034564,THEFT,1613,1625.0,-84.52168498,39.10356152
239034206,THEFT,160,120.0,-84.57674184,39.15539933
239034184,THEFT,1558,820.0,-84.48332994,39.13556155
239034128,THEFT,1530,1545.0,-84.50240331,39.11150923
239034125,CRIMINAL DAMAGING/ENDANGERING,1513,1549.0,-84.52446043,39.14100823
239034728,THEFT,150,150.0,-84.54625619,39.17926592
239034120,CRIMINAL DAMAGING/ENDANGERING,150,154.0,-84.49882886,39.14839256
239034143,FELONIOUS ASSAULT,150,151.0,-84.59519022,39.13323427
239034123,THEFT,1345,1415.0,-84.5160236,39.11223402
239034123,THEFT,1345,1415.0,-84.5159036,39.11249402
239034123,THEFT,1345,1415.0,-84.5158436,39.11140402
239034123,THEFT,1345,1415.0,-84.5157036,39.11133402
239034123,CRIMINAL DAMAGING/ENDANGERING,1345,1415.0,-84.5154236,39.11101402
239034123,CRIMINAL DAMAGING/ENDANGERING,1345,1415.0,-84.5153236,39.11234402
239034123,CRIMINAL DAMAGING/ENDANGERING,1345,1415.0,-84.5152336,39.11255402
239034123,THEFT,1345,1415.0,-84.5150536,39.11223402
239034123,CRIMINAL DAMAGING/ENDANGERING,1345,1415.0,-84.5149036,39.11058402
239034123,CRIMINAL DAMAGING/ENDANGERING,1345,1415.0,-84.5143236,39.11169402
239034123,CRIMINAL DAMAGING/ENDANGERING,1345,1415.0,-84.5141436,39.11077402
239034123,THEFT,1345,1415.0,-84.5140836,39.11082402
239034123,THEFT,1345,1415.0,-84.5140736,39.11175402
239034123,CRIMINAL DAMAGING/ENDANGERING,1345,1415.0,-84.5140236,39.11074402
239034114,THEFT,1310,1320.0,-84.42632287,39.1599081
239034113,ASSAULT,1230,1230.0,-84.56729807,39.14691885
239034110,MENACING,1215,1215.0,-84.542465,39.13779557
239034224,CRIMINAL DAMAGING/ENDANGERING,120,1330.0,-84.53067824,39.115162
239034142,THEFT,120,1430.0,-84.4728686,39.13650212
239034794,THEFT,1132,2354.0,-84.55153221,39.10239114
239034116,THEFT,1130,1415.0,-84.51526996,39.10950923
239034116,THEFT,1130,1415.0,-84.51490996,39.10847923
239034116,THEFT,1130,1415.0,-84.51431996,39.10924923
239034116,THEFT,1130,1415.0,-84.51430996,39.10925923
239034116,THEFT,1130,1415.0,-84.51415996,39.10926923
239035409,FORGERY,110,120.0,-84.61240528,39.14112061
239034096,THEFT,935,942.0,-84.5234639,39.11737193
239034181,THEFT,930,230.0,-84.58926846,39.10582169
239034099,THEFT,930,1036.0,-84.5698396,39.10604683
239034121,THEFT,80,815.0,-84.4085312,39.15301289
239034092,ASSAULT,740,745.0,-84.55392504,39.16542633
239034738,THEFT,72,730.0,-84.53659014,39.16090224
239034091,CRIMINAL DAMAGING/ENDANGERING,630,72.0,-84.55745825,39.14435479
239034087,DOMESTIC VIOLENCE,430,441.0,-84.59294256,39.14472392
239034085,CRIMINAL DAMAGING/ENDANGERING,259,30.0,-84.51416824,39.09862573
239034085,CRIMINAL DAMAGING/ENDANGERING,259,30.0,-84.51371824,39.09856573
239034085,CRIMINAL DAMAGING/ENDANGERING,259,30.0,-84.51291824,39.09893573
239034080,AGGRAVATED MENACING,230,239.0,-84.53585808,39.12402233
239034081,ASSAULT,220,221.0,-84.39014569,39.16595338
239034200,ASSAULT,20,210.0,-84.52119928,39.18114938
239034079,AGGRAVATED MENACING,110,116.0,-84.56940557,39.10529504
239034102,THEFT,10,1040.0,-84.50742906,39.12774113
239034270,THEFT,0,60.0,-84.48048837,39.21875767
239034100,THEFT,230,80.0,-84.58380967,39.14493934
239034078,THEFT,230,141.0,-84.51672882,39.1125061
239034108,THEFT,2230,80.0,-84.49487753,39.12592497
239034097,THEFT,2220,2240.0,-84.5030717,39.12634088
239034094,THEFT,220,70.0,-84.50764924,39.1048141
239034068,THEFT,220,2338.0,-84.51165234,39.11241242
239034089,THEFT,2151,2151.0,-84.50388472,39.10091368
239C000769,THEFT,2130,30.0,-84.51516997,39.10162709
239034066,CRIMINAL DAMAGING/ENDANGERING,2130,2140.0,-84.5719723,39.19232421
239034076,DOMESTIC VIOLENCE,2130,226.0,-84.60002689,39.10942532
239034057,ASSAULT,2130,2140.0,-84.57450761,39.09230796
239034057,CRIMINAL DAMAGING/ENDANGERING,2130,2140.0,-84.57427761,39.09216796
239034058,AGGRAVATED ROBBERY,2130,2135.0,-84.5519486,39.12181234
239034054,THEFT,2120,2125.0,-84.52878634,39.10236327
239036257,THEFT,214,77.0,-84.49749151,39.11660675
239034067,MENACING,210,2130.0,-84.54217771,39.20164933
239034063,THEFT,210,2130.0,-84.48753224,39.13675715
239034064,THEFT,210,2121.0,-84.51015075,39.12998003
239034061,ASSAULT,210,2115.0,-84.5029717,39.12670088
239034053,ENDANGERING CHILDREN,2030,2037.0,-84.50877261,39.17782816
239034106,THEFT,200,30.0,-84.50372384,39.09980783
239034106,CRIMINAL DAMAGING/ENDANGERING,200,30.0,-84.50258384,39.09805783
239034072,THEFT,200,230.0,-84.50167309,39.10021817
239034051,THEFT,200,2012.0,-84.42805541,39.1548105
239034062,THEFT,200,205.0,-84.42807541,39.1543005
239034117,THEFT,190,1930.0,-84.45721227,39.19980476
239034093,THEFT,190,755.0,-84.57217754,39.11369098
239034303,BURGLARY,1841,1843.0,-84.55522504,39.16693633
239034052,THEFT,1745,2056.0,-84.51394536,39.10840558
239034050,DOMESTIC VIOLENCE,1730,1750.0,-84.52731554,39.10806031
239034044,THEFT,1723,1723.0,-84.5575564,39.10654819
239034041,THEFT,170,175.0,-84.44376629,39.14553682
239034042,MENACING,1630,1630.0,-84.49100001,39.14014777
239034047,THEFT,1611,1740.0,-84.49008521,39.14547019
239034049,THEFT,160,1750.0,-84.49501866,39.11900515
239034048,ASSAULT,1530,1530.0,-84.50301653,39.12449338
239034046,AGGRAVATED ROBBERY,1445,160.0,-84.56211099,39.15653033
239034115,THEFT,140,1321.0,-84.57749081,39.15497287
239034028,THEFT,1210,1214.0,-84.42800249,39.161663
239034033,TELEPHONE HARASSMENT,1145,1154.0,-84.59158765,39.10307265
239034033,DOMESTIC VIOLENCE,1145,1154.0,-84.59115765,39.10190265
239034027,THEFT,110,1116.0,-84.58920585,39.10913901
239034036,THEFT,1054,110.0,-84.50268331,39.11152923
239037036,THEFT,1030,1130.0,-84.56515153,39.09562245
239034029,CRIMINAL DAMAGING/ENDANGERING,757,810.0,-84.49761402,39.14794284
239034011,CRIMINAL DAMAGING/ENDANGERING,543,544.0,-84.58482597,39.11267925
239034025,BREAKING AND ENTERING,530,535.0,-84.48840811,39.13912389
239034026,CRIMINAL DAMAGING/ENDANGERING,50,1030.0,-84.57603933,39.11945248
239034008,ASSAULT,40,421.0,-84.52284175,39.19987068
239034006,CRIMINAL DAMAGING/ENDANGERING,40,415.0,-84.52886766,39.1404855
239034006,DOMESTIC VIOLENCE,40,415.0,-84.52808766,39.1395155
239034001,CRIMINAL DAMAGING/ENDANGERING,340,344.0,-84.52024354,39.11734087
239034004,THEFT,330,358.0,-84.52618782,39.14316432
239034007,CRIMINAL DAMAGING/ENDANGERING,330,330.0,-84.51692952,39.09951672
239034007,CRIMINAL DAMAGING/ENDANGERING,330,330.0,-84.51676952,39.09905672
239034007,CRIMINAL DAMAGING/ENDANGERING,330,330.0,-84.51659952,39.09853672
239034007,CRIMINAL DAMAGING/ENDANGERING,330,330.0,-84.51646952,39.09919672
239033996,DOMESTIC VIOLENCE,130,144.0,-84.58509296,39.11079917
239033995,THEFT,130,153.0,-84.51305958,39.10954754
239034021,THEFT,10,115.0,-84.48411685,39.15256802
239034018,THEFT,10,845.0,-84.54036082,39.1605978
239033997,ASSAULT,10,114.0,-84.553892,39.10506711
239033991,ASSAULT,45,50.0,-84.59571748,39.15752548
239034978,BREAKING AND ENTERING,0,120.0,-84.54827497,39.16288767
239034386,ASSAULT,0,5.0,-84.51155017,39.1097428
239034040,THEFT,0,1415.0,-84.56739287,39.18969331
239034035,THEFT,0,60.0,-84.56087132,39.17923552
239034031,THEFT,0,90.0,-84.60303943,39.13093779
239033985,THEFT,2335,2340.0,-84.61329543,39.14870387
239033985,THEFT,2335,2340.0,-84.61283543,39.14999387
239033985,THEFT,2335,2340.0,-84.61246543,39.14972387
239033985,THEFT,2335,2340.0,-84.61198543,39.14989387
239033985,THEFT,2335,2340.0,-84.61169543,39.14976387
239034296,THEFT,2310,2320.0,-84.54022399,39.10303953
239034022,TELEPHONE HARASSMENT,230,930.0,-84.43837841,39.17504636
239034836,THEFT,2250,2250.0,-84.53091337,39.10284928
239033978,DOMESTIC VIOLENCE,220,2222.0,-84.59764391,39.10424924
239C000652,THEFT,210,1145.0,-84.48882867,39.12131542
239034016,CRIMINAL DAMAGING/ENDANGERING,210,630.0,-84.56127929,39.1787053
239033974,CRIMINAL DAMAGING/ENDANGERING,210,2211.0,-84.5159536,39.11230402
239033974,THEFT,210,2211.0,-84.5159136,39.11116402
239033974,CRIMINAL DAMAGING/ENDANGERING,210,2211.0,-84.5156836,39.11086402
239033974,THEFT,210,2211.0,-84.5154336,39.11183402
239033974,THEFT,210,2211.0,-84.5154136,39.11071402
239033974,CRIMINAL DAMAGING/ENDANGERING,210,2211.0,-84.5152636,39.11251402
239033974,CRIMINAL DAMAGING/ENDANGERING,210,2211.0,-84.5144836,39.11222402
239033974,CRIMINAL DAMAGING/ENDANGERING,210,2211.0,-84.5140836,39.11241402
239033974,THEFT,210,2211.0,-84.5140536,39.11254402
239033974,THEFT,210,2211.0,-84.5140236,39.11065402
239033986,THEFT,2030,2330.0,-84.55115099,39.20806338
239033982,CRIMINAL DAMAGING/ENDANGERING,2030,2255.0,-84.53994099,39.16172779
239033970,THEFT,2023,2035.0,-84.61005878,39.13059603
239033970,THEFT,2023,2035.0,-84.60993878,39.13029603
239033973,THEFT,205,227.0,-84.5186249,39.10770979
239034266,UNAUTHORIZED USE OF MOTOR VEHICLE,200,2230.0,-84.43531488,39.11524236
239034182,THEFT,200,60.0,-84.49192584,39.19367357
239033977,THEFT,200,2253.0,-84.51901954,39.10615823
239C000772,THEFT,1930,830.0,-84.44931406,39.13450278
239033966,AGGRAVATED ROBBERY,1850,190.0,-84.51673316,39.175821
239033976,THEFT,180,2250.0,-84.51496244,39.10867265
239033976,THEFT,180,2250.0,-84.51476244,39.10802265
239033976,THEFT,180,2250.0,-84.51472244,39.10898265
239033994,BURGLARY,1745,0.0,-84.52873272,39.13088668
239033962,AGGRAVATED MENACING,1745,1750.0,-84.51696113,39.1162719
239034023,THEFT,1730,110.0,-84.51777628,39.10665573
239034157,THEFT,170,1730.0,-84.68168642,39.10204671
239033972,THEFT,1630,2150.0,-84.51987599,39.11606497
239033972,THEFT,1630,2150.0,-84.51967599,39.11653497
239033972,THEFT,1630,2150.0,-84.51929599,39.11684497
239033972,CRIMINAL DAMAGING/ENDANGERING,1630,2150.0,-84.51921599,39.11705497
239033972,THEFT,1630,2150.0,-84.51913599,39.11725497
239033972,CRIMINAL DAMAGING/ENDANGERING,1630,2150.0,-84.51899599,39.11580497
239033972,CRIMINAL DAMAGING/ENDANGERING,1630,2150.0,-84.51888599,39.11597497
239033972,THEFT,1630,2150.0,-84.51870599,39.11719497
239033972,CRIMINAL DAMAGING/ENDANGERING,1630,2150.0,-84.51869599,39.11538497
239033972,THEFT,1630,2150.0,-84.51842599,39.11588497
239033972,CRIMINAL DAMAGING/ENDANGERING,1630,2150.0,-84.51831599,39.11695497
239033972,CRIMINAL DAMAGING/ENDANGERING,1630,2150.0,-84.51828599,39.11556497
239034968,CRIMINAL DAMAGING/ENDANGERING,1630,1730.0,-84.47187373,39.17450595
239034017,THEFT,159,1512.0,-84.61658242,39.13033127
239034430,CRIMINAL DAMAGING/ENDANGERING,150,1530.0,-84.51288149,39.12023778
239033946,AGGRAVATED MENACING,150,154.0,-84.54940559,39.12848811
239033945,AGGRAVATED MENACING,1440,1446.0,-84.61470296,39.13773809
239033942,THEFT,1423,1423.0,-84.42748249,39.161803
239033941,FELONIOUS ASSAULT,1415,1429.0,-84.51742934,39.11585998
239033943,ASSAULT,1410,1417.0,-84.56625512,39.14544341
239034045,DOMESTIC VIOLENCE,140,150.0,-84.56942667,39.10804922
239034045,AGGRAVATED MENACING,140,150.0,-84.56923667,39.10945922
239C000768,THEFT,1350,1430.0,-84.53043574,39.11219199
239033944,FORGERY,1345,143.0,-84.61982389,39.14210336
239034212,CRIMINAL DAMAGING/ENDANGERING,1258,130.0,-84.48295351,39.13004354
239033932,ASSAULT,1245,137.0,-84.59861391,39.10397924
239033930,CRIMINAL DAMAGING/ENDANGERING,1245,1250.0,-84.52706338,39.11767942
239033931,THEFT,1230,1245.0,-84.51161537,39.10619764
239033919,THEFT,1211,1220.0,-84.60438065,39.13117797
239033933,TELEPHONE HARASSMENT,120,1235.0,-84.58705896,39.11964159
239033920,TELEPHONE HARASSMENT,120,125.0,-84.56234408,39.18004441
239035486,THEFT,110,120.0,-84.50235799,39.16033378
239033918,CRIMINAL DAMAGING/ENDANGERING,1033,1035.0,-84.52390545,39.11007872
239033936,CRIMINAL DAMAGING/ENDANGERING,100,1230.0,-84.48480685,39.15130802
239033936,ASSAULT,100,1230.0,-84.48400685,39.15175802
239033951,THEFT,90,160.0,-84.56653006,39.10204901
239033914,THEFT,815,825.0,-84.45672324,39.20135624
239033935,MENACING,748,750.0,-84.47931604,39.13995627
239034638,FELONIOUS ASSAULT,70,1438.0,-84.56630071,39.10718891
239034638,ENDANGERING CHILDREN,70,1438.0,-84.56565071,39.10895891
239033893,THEFT,530,70.0,-84.54652348,39.19120512
239033887,THEFT,40,415.0,-84.473506,39.15992489
239033884,CRIMINAL DAMAGING/ENDANGERING,140,145.0,-84.48899856,39.12312898
239033880,AGGRAVATED ROBBERY,131,135.0,-84.6043889,39.12855474
239033896,THEFT,10,752.0,-84.4475116,39.14168235
239033883,ASSAULT,45,110.0,-84.5041114,39.12753468
239033883,CRIMINAL DAMAGING/ENDANGERING,45,110.0,-84.5022514,39.12666468
239033906,THEFT,30,20.0,-84.53240602,39.14163428
239033877,THEFT,24,26.0,-84.46859915,39.14660641
239033961,THEFT,15,30.0,-84.51582977,39.10838879
239033891,THEFT,1,60.0,-84.51501024,39.12212439
239034257,CRIMINAL DAMAGING/ENDANGERING,0,140.0,-84.59891239,39.15745279
239033975,THEFT,0,120.0,-84.45107977,39.1392845
239033925,CRIMINAL DAMAGING/ENDANGERING,0,90.0,-84.51576281,39.11529896
239033904,THEFT,0,845.0,-84.43924973,39.11451856
239033905,THEFT,2345,830.0,-84.58394182,39.1171072
239033886,THEFT,2330,319.0,-84.51424681,39.10866432
239033886,THEFT,2330,319.0,-84.51414681,39.10873432
239034237,ENDANGERING CHILDREN,2323,2323.0,-84.51340738,39.11595878
239033956,THEFT,230,90.0,-84.59523058,39.14433716
239033956,THEFT,230,90.0,-84.59453058,39.14448716
239033876,THEFT,230,2335.0,-84.48666474,39.1588027
239033870,CRIMINAL DAMAGING/ENDANGERING,230,2315.0,-84.60361241,39.15493633
239033867,CRIMINAL DAMAGING/ENDANGERING,230,235.0,-84.60955333,39.13718126
239033872,,2240,2242.0,-84.56629138,39.10576085
239033899,CRIMINAL DAMAGING/ENDANGERING,220,80.0,-84.51416283,39.11252212
239033922,THEFT,2145,52.0,-84.50470103,39.13136767
239033864,AGGRAVATED ROBBERY,2135,2140.0,-84.45340907,39.20644427
239033897,THEFT,210,210.0,-84.51294111,39.10262309
239033860,THEFT,210,2110.0,-84.50663836,39.13367687
239033856,DOMESTIC VIOLENCE,2049,2055.0,-84.51543523,39.12062677
239033853,AGGRAVATED MENACING,2040,2050.0,-84.49530585,39.14112976
239033851,DOMESTIC VIOLENCE,2040,2053.0,-84.59655464,39.14628275
239033889,THEFT,2030,50.0,-84.57428931,39.1592748
239033913,THEFT,200,100.0,-84.68852309,39.10806668
239033901,THEFT,200,70.0,-84.56562934,39.10531269
239033861,CRIMINAL DAMAGING/ENDANGERING,1920,1930.0,-84.55426905,39.14859042
239033861,DOMESTIC VIOLENCE,1920,1930.0,-84.55353905,39.14811042
239033848,THEFT,190,1910.0,-84.61961728,39.1455123
239033841,CRIMINAL DAMAGING/ENDANGERING,1755,180.0,-84.58974394,39.11501149
239033903,CRIMINAL DAMAGING/ENDANGERING,1750,835.0,-84.60021424,39.15596757
239C000767,THEFT,1745,180.0,-84.51366718,39.1053719
239033948,THEFT,1658,1659.0,-84.57578125,39.12181453
239034183,BREAKING AND ENTERING,160,60.0,-84.50836779,39.10009306
239033833,ROBBERY,1530,1533.0,-84.58985807,39.14112635
239033939,DOMESTIC VIOLENCE,150,1520.0,-84.58869326,39.12092669
239033869,CRIMINAL DAMAGING/ENDANGERING,150,2340.0,-84.52873677,39.10683187
239033869,BURGLARY,150,2340.0,-84.52717677,39.10609187
239033828,BURGLARY,1245,1440.0,-84.41607284,39.18598304
239033923,BREAKING AND ENTERING,120,120.0,-84.42923612,39.0667012
239033949,THEFT,120,150.0,-84.46701869,39.13448891
239033832,CRIMINAL DAMAGING/ENDANGERING,120,1435.0,-84.50843084,39.12361327
239033810,ASSAULT,1115,1120.0,-84.51049413,39.18880703
239033808,THEFT,115,1110.0,-84.50030039,39.15188511
239033812,ASSAULT,110,1129.0,-84.51508253,39.11588327
239033809,FELONIOUS ASSAULT,1045,1051.0,-84.39070313,39.19858527
239033813,ASSAULT,1029,1029.0,-84.43055125,39.1741411
239033798,ASSAULT,1025,1025.0,-84.51505486,39.11204979
239033798,AGGRAVATED MENACING,1025,1025.0,-84.51491486,39.11178979
239033900,THEFT,100,80.0,-84.58631277,39.15215901
239033900,THEFT,100,80.0,-84.58599277,39.15309901
239033900,THEFT,100,80.0,-84.58575277,39.15218901
239033900,THEFT,100,80.0,-84.58561277,39.15187901
239033900,THEFT,100,80.0,-84.58549277,39.15216901
239033890,THEFT,90,20.0,-84.57961026,39.15353114
239033800,TELEPHONE HARASSMENT,840,841.0,-84.50782876,39.13485322
239033910,AGGRAVATED MENACING,830,845.0,-84.5218175,39.10690226
239033793,ASSAULT,82,84.0,-84.57504881,39.09976046
239033816,THEFT,80,120.0,-84.52056569,39.10478472
239033803,AGGRAVATED MENACING,756,758.0,-84.56584363,39.1053079
239033842,THEFT,70,90.0,-84.39689155,39.15461401
239033830,THEFT,630,140.0,-84.54548163,39.17533389
239033782,AGGRAVATED BURGLARY,230,235.0,-84.5480083,39.20069595
239033782,DOMESTIC VIOLENCE,230,235.0,-84.5477183,39.19964595
239033794,BREAKING AND ENTERING,220,240.0,-84.51751485,39.09885166
239035273,THEFT,10,140.0,-84.51755139,39.10293166
239033776,DOMESTIC VIOLENCE,10,120.0,-84.49017595,39.12967817
239036288,TAKING THE IDENTITY OF ANOTHER,0,1734.0,-84.44788703,39.13960668
239033888,THEFT,0,32.0,-84.50491103,39.13137767
239033767,THEFT,2345,2350.0,-84.61797187,39.13488315
239033759,THEFT,230,235.0,-84.49535491,39.12610081
239033762,FELONIOUS ASSAULT,2240,2245.0,-84.47862981,39.19475486
239033760,ASSAULT,2235,2239.0,-84.52229595,39.09783436
239033760,ASSAULT,2235,2239.0,-84.52227595,39.09816436
239033760,ASSAULT,2235,2239.0,-84.52188595,39.09815436
239033752,THEFT,2228,2234.0,-84.51801748,39.09429039
239033752,CRIMINAL DAMAGING/ENDANGERING,2228,2234.0,-84.51753748,39.09342039
239033819,DOMESTIC VIOLENCE,220,120.0,-84.54825979,39.196457
239033784,THEFT,220,730.0,-84.5023908,39.1530428
239033783,THEFT,220,630.0,-84.42417893,39.15434369
239033783,THEFT,220,630.0,-84.42369893,39.15379369
239033783,THEFT,220,630.0,-84.42333893,39.15485369
239033783,THEFT,220,630.0,-84.42307893,39.15521369
239033783,THEFT,220,630.0,-84.42306893,39.15455369
239033783,THEFT,220,630.0,-84.42260893,39.15570369
239033783,THEFT,220,630.0,-84.42246893,39.15439369
239033758,THEFT,220,2230.0,-84.42243651,39.16010508
239033758,THEFT,220,2230.0,-84.42175651,39.16006508
239033758,THEFT,220,2230.0,-84.42132651,39.15960508
239033758,THEFT,220,2230.0,-84.42131651,39.16132508
239033763,THEFT,2146,2149.0,-84.56473411,39.18377238
239033750,THEFT,2140,2150.0,-84.5809704,39.10758266
239033757,MENACING,2135,2141.0,-84.58281071,39.11682416
239034038,THEFT,2130,2210.0,-84.46812915,39.14656641
239033799,THEFT,2130,100.0,-84.55945334,39.10594239
239033845,ASSAULT,210,2130.0,-84.5613686,39.15652171
239033806,THEFT,210,50.0,-84.41529728,39.15620904
239033748,BURGLARY,2050,211.0,-84.47369756,39.17382241
239033756,CRIMINAL DAMAGING/ENDANGERING,2050,210.0,-84.50939139,39.13322072
239033785,THEFT,2030,730.0,-84.51684952,39.09864672
239033785,THEFT,2030,730.0,-84.51659952,39.10045672
239033746,THEFT,2030,210.0,-84.5188929,39.09310289
239033744,THEFT,2023,2025.0,-84.53646629,39.13939445
239033747,AGGRAVATED MENACING,2015,2025.0,-84.48518588,39.15097543
239033843,CRIMINAL DAMAGING/ENDANGERING,200,1530.0,-84.50792261,39.12928595
239033780,ASSAULT,195,1910.0,-84.44444629,39.14477682
239033836,THEFT,180,160.0,-84.52377854,39.12942109
239033789,CRIMINAL DAMAGING/ENDANGERING,180,530.0,-84.6051552,39.12853426
239033734,THEFT,1646,1649.0,-84.61104878,39.13114603
239033731,MENACING,1555,160.0,-84.52139428,39.14328584
239033731,VIOLATE PROTECTION ORDER/CONSENT AGREEMENT,1555,160.0,-84.52086428,39.14319584
239033755,CRIMINAL DAMAGING/ENDANGERING,1530,2230.0,-84.51876748,39.09469039
239033719,TELEPHONE HARASSMENT,1511,1511.0,-84.55411415,39.14987036
239033715,THEFT,155,1515.0,-84.60064027,39.12566592
239033715,THEFT,155,1515.0,-84.59969027,39.12510592
239033733,BURGLARY,150,170.0,-84.51392413,39.10984798
239033827,THEFT,150,90.0,-84.50798945,39.20084426
239033732,AGGRAVATED MENACING,1450,150.0,-84.4993183,39.1231255
239033728,ASSAULT,1444,1450.0,-84.5147299,39.11383534
239034314,ASSAULT,1430,1445.0,-84.58597856,39.10746761
239C000759,THEFT,1430,2130.0,-84.5049187,39.1308773
239033698,THEFT,1430,1434.0,-84.56530116,39.11173241
239033717,ASSAULT,1410,1412.0,-84.46579881,39.18960944
239033708,THEFT,140,1410.0,-84.62103464,39.1427084
239034217,THEFT,1350,1350.0,-84.42649918,39.14535065
239033687,THEFT,1226,1231.0,-84.53799717,39.13747811
239033735,THEFT,120,1713.0,-84.54771979,39.196607
239033726,CRIMINAL DAMAGING/ENDANGERING,120,1415.0,-84.48296861,39.1517165
239033681,THEFT,110,1140.0,-84.54143168,39.16424689
239033672,ASSAULT,1035,1040.0,-84.5015596,39.14647823
239033673,THEFT,1020,1025.0,-84.5570264,39.10577819
239033676,THEFT,1020,1023.0,-84.42707249,39.161543
239033796,THEFT,915,925.0,-84.41945209,39.19310899
239033684,CRIMINAL DAMAGING/ENDANGERING,910,920.0,-84.54589306,39.1701575
239033684,CRIMINAL DAMAGING/ENDANGERING,910,920.0,-84.54509306,39.1704475
239033684,CRIMINAL DAMAGING/ENDANGERING,910,920.0,-84.54487306,39.1692175
239033671,ASSAULT,90,935.0,-84.55340504,39.16514633
249000230,BREAKING AND ENTERING,80,210.0,-84.49850612,39.15167963
239033711,THEFT,80,100.0,-84.54612904,39.16499576
239033656,THEFT,60,62.0,-84.51517068,39.12881972
239033699,THEFT,50,140.0,-84.53100679,39.13878777
239033791,MENACING,435,450.0,-84.47791788,39.17230146
239033654,,350,355.0,-84.61089095,39.14089536
239033661,THEFT,240,250.0,-84.43001647,39.1443854
239033661,BREAKING AND ENTERING,240,250.0,-84.42953647,39.1439754
239033801,THEFT,225,235.0,-84.55659798,39.10924474
239033669,THEFT,29,50.0,-84.52144451,39.12838917
239033653,AGGRAVATED ROBBERY,134,334.0,-84.58430422,39.11269547
239033650,AGGRAVATED MENACING,45,10.0,-84.55211529,39.12220909
239033650,AGGRAVATED MENACING,45,10.0,-84.55194529,39.12231909
239033650,AGGRAVATED MENACING,45,10.0,-84.55111529,39.12086909
239033650,AGGRAVATED MENACING,45,10.0,-84.55068529,39.12170909
239033649,BURGLARY,30,48.0,-84.55279043,39.10333929
249000158,TAKING THE IDENTITY OF ANOTHER,0,0.0,-84.48528948,39.12086772
239035565,THEFT,0,0.0,-84.5114107,39.1076134
239033820,THEFT,0,2359.0,-84.58045315,39.10545117
239033779,THEFT,0,170.0,-84.57438965,39.15683173
239033648,CRIMINAL DAMAGING/ENDANGERING,0,9.0,-84.52373043,39.14004823
239033645,AGGRAVATED MENACING,2330,2344.0,-84.5253688,39.10725202
239033646,FELONIOUS ASSAULT,2328,2331.0,-84.56049526,39.11441786
239033662,CRIMINAL DAMAGING/ENDANGERING,230,90.0,-84.55342888,39.1663427
239033662,THEFT,230,90.0,-84.55299888,39.1656827
239033662,CRIMINAL DAMAGING/ENDANGERING,230,90.0,-84.55247888,39.1656427
239033662,THEFT,230,90.0,-84.55219888,39.1662727
239033680,ASSAULT,230,230.0,-84.50374982,39.13629311
239033663,THEFT,2230,855.0,-84.40119646,39.15954805
239033658,THEFT,2230,745.0,-84.48140406,39.1980247
239033638,THEFT,2220,2225.0,-84.39503283,39.16148416
239033638,THEFT,2220,2225.0,-84.39420283,39.16136416
239033657,THEFT,220,70.0,-84.56171837,39.18462871
239034927,ASSAULT,2130,2145.0,-84.49043829,39.12609182
239034927,THEFT,2130,2145.0,-84.49004829,39.12728182
239033754,THEFT,2130,2030.0,-84.51266983,39.14240412
239033665,THEFT,210,745.0,-84.60874155,39.14409862
239033643,THEFT,2034,2258.0,-84.57201168,39.12832099
239033712,THEFT,190,190.0,-84.51184537,39.10690764
239034090,THEFT,190,60.0,-84.50877261,39.13011595
239033641,CRIMINAL DAMAGING/ENDANGERING,190,230.0,-84.52243969,39.10591734
239033632,,190,1929.0,-84.53348246,39.12240607
239033622,ASSAULT,190,1910.0,-84.48385357,39.12759625
239033621,CRIMINAL DAMAGING/ENDANGERING,1855,190.0,-84.51650392,39.11220129
239033683,THEFT,1845,1915.0,-84.4923912,39.1459809
239033629,ASSAULT,1830,1845.0,-84.54059085,39.19253563
239033637,THEFT,1815,1815.0,-84.59723062,39.12825252
239033692,THEFT,180,820.0,-84.472836,39.16023489
239033692,THEFT,180,820.0,-84.472376,39.15927489
239033642,THEFT,180,220.0,-84.53665983,39.1132345
239033615,AGGRAVATED MENACING,1720,1720.0,-84.57030154,39.13490514
239033615,AGGRAVATED MENACING,1720,1720.0,-84.56972154,39.13318514
239033615,AGGRAVATED MENACING,1720,1720.0,-84.56947154,39.13447514
239033615,AGGRAVATED MENACING,1720,1720.0,-84.56942154,39.13474514
239033615,AGGRAVATED MENACING,1720,1720.0,-84.56875154,39.13350514
239033838,THEFT,1616,1620.0,-84.51811675,39.11928132
239033606,ASSAULT,1610,1615.0,-84.5209277,39.20097687
239033664,THEFT,160,1715.0,-84.58558052,39.11292053
239033612,DOMESTIC VIOLENCE,160,1722.0,-84.54995292,39.1564508
239033607,ASSAULT,1550,1555.0,-84.57632085,39.11275307
239C000764,THEFT,1535,1715.0,-84.40205544,39.16831845
239033608,THEFT,1530,1530.0,-84.47792288,39.13450591
239033604,CRIMINAL DAMAGING/ENDANGERING,1510,1520.0,-84.60661451,39.12810111
239033604,CRIMINAL DAMAGING/ENDANGERING,1510,1520.0,-84.60636451,39.12748111
239033604,CRIMINAL DAMAGING/ENDANGERING,1510,1520.0,-84.60524451,39.12817111
239034279,THEFT,159,1510.0,-84.51178537,39.10637764
239033070,FORGERY,150,153.0,-84.60313205,39.12389273
239033703,THEFT,150,1515.0,-84.52190261,39.12811539
239034278,THEFT,1430,1445.0,-84.51268537,39.10601764
239033591,AGGRAVATED MENACING,1340,1345.0,-84.53930764,39.2006791
239034177,THEFT,1230,230.0,-84.4716901,39.14527006
239033668,THEFT,1230,930.0,-84.53018259,39.13756481
239033597,MENACING,1225,1240.0,-84.4915307,39.12804327
239033620,CRIMINAL DAMAGING/ENDANGERING,120,180.0,-84.46519687,39.17662391
239033594,THEFT,120,1250.0,-84.57202683,39.10935268
239033583,ASSAULT,120,1211.0,-84.54558644,39.19242024
239033576,THEFT,1115,1118.0,-84.56410727,39.11608197
239033614,MENACING,110,1115.0,-84.53806855,39.15890267
239033598,CRIMINAL DAMAGING/ENDANGERING,110,140.0,-84.52738149,39.13644443
239033584,DOMESTIC VIOLENCE,110,1150.0,-84.54663486,39.18804027
239033618,THEFT,1050,120.0,-84.5793912,39.20295146
239033572,AGGRAVATED MENACING,1025,1027.0,-84.5780134,39.11706435
239033572,DOMESTIC VIOLENCE,1025,1027.0,-84.5776834,39.11848435
239033579,THEFT,927,931.0,-84.58496052,39.11325053
239033567,CRIMINAL DAMAGING/ENDANGERING,927,928.0,-84.56618204,39.10081071
239033568,AGGRAVATED MENACING,918,925.0,-84.53553196,39.13475875
239033568,AGGRAVATED MENACING,918,925.0,-84.53538196,39.13582875
239033566,ASSAULT,915,916.0,-84.51038915,39.12102297
239033562,THEFT,915,916.0,-84.5127861,39.16309196
239033562,THEFT,915,916.0,-84.5126961,39.16366196
239033926,FORGERY,90,160.0,-84.60280205,39.12391273
239033926,FORGERY,90,160.0,-84.60177205,39.12316273
239033563,DOMESTIC VIOLENCE,850,856.0,-84.57237245,39.11346824
239033742,THEFT,80,1950.0,-84.54742149,39.16455964
239033601,BREAKING AND ENTERING,80,1540.0,-84.5218125,39.13446582
239033551,THEFT,740,745.0,-84.46852915,39.14601641
239033558,DOMESTIC VIOLENCE,735,737.0,-84.57012284,39.1335949
239033558,DOMESTIC VIOLENCE,735,737.0,-84.56981284,39.1327949
239033543,CRIMINAL DAMAGING/ENDANGERING,650,75.0,-84.50354414,39.15328114
239033537,CRIMINAL DAMAGING/ENDANGERING,518,519.0,-84.52930149,39.13728443
239033537,CRIMINAL DAMAGING/ENDANGERING,518,519.0,-84.52884149,39.13721443
239033537,CRIMINAL DAMAGING/ENDANGERING,518,519.0,-84.52870149,39.13657443
239033537,CRIMINAL DAMAGING/ENDANGERING,518,519.0,-84.52788149,39.13631443
239C000752,THEFT,50,525.0,-84.52890149,39.13768443
239033538,CRIMINAL DAMAGING/ENDANGERING,445,50.0,-84.52830448,39.13496003
239033538,CRIMINAL DAMAGING/ENDANGERING,445,50.0,-84.52810448,39.13372003
239033538,CRIMINAL DAMAGING/ENDANGERING,445,50.0,-84.52799448,39.13465003
239033538,CRIMINAL DAMAGING/ENDANGERING,445,50.0,-84.52796448,39.13326003
239033538,CRIMINAL DAMAGING/ENDANGERING,445,50.0,-84.52758448,39.13318003
239033538,CRIMINAL DAMAGING/ENDANGERING,445,50.0,-84.52721448,39.13363003
239033538,CRIMINAL DAMAGING/ENDANGERING,445,50.0,-84.52690448,39.13392003
239033581,THEFT,310,315.0,-84.56872857,39.10490101
239033581,THEFT,310,315.0,-84.56774857,39.10461101
239033605,CRIMINAL DAMAGING/ENDANGERING,230,150.0,-84.44200012,39.11879306
239033533,CRIMINAL DAMAGING/ENDANGERING,225,227.0,-84.42379687,39.11190825
239033609,THEFT,10,70.0,-84.50315681,39.14534501
239033535,CRIMINAL DAMAGING/ENDANGERING,3,333.0,-84.53090318,39.13772828
239033535,CRIMINAL DAMAGING/ENDANGERING,3,333.0,-84.53074318,39.13909828
239033535,CRIMINAL DAMAGING/ENDANGERING,3,333.0,-84.53058318,39.13772828
239033535,CRIMINAL DAMAGING/ENDANGERING,3,333.0,-84.53052318,39.13823828
239035697,TAKING THE IDENTITY OF ANOTHER,0,0.0,-84.51228209,39.17325266
239035090,FORGERY,0,100.0,-84.56158514,39.15178968
239035090,THEFT,0,100.0,-84.56145514,39.15244968
239034832,THEFT,0,210.0,-84.53205322,39.11824738
239033871,CRIMINAL DAMAGING/ENDANGERING,0,1630.0,-84.5289608,39.1422097
239033545,THEFT,0,650.0,-84.4351728,39.12488173
239033545,THEFT,0,650.0,-84.4345028,39.12494173
239033545,THEFT,0,650.0,-84.4335628,39.12491173
239033545,THEFT,0,650.0,-84.4335228,39.12536173
239033547,THEFT,0,630.0,-84.50166262,39.14710445
239033548,THEFT,0,430.0,-84.4350128,39.12636173
239033548,THEFT,0,430.0,-84.4349428,39.12548173
239033556,CRIMINAL DAMAGING/ENDANGERING,0,430.0,-84.4348328,39.12492173
239033548,THEFT,0,430.0,-84.4345628,39.12499173
239033548,THEFT,0,430.0,-84.4339528,39.12472173
239033548,THEFT,0,430.0,-84.4338628,39.12476173
239033548,THEFT,0,430.0,-84.4338328,39.12601173
239033610,THEFT,2359,1422.0,-84.56658874,39.1476454
239033610,THEFT,2359,1422.0,-84.56596874,39.1480454
239033529,AGGRAVATED ROBBERY,2343,2345.0,-84.58933851,39.149384
239033984,DOMESTIC VIOLENCE,2330,0.0,-84.55184349,39.11633184
239033829,BURGLARY,2320,2330.0,-84.55944804,39.12664283
239033528,THEFT,2315,2340.0,-84.42778249,39.161983
239033571,CRIMINAL DAMAGING/ENDANGERING,230,1015.0,-84.56637565,39.14649248
239033534,THEFT,230,10.0,-84.51296992,39.13867791
239033521,THEFT,2245,2250.0,-84.50813854,39.10937128
239033525,THEFT,224,2345.0,-84.49024037,39.12499786
239033586,THEFT,220,100.0,-84.52091481,39.12361319
239033552,CRIMINAL DAMAGING/ENDANGERING,220,60.0,-84.61127653,39.13824247
239033511,CRIMINAL DAMAGING/ENDANGERING,220,2218.0,-84.50953672,39.1098879
239033516,CRIMINAL DAMAGING/ENDANGERING,220,2218.0,-84.50939672,39.1088279
239033520,CRIMINAL DAMAGING/ENDANGERING,220,2218.0,-84.50898672,39.1098079
239033512,CRIMINAL DAMAGING/ENDANGERING,2139,2155.0,-84.46708035,39.17338266
239033517,THEFT,2115,2220.0,-84.54427697,39.17270022
239033518,CRIMINAL DAMAGING/ENDANGERING,2115,2130.0,-84.47113442,39.1743352
239033555,THEFT,210,720.0,-84.60897645,39.14292522
239033540,THEFT,210,50.0,-84.59838395,39.13425272
239033559,THEFT,210,50.0,-84.50902672,39.1088479
239033530,CRIMINAL DAMAGING/ENDANGERING,210,230.0,-84.3869596,39.0920684
239033519,CRIMINAL DAMAGING/ENDANGERING,210,2128.0,-84.47255442,39.1750652
239033519,CRIMINAL DAMAGING/ENDANGERING,210,2128.0,-84.47240442,39.1751052
239033510,DOMESTIC VIOLENCE,2040,2055.0,-84.49037497,39.12740985
239033611,BURGLARY,200,1730.0,-84.55283467,39.13503619
239033573,THEFT,200,615.0,-84.5233939,39.11728193
239033678,THEFT,1930,1040.0,-84.57302966,39.18704007
239034317,THEFT,1920,2010.0,-84.56072804,39.12739283
239033514,THEFT,1910,1930.0,-84.59763062,39.12746252
239033515,THEFT,190,2055.0,-84.54097319,39.15708435
239033509,,190,1959.0,-84.54998714,39.16537038
239033505,THEFT,1759,1759.0,-84.53933426,39.13688845
239034219,THEFT,1730,1730.0,-84.42609918,39.14607065
239C000765,CRIMINAL DAMAGING/ENDANGERING,1730,830.0,-84.528474,39.13472502
239033497,ASSAULT,1720,1730.0,-84.48494029,39.1246812
239033495,ASSAULT,1718,1728.0,-84.56736939,39.10185547
239033495,ASSAULT,1718,1728.0,-84.56600939,39.10132547
239035126,THEFT,170,180.0,-84.54949001,39.13855993
239033489,THEFT,1639,1645.0,-84.38886804,39.09370199
239033499,CRIMINAL DAMAGING/ENDANGERING,1630,1830.0,-84.51139493,39.11273961
239033490,ASSAULT,1625,1629.0,-84.48405588,39.15075543
239033557,THEFT,1530,815.0,-84.46442112,39.17613836
239033484,CRIMINAL DAMAGING/ENDANGERING,155,156.0,-84.49480579,39.14466123
239033484,CRIMINAL DAMAGING/ENDANGERING,155,156.0,-84.49451579,39.14557123
239037735,CRIMINAL DAMAGING/ENDANGERING,150,160.0,-84.41972433,39.15940644
239033485,ASSAULT,1440,1449.0,-84.56546917,39.1047754
239033485,CRIMINAL DAMAGING/ENDANGERING,1440,1449.0,-84.56431917,39.1056554
239033483,THEFT,1410,1415.0,-84.51374712,39.12794625
239033473,MENACING,1345,1350.0,-84.4901267,39.14631121
239033481,AGGRAVATED MENACING,1341,1441.0,-84.56217419,39.13174053
239033472,THEFT,1323,1325.0,-84.61918086,39.14334619
239033486,,130,1534.0,-84.51035078,39.12771751
239033705,AGGRAVATED MENACING,120,160.0,-84.4895967,39.14664121
239033469,THEFT,120,128.0,-84.60944878,39.13150603
239033468,MENACING,1140,1145.0,-84.49014742,39.14654822
239033460,ASSAULT,100,1010.0,-84.50441178,39.1466611
239033580,CRIMINAL DAMAGING/ENDANGERING,100,1215.0,-84.52288885,39.13394778
239036767,BREAKING AND ENTERING,90,110.0,-84.46058495,39.21660782
239034095,TELEPHONE HARASSMENT,90,90.0,-84.45589055,39.20698374
239033449,CRIMINAL DAMAGING/ENDANGERING,75,710.0,-84.51264499,39.18292756
239036890,THEFT,520,520.0,-84.57303612,39.18664
239033448,DOMESTIC VIOLENCE,415,428.0,-84.56010415,39.13054685
239033442,DOMESTIC VIOLENCE,411,411.0,-84.5805653,39.14580531
239033464,THEFT,350,45.0,-84.52881149,39.13787443
239033450,THEFT,30,730.0,-84.54516116,39.2043254
239033441,BREAKING AND ENTERING,247,247.0,-84.47840505,39.16859168
239033493,THEFT,10,90.0,-84.49457771,39.12063577
239033440,AGGRAVATED MENACING,10,10.0,-84.49763474,39.10701224
239033553,THEFT,1,70.0,-84.52644424,39.13707142
239033553,THEFT,1,70.0,-84.52599424,39.13572142
239033553,THEFT,1,70.0,-84.52595424,39.13652142
239033553,THEFT,1,70.0,-84.52588424,39.13534142
239033553,THEFT,1,70.0,-84.52582424,39.13528142
239033553,THEFT,1,70.0,-84.52555424,39.13597142
239033553,THEFT,1,70.0,-84.52533424,39.13676142
239033553,THEFT,1,70.0,-84.52486424,39.13693142
239033553,THEFT,1,70.0,-84.52473424,39.13537142
239033553,THEFT,1,70.0,-84.52467424,39.13671142
239033736,BREAKING AND ENTERING,0,160.0,-84.44503531,39.1386342
239033463,THEFT,230,2330.0,-84.52360707,39.11020911
239033911,THEFT,230,1030.0,-84.50622015,39.13351988
239033428,THEFT,220,2230.0,-84.58473078,39.10891496
239033456,THEFT,2159,759.0,-84.49013742,39.14567822
239033476,THEFT,210,140.0,-84.52876391,39.13985383
239033454,BURGLARY,210,445.0,-84.48062223,39.17671683
239033429,DOMESTIC VIOLENCE,2030,2039.0,-84.57150732,39.14927855
239033426,THEFT,1940,1956.0,-84.53948426,39.13647845
239033425,CRIMINAL DAMAGING/ENDANGERING,1930,1940.0,-84.47625009,39.17835576
239033430,ASSAULT,190,210.0,-84.46737574,39.14575269
239033430,ASSAULT,190,210.0,-84.46713574,39.14515269
239033430,ASSAULT,190,210.0,-84.46690574,39.14573269
239034233,THEFT,1820,80.0,-84.51657778,39.10686153
239033447,CRIMINAL DAMAGING/ENDANGERING,180,530.0,-84.51702952,39.09900672
239033496,ASSAULT,1745,1745.0,-84.51062668,39.09694277
239033498,THEFT,170,80.0,-84.55933574,39.11197972
239033421,DOMESTIC VIOLENCE,1640,1649.0,-84.4872296,39.15239714
239033421,VIOLATE PROTECTION ORDER/CONSENT AGREEMENT,1640,1649.0,-84.4861196,39.15083714
239033421,VIOLATE PROTECTION ORDER/CONSENT AGREEMENT,1640,1649.0,-84.4858596,39.15214714
239033421,DOMESTIC VIOLENCE,1640,1649.0,-84.4854996,39.15098714
239033435,CRIMINAL DAMAGING/ENDANGERING,1550,2210.0,-84.50570767,39.09728785
239033435,THEFT,1550,2210.0,-84.50531767,39.09597785
239033435,THEFT,1550,2210.0,-84.50501767,39.09679785
239033435,CRIMINAL DAMAGING/ENDANGERING,1550,2210.0,-84.50480767,39.09663785
239033435,THEFT,1550,2210.0,-84.50472767,39.09775785
239033435,CRIMINAL DAMAGING/ENDANGERING,1550,2210.0,-84.50452767,39.09666785
239033435,CRIMINAL DAMAGING/ENDANGERING,1550,2210.0,-84.50436767,39.09676785
239033435,THEFT,1550,2210.0,-84.50433767,39.09598785
239033435,THEFT,1550,2210.0,-84.50401767,39.09729785
239033435,CRIMINAL DAMAGING/ENDANGERING,1550,2210.0,-84.50387767,39.09658785
239033407,THEFT,1545,1655.0,-84.51600211,39.11049213
239033407,CRIMINAL DAMAGING/ENDANGERING,1545,1655.0,-84.51460211,39.11112213
239033506,CRIMINAL DAMAGING/ENDANGERING,1535,2033.0,-84.53133482,39.15057373
239033398,THEFT,1519,1520.0,-84.51217288,39.11185918
239033424,THEFT,1430,1510.0,-84.59692062,39.12748252
239033389,THEFT,145,147.0,-84.62180538,39.14219889
239033383,ASSAULT,1330,1330.0,-84.49486226,39.14342005
239033384,MENACING,1330,1340.0,-84.52604496,39.11341883
239033414,CRIMINAL DAMAGING/ENDANGERING,130,160.0,-84.51055389,39.10386317
239033414,CRIMINAL DAMAGING/ENDANGERING,130,160.0,-84.51009389,39.10234317
239033419,CRIMINAL DAMAGING/ENDANGERING,130,160.0,-84.51001643,39.10411121
239033414,CRIMINAL DAMAGING/ENDANGERING,130,160.0,-84.50984389,39.10268317
239033414,CRIMINAL DAMAGING/ENDANGERING,130,160.0,-84.50951389,39.10371317
239033393,DOMESTIC VIOLENCE,130,1352.0,-84.47411604,39.19972268
239033451,TELEPHONE HARASSMENT,1250,1253.0,-84.42165539,39.11517956
239033415,THEFT,1230,1550.0,-84.52043123,39.10447623
239034230,THEFT,125,125.0,-84.42576918,39.14597065
239033379,THEFT,121,131.0,-84.50187155,39.15356393
239035804,THEFT,120,70.0,-84.42432275,39.1612193
239033418,CRIMINAL DAMAGING/ENDANGERING,120,160.0,-84.52477602,39.09583692
239033418,THEFT,120,160.0,-84.52441602,39.09567692
239033400,CRIMINAL DAMAGING/ENDANGERING,120,160.0,-84.52133789,39.10645912
239033400,THEFT,120,160.0,-84.52051789,39.10650912
239033374,THEFT,1145,1149.0,-84.38735689,39.09422039
239033416,CRIMINAL DAMAGING/ENDANGERING,110,1555.0,-84.51009499,39.1042336
239033416,THEFT,110,1555.0,-84.51008499,39.1034236
239033416,CRIMINAL DAMAGING/ENDANGERING,110,1555.0,-84.50945499,39.1039936
239033416,CRIMINAL DAMAGING/ENDANGERING,110,1555.0,-84.50920499,39.1033536
239033416,THEFT,110,1555.0,-84.50897499,39.1032336
239033416,THEFT,110,1555.0,-84.50896499,39.1034236
239033373,,110,1155.0,-84.55243286,39.13008754
239033369,AGGRAVATED ROBBERY,100,1015.0,-84.5611699,39.11873086
239033372,CRIMINAL DAMAGING/ENDANGERING,940,945.0,-84.58067315,39.10559117
239033353,ASSAULT,630,635.0,-84.51939684,39.19084308
239033368,CRIMINAL DAMAGING/ENDANGERING,610,930.0,-84.5646952,39.18230607
239033368,AGGRAVATED MENACING,610,930.0,-84.5643752,39.18264607
239033423,THEFT,444,444.0,-84.68521986,39.10480352
239033348,THEFT,425,430.0,-84.6046289,39.12784474
239033804,THEFT,40,425.0,-84.56322878,39.09675797
239033347,ASSAULT,356,356.0,-84.57176521,39.10817252
239033347,BURGLARY,356,356.0,-84.57097521,39.10912252
239033371,THEFT,345,1030.0,-84.47356264,39.1384751
239033339,AGGRAVATED ROBBERY,230,245.0,-84.45582083,39.20395153
239033344,DOMESTIC VIOLENCE,215,219.0,-84.56596148,39.0972357
239033344,DOMESTIC VIOLENCE,215,219.0,-84.56566148,39.0989857
239033564,THEFT,20,100.0,-84.44111495,39.17846115
239033342,AGGRAVATED MENACING,20,215.0,-84.58706185,39.15190906
239033338,ASSAULT,20,215.0,-84.5551406,39.10315346
239033340,THEFT,157,30.0,-84.51380665,39.10573932
239033340,CRIMINAL DAMAGING/ENDANGERING,157,30.0,-84.51267665,39.10520932
239033335,DOMESTIC VIOLENCE,124,134.0,-84.60038385,39.13303528
239033335,ASSAULT,124,134.0,-84.60032385,39.13221528
239033396,THEFT,10,230.0,-84.47930019,39.19603668
239033361,BURGLARY,10,929.0,-84.37429289,39.09003342
239033331,DOMESTIC VIOLENCE,55,10.0,-84.52975303,39.13973757
239033341,THEFT,30,336.0,-84.52061498,39.10442152
239033334,THEFT,10,15.0,-84.42456065,39.15507509
239033667,VIOLATE PROTECTION ORDER/CONSENT AGREEMENT,1,2359.0,-84.4374572,39.17678979
239034118,THEFT,0,0.0,-84.48520727,39.15668841
239033382,THEFT,0,1045.0,-84.50686876,39.12976804
239033382,THEFT,0,1045.0,-84.50656876,39.12900804
239033328,THEFT,2355,2358.0,-84.42731249,39.161753
239033474,IMPROPERLY DISCHARGING FIREARM AT/INTO HABITATION/SCHOOL,230,2330.0,-84.53521101,39.19813785
239033354,CRIMINAL DAMAGING/ENDANGERING,230,736.0,-84.38824513,39.09408781
239033326,CRIMINAL DAMAGING/ENDANGERING,230,2330.0,-84.5200948,39.10149909
239033327,CRIMINAL DAMAGING/ENDANGERING,2230,2310.0,-84.5151436,39.11140402
239033325,CRIMINAL DAMAGING/ENDANGERING,2230,2310.0,-84.5140236,39.11231402
239C000748,CRIMINAL DAMAGING/ENDANGERING,2215,1015.0,-84.5174025,39.11767427
239033491,THEFT,220,1130.0,-84.51195772,39.14022838
239033358,THEFT,220,223.0,-84.50838872,39.13116555
239033261,THEFT,220,750.0,-84.5210348,39.10176909
239020844,THEFT,220,2230.0,-84.55936774,39.10708697
239033324,THEFT,2145,225.0,-84.61904728,39.1455323
239036101,THEFT,2130,220.0,-84.499654,39.14486756
239033362,THEFT,210,90.0,-84.50476845,39.12379927
239033391,THEFT,210,90.0,-84.51323301,39.14491643
239033360,THEFT,210,210.0,-84.52138498,39.10541152
239033316,DOMESTIC VIOLENCE,210,2115.0,-84.48984798,39.14718364
239033313,CRIMINAL DAMAGING/ENDANGERING,2050,2054.0,-84.55432423,39.14876324
239033311,MENACING,2014,2022.0,-84.54995275,39.12679326
239033311,TELEPHONE HARASSMENT,2014,2022.0,-84.54920275,39.12619326
239033355,THEFT,200,80.0,-84.4693866,39.12334935
239033312,DOMESTIC VIOLENCE,200,2020.0,-84.5073488,39.13137451
239033465,THEFT,1930,1830.0,-84.50602015,39.13237988
239033370,THEFT,180,945.0,-84.50765548,39.13225508
239033319,THEFT,180,2154.0,-84.53812775,39.1617629
239033319,THEFT,180,2154.0,-84.53779775,39.1609429
239033364,THEFT,170,1010.0,-84.45198608,39.14092585
239033320,THEFT,170,210.0,-84.51205633,39.11043715
239033301,ASSAULT,170,1720.0,-84.54613379,39.18911877
239033333,THEFT,1630,170.0,-84.57813278,39.13829443
239035881,THEFT,160,1050.0,-84.47456857,39.12534801
239033302,THEFT,160,1645.0,-84.62290701,39.14535442
239033299,THEFT,160,1645.0,-84.62168701,39.14436442
239033294,ASSAULT,1525,1550.0,-84.5683576,39.1461707
239033294,DOMESTIC VIOLENCE,1525,1550.0,-84.5682976,39.1457907
239033307,THEFT,150,160.0,-84.60622692,39.14814814
239033412,UNAUTHORIZED USE OF MOTOR VEHICLE,150,1629.0,-84.60644177,39.11122119
239033412,THEFT,150,1629.0,-84.60548177,39.11122119
239033295,ASSAULT,150,1547.0,-84.47964604,39.13987627
239033305,THEFT,140,1415.0,-84.50277331,39.11153923
239033279,THEFT,1325,1330.0,-84.52100388,39.11880239
239033280,ASSAULT,1310,1315.0,-84.59035807,39.14108635
239033280,CRIMINAL DAMAGING/ENDANGERING,1310,1315.0,-84.59022807,39.14139635
239033409,CRIMINAL DAMAGING/ENDANGERING,130,170.0,-84.56176624,39.09256798
239033290,THEFT,130,1423.0,-84.53616392,39.16196917
239033308,THEFT,130,1310.0,-84.42538918,39.14578065
239033276,AGGRAVATED MENACING,130,133.0,-84.52584432,39.11546677
239033298,AGGRAVATED MENACING,1210,1210.0,-84.52858583,39.11552477
239034785,THEFT,120,83.0,-84.51368157,39.16512513
239033306,BURGLARY,120,180.0,-84.5379253,39.20720673
239033306,BURGLARY,120,180.0,-84.5366953,39.20797673
239033278,IMPROPERLY DISCHARGING FIREARM AT/INTO HABITATION/SCHOOL,110,130.0,-84.51047085,39.1812082
239033287,MENACING,90,1446.0,-84.48948527,39.14456888
239033729,THEFT,80,100.0,-84.42497619,39.17536417
239C000754,THEFT,50,60.0,-84.48921455,39.12560957
239033392,CRIMINAL DAMAGING/ENDANGERING,30,330.0,-84.50557239,39.13037823
239C000753,CRIMINAL DAMAGING/ENDANGERING,30,950.0,-84.48771455,39.12552957
239033255,THEFT,30,530.0,-84.41078094,39.1794077
239033240,THEFT,245,249.0,-84.51236875,39.16349801
239033286,CRIMINAL DAMAGING/ENDANGERING,230,230.0,-84.50419789,39.13294277
239033286,CRIMINAL DAMAGING/ENDANGERING,230,230.0,-84.50245789,39.13146277
239033233,DOMESTIC VIOLENCE,115,118.0,-84.58379799,39.14386959
239C000760,THEFT,10,80.0,-84.51995274,39.11773543
239033277,AGGRAVATED MENACING,10,1230.0,-84.47540111,39.17256014
239033277,AGGRAVATED MENACING,10,1230.0,-84.47407111,39.17377014
239033277,AGGRAVATED MENACING,10,1230.0,-84.47388111,39.17337014
239033266,THEFT,10,110.0,-84.52909149,39.13625443
239033266,THEFT,10,110.0,-84.52889149,39.13641443
239033253,THEFT,10,80.0,-84.53019433,39.13611418
239033231,ASSAULT,10,110.0,-84.52694782,39.11453989
239033236,DOMESTIC VIOLENCE,50,17.0,-84.58166315,39.10481117
239033245,THEFT,30,430.0,-84.50761818,39.11087338
239033224,THEFT,9,9.0,-84.51366856,39.10871265
239033310,THEFT,1,60.0,-84.59312554,39.147812
239033238,ASSAULT,1,144.0,-84.57818831,39.19059904
239034913,MENACING,0,0.0,-84.57327238,39.09459113
239033685,FELONIOUS ASSAULT,0,50.0,-84.55952623,39.11213082
239033376,CRIMINAL DAMAGING/ENDANGERING,0,1210.0,-84.50852016,39.10504195
239033284,TAKING THE IDENTITY OF ANOTHER,0,1430.0,-84.59913344,39.13075565
239033259,THEFT,0,100.0,-84.50586719,39.12501722
239033259,THEFT,0,100.0,-84.50457719,39.12426722
239033248,THEFT,0,70.0,-84.49938099,39.12667327
239033377,THEFT,2359,110.0,-84.54774653,39.2029895
239033222,FELONIOUS ASSAULT,2340,2346.0,-84.52199575,39.11734078
239034420,THEFT,230,90.0,-84.59389136,39.14464193
239033269,THEFT,230,1130.0,-84.46992648,39.13413097
239033260,THEFT,2230,90.0,-84.54809275,39.12689326
239033217,CRIMINAL DAMAGING/ENDANGERING,2225,2228.0,-84.53055568,39.12091487
239033217,ASSAULT,2225,2228.0,-84.52974568,39.12085487
239033215,DOMESTIC VIOLENCE,2215,2220.0,-84.51390188,39.17499465
239033220,TELEPHONE HARASSMENT,2210,2214.0,-84.59221563,39.10886764
239033281,ASSAULT,220,2210.0,-84.50773035,39.10853587
239033268,DOMESTIC VIOLENCE,220,230.0,-84.55830825,39.14436479
239033258,THEFT,220,845.0,-84.48908872,39.14768062
239033246,THEFT,220,61.0,-84.46983694,39.145544
239033244,THEFT,220,441.0,-84.57680654,39.20235434
239033208,CRIMINAL DAMAGING/ENDANGERING,2125,2129.0,-84.5140236,39.11166402
239033264,THEFT,210,100.0,-84.52778149,39.13671443
239033257,CRIMINAL DAMAGING/ENDANGERING,210,90.0,-84.4863632,39.13128923
239033257,THEFT,210,90.0,-84.4860432,39.13031923
239033219,THEFT,210,2130.0,-84.55005096,39.15507807
239034030,CRIMINAL DAMAGING/ENDANGERING,2010,2020.0,-84.46791566,39.1880403
239033206,AGGRAVATED MENACING,205,208.0,-84.61586721,39.13783573
239033285,CRIMINAL DAMAGING/ENDANGERING,200,1433.0,-84.50731294,39.12541007
239033225,CRIMINAL DAMAGING/ENDANGERING,200,34.0,-84.51418415,39.10876384
239033221,DOMESTIC VIOLENCE,200,2048.0,-84.55753261,39.20346141
239033223,VIOLATE PROTECTION ORDER/CONSENT AGREEMENT,200,2048.0,-84.55702261,39.20268141
239033221,ASSAULT,200,2048.0,-84.55581261,39.20264141
239033210,THEFT,1930,2126.0,-84.51423035,39.10235774
239033247,THEFT,190,60.0,-84.47971276,39.14922448
239033192,THEFT,190,195.0,-84.52006355,39.11479724
239033203,CRIMINAL DAMAGING/ENDANGERING,1855,190.0,-84.57367805,39.11270118
239033205,DOMESTIC VIOLENCE,1850,1855.0,-84.57395805,39.11286118
239033205,DOMESTIC VIOLENCE,1850,1855.0,-84.57359805,39.11271118
239033205,AGGRAVATED MENACING,1850,1855.0,-84.57333805,39.11288118
239033205,CRIMINAL DAMAGING/ENDANGERING,1850,1855.0,-84.57291805,39.11290118
239033205,AGGRAVATED MENACING,1850,1855.0,-84.57280805,39.11256118
239033205,CRIMINAL DAMAGING/ENDANGERING,1850,1855.0,-84.57268805,39.11281118
239033198,MENACING,1850,1853.0,-84.56515363,39.1063679
239033198,CRIMINAL DAMAGING/ENDANGERING,1850,1853.0,-84.56500363,39.1058979
239033191,CRIMINAL DAMAGING/ENDANGERING,1830,1832.0,-84.60124232,39.13108505
239C000756,THEFT,180,150.0,-84.5067434,39.12518373
239033292,CRIMINAL DAMAGING/ENDANGERING,180,130.0,-84.52676909,39.11272511
239033252,THEFT,180,70.0,-84.53213805,39.10955648
239033243,THEFT,180,0.0,-84.61811073,39.14671073
239033214,AGGRAVATED MENACING,180,1810.0,-84.51693278,39.1200023
239033211,THEFT,1730,180.0,-84.50915235,39.13225834
239033561,THEFT,170,130.0,-84.48432023,39.12678807
239033282,CRIMINAL DAMAGING/ENDANGERING,170,90.0,-84.49286773,39.12638578
239033183,THEFT,170,170.0,-84.42721249,39.161453
239033251,CRIMINAL DAMAGING/ENDANGERING,1610,610.0,-84.48487359,39.14689749
239033175,THEFT,155,1514.0,-84.4926312,39.1466709
239033175,THEFT,155,1514.0,-84.4922712,39.1452809
239033175,THEFT,155,1514.0,-84.4921812,39.1466209
239033172,CRIMINAL DAMAGING/ENDANGERING,1447,1455.0,-84.51543838,39.10674813
239033174,THEFT,140,1450.0,-84.60659485,39.12760993
239033461,ASSAULT,1355,1358.0,-84.50554684,39.12077491
239033169,ASSAULT,127,129.0,-84.46494251,39.14382268
239033950,THEFT,120,1530.0,-84.50646015,39.13357988
239033270,DOMESTIC VIOLENCE,110,113.0,-84.54677772,39.16169068
239033297,THEFT,100,160.0,-84.41352587,39.15132137
239033212,THEFT,830,2140.0,-84.52706058,39.14083218
239033163,THEFT,80,1030.0,-84.49480624,39.12161702
239033165,MENACING,77,711.0,-84.55865182,39.15651845
239033143,THEFT,70,70.0,-84.44310779,39.14584836
239033139,AGGRAVATED ROBBERY,345,345.0,-84.51446021,39.1042641
239033133,THEFT,230,243.0,-84.47049227,39.16638911
239033133,THEFT,230,243.0,-84.46951227,39.16767911
239033150,THEFT,221,521.0,-84.52002954,39.17975005
239033152,THEFT,158,236.0,-84.68588701,39.11021724
239033141,THEFT,130,552.0,-84.68385187,39.10903502
239033136,DOMESTIC VIOLENCE,130,220.0,-84.56305593,39.18468431
239033132,CRIMINAL DAMAGING/ENDANGERING,45,130.0,-84.52122505,39.14373642
239033129,THEFT,1,59.0,-84.69932247,39.12081052
239033129,THEFT,1,59.0,-84.69928247,39.12034052
239033131,THEFT,0,26.0,-84.50984229,39.1309051
239033182,THEFT,0,10.0,-84.5116937,39.16578293
239033159,THEFT,0,930.0,-84.51924846,39.20049968
239033158,THEFT,0,830.0,-84.50422177,39.13466643
239033144,CRIMINAL DAMAGING/ENDANGERING,0,730.0,-84.4943642,39.11824016
239033144,CRIMINAL DAMAGING/ENDANGERING,0,730.0,-84.4938442,39.11879016
239033466,THEFT,230,1210.0,-84.45916436,39.20314675
239033148,THEFT,230,730.0,-84.57401231,39.11364822
239033213,THEFT,2230,120.0,-84.47578368,39.13832433
239033176,THEFT,2220,150.0,-84.52424175,39.20126068
239033176,CRIMINAL DAMAGING/ENDANGERING,2220,150.0,-84.52408175,39.20074068
239033179,THEFT,220,230.0,-84.45732953,39.19861176
239033157,THEFT,220,330.0,-84.68633413,39.11101758
239033157,THEFT,220,330.0,-84.68598413,39.11180758
239033157,THEFT,220,330.0,-84.68583413,39.11191758
239033155,THEFT,220,60.0,-84.51709208,39.11580269
239033153,THEFT,220,2345.0,-84.5803458,39.14143687
239033147,THEFT,220,70.0,-84.68696023,39.11020055
239033154,CRIMINAL DAMAGING/ENDANGERING,2151,80.0,-84.49155432,39.14551951
239033197,THEFT,210,1849.0,-84.53290088,39.19349337
239C000747,THEFT,2030,9.0,-84.51018531,39.13059598
239033121,FELONIOUS ASSAULT,200,210.0,-84.50280155,39.15400393
239033115,CRIMINAL DAMAGING/ENDANGERING,1930,1940.0,-84.57747809,39.11120367
239033115,CRIMINAL DAMAGING/ENDANGERING,1930,1940.0,-84.57733809,39.11243367
239033115,CRIMINAL DAMAGING/ENDANGERING,1930,1940.0,-84.57643809,39.11203367
239033115,CRIMINAL DAMAGING/ENDANGERING,1930,1940.0,-84.57633809,39.11186367
239033115,CRIMINAL DAMAGING/ENDANGERING,1930,1940.0,-84.57633809,39.11218367
239033115,CRIMINAL DAMAGING/ENDANGERING,1930,1940.0,-84.57617809,39.11292367
239033125,CRIMINAL DAMAGING/ENDANGERING,1920,2220.0,-84.52304149,39.10672386
239033112,ASSAULT,1920,1925.0,-84.58875369,39.12137256
239033111,THEFT,1910,1914.0,-84.59284102,39.11157255
239033111,THEFT,1910,1914.0,-84.59146102,39.11149255
239C000749,THEFT,191,820.0,-84.42443254,39.16389057
239033273,THEFT,190,930.0,-84.53379667,39.12147236
239033109,DOMESTIC VIOLENCE,190,1930.0,-84.57683256,39.20195659
239034101,THEFT,1830,1052.0,-84.50788357,39.17847697
239033104,CRIMINAL DAMAGING/ENDANGERING,1830,1835.0,-84.52457234,39.12052964
239033113,VIOLATE PROTECTION ORDER/CONSENT AGREEMENT,180,1810.0,-84.5907759,39.13697108
239033095,CRIMINAL DAMAGING/ENDANGERING,1737,180.0,-84.48602226,39.1363946
239033103,THEFT,1732,1734.0,-84.51525988,39.11141166
239033093,ASSAULT,1720,1730.0,-84.51045038,39.17833974
239033093,ASSAULT,1720,1730.0,-84.50978038,39.17973974
239033093,ASSAULT,1720,1730.0,-84.50944038,39.17868974
239033636,THEFT,170,2041.0,-84.52298152,39.19256355
239033582,BURGLARY,170,1730.0,-84.56704225,39.12013988
239033453,BREAKING AND ENTERING,170,70.0,-84.49614789,39.13840159
239033164,BREAKING AND ENTERING,170,1058.0,-84.55583998,39.12656901
239033101,ASSAULT,170,1720.0,-84.5371334,39.11363406
239033088,THEFT,1630,1634.0,-84.51542037,39.17199917
239033160,CRIMINAL DAMAGING/ENDANGERING,1515,1525.0,-84.55100288,39.12526412
239033071,DOMESTIC VIOLENCE,1445,1454.0,-84.61697311,39.14276436
239033079,AGGRAVATED ROBBERY,1438,150.0,-84.58855097,39.13101783
239033079,AGGRAVATED ROBBERY,1438,150.0,-84.58844097,39.13101783
239033156,THEFT,1430,90.0,-84.52042282,39.1333157
239033098,THEFT,1430,1445.0,-84.54498761,39.16247458
239033098,THEFT,1430,1445.0,-84.54482761,39.16164458
239033098,THEFT,1430,1445.0,-84.54465761,39.16139458
239033077,THEFT,1426,1426.0,-84.42839249,39.161153
239033061,THEFT,145,1412.0,-84.60983878,39.13065603
239033707,THEFT,140,140.0,-84.49762421,39.13300442
239033084,THEFT,140,144.0,-84.56141125,39.15409424
239033084,VIOLATE PROTECTION ORDER/CONSENT AGREEMENT,140,144.0,-84.55953125,39.15481424
239033083,AGGRAVATED ROBBERY,1346,1350.0,-84.51832351,39.12681286
239033067,ASSAULT,1345,1356.0,-84.5322296,39.14067559
239033073,THEFT,1330,1350.0,-84.62235831,39.14197421
239033470,ASSAULT,1318,1323.0,-84.46447881,39.18954944
239033947,VIOLATE PROTECTION ORDER/CONSENT AGREEMENT,130,1330.0,-84.58241091,39.08647602
239033051,MENACING,1245,1245.0,-84.41366544,39.18928934
239033713,MENACING,1230,130.0,-84.5595537,39.15579397
239033050,ASSAULT,1218,1222.0,-84.612806,39.13498264
239033050,DOMESTIC VIOLENCE,1218,1222.0,-84.611936,39.13471264
239033120,THEFT,1130,160.0,-84.57208245,39.11281824
239033055,BREAKING AND ENTERING,1056,1056.0,-84.52780105,39.13547063
239033039,THEFT,1020,1027.0,-84.61799086,39.14413619
239033041,ASSAULT,940,941.0,-84.56848155,39.19023902
239033045,DOMESTIC VIOLENCE,937,937.0,-84.59439482,39.14407926
239033045,ASSAULT,937,937.0,-84.59425482,39.14461926
239033037,THEFT,927,927.0,-84.48987541,39.12736432
239033304,VIOLATE PROTECTION ORDER/CONSENT AGREEMENT,911,911.0,-84.48162248,39.21452286
239033455,ASSAULT,815,820.0,-84.46241503,39.18982574
239033096,BURGLARY,70,180.0,-84.41646743,39.15624168
239033096,BURGLARY,70,180.0,-84.41604743,39.15669168
239033030,ASSAULT,630,635.0,-84.57127521,39.10924252
239033023,THEFT,339,339.0,-84.56313196,39.09599343
239033023,THEFT,339,339.0,-84.56280196,39.09562343
239033023,BURGLARY,339,339.0,-84.56210196,39.09512343
239033023,BURGLARY,339,339.0,-84.56202196,39.09621343
239033022,ASSAULT,256,30.0,-84.53893722,39.17639723
239033021,THEFT,227,229.0,-84.51146291,39.12951075
239033025,THEFT,20,240.0,-84.50366177,39.13441643
239033145,THEFT,20,50.0,-84.51342237,39.10851997
239033026,CRIMINAL DAMAGING/ENDANGERING,122,126.0,-84.5095821,39.09757526
239033053,THEFT,10,60.0,-84.54635823,39.20239001
239033036,THEFT,30,70.0,-84.47941713,39.19452798
249000431,CRIMINAL DAMAGING/ENDANGERING,0,140.0,-84.60300815,39.15574771
239037618,TAKING THE IDENTITY OF ANOTHER,0,1215.0,-84.58283636,39.10420846
239035590,THEFT,0,2359.0,-84.44781863,39.17104679
239033745,TAKING THE IDENTITY OF ANOTHER,0,200.0,-84.42344743,39.17954819
239033475,THEFT,0,0.0,-84.49290523,39.14172209
239C000746,THEFT,0,90.0,-84.51854044,39.11936491
239033027,THEFT,0,40.0,-84.55170698,39.20016607
239033014,BREAKING AND ENTERING,2348,2349.0,-84.56565116,39.10993241
239033011,ASSAULT,235,2311.0,-84.50869153,39.09879701
239033017,THEFT,230,40.0,-84.506602,39.12668975
239033057,THEFT,2230,1413.0,-84.52217052,39.19291914
239033009,BREAKING AND ENTERING,220,2244.0,-84.49277686,39.13214378
239033006,THEFT,210,2120.0,-84.48123656,39.19806071
239035774,CRIMINAL DAMAGING/ENDANGERING,2028,2042.0,-84.51321999,39.18518956
239033000,ASSAULT,2010,2030.0,-84.45566871,39.20242996
239033066,THEFT,200,80.0,-84.54765817,39.20225825
239032882,MENACING,200,203.0,-84.54386433,39.12952342
239033043,THEFT,1930,958.0,-84.49871876,39.1085379
239033005,BURGLARY,190,2145.0,-84.47057855,39.13693007
239032995,ASSAULT,190,1910.0,-84.53026337,39.10280928
239033007,IMPROPERLY DISCHARGING FIREARM AT/INTO HABITATION/SCHOOL,1845,190.0,-84.52931451,39.11575458
239032997,THEFT,1830,1840.0,-84.51743967,39.12900764
239033038,THEFT,180,80.0,-84.46039588,39.20874335
239032986,ASSAULT,1740,1742.0,-84.47102238,39.17395651
239032993,BURGLARY,1730,180.0,-84.53915217,39.16238371
239032982,,1615,1628.0,-84.52172685,39.10436763
239032979,ASSAULT,150,1730.0,-84.53903016,39.1627248
239032979,ASSAULT,150,1730.0,-84.53876016,39.1619548
239032979,ASSAULT,150,1730.0,-84.53839016,39.1615948
239032968,THEFT,1430,1440.0,-84.58202529,39.14020283
239032964,CRIMINAL DAMAGING/ENDANGERING,1240,130.0,-84.54642992,39.13443384
239032948,THEFT,1220,1240.0,-84.62355831,39.14274421
239032952,DOMESTIC VIOLENCE,1215,1224.0,-84.59063722,39.11075739
239033003,THEFT,120,170.0,-84.46658606,39.13710392
239032945,THEFT,1130,1145.0,-84.68737242,39.10790239
239033029,DOMESTIC VIOLENCE,110,645.0,-84.49076161,39.12180708
239033029,DOMESTIC VIOLENCE,110,645.0,-84.48975161,39.12209708
239032935,THEFT,936,939.0,-84.60941139,39.12831701
239032957,THEFT,80,100.0,-84.53793217,39.16252371
239032939,THEFT,730,80.0,-84.38599771,39.09833756
239032928,THEFT,60,750.0,-84.50301714,39.12688479
239032930,THEFT,530,815.0,-84.39532208,39.15793435
239033044,ASSAULT,40,50.0,-84.47720243,39.17362062
239032926,THEFT,350,415.0,-84.53025753,39.2069125
239032953,CRIMINAL DAMAGING/ENDANGERING,30,70.0,-84.52554858,39.12449429
239032953,CRIMINAL DAMAGING/ENDANGERING,30,70.0,-84.52520858,39.12473429
239032924,DOMESTIC VIOLENCE,230,237.0,-84.41372209,39.18498564
239032921,THEFT,5,24.0,-84.51494026,39.11229705
239034989,TAKING THE IDENTITY OF ANOTHER,0,120.0,-84.57640211,39.20350474
239032937,THEFT,0,70.0,-84.38937463,39.08784827
239032920,DOMESTIC VIOLENCE,0,10.0,-84.56085794,39.15485709
239032916,CRIMINAL DAMAGING/ENDANGERING,2345,2355.0,-84.46416052,39.18223734
239C000745,THEFT,2330,70.0,-84.47224793,39.13376831
239032914,ASSAULT,2330,0.0,-84.5699215,39.19080224
239033010,CRIMINAL DAMAGING/ENDANGERING,230,140.0,-84.51643729,39.11095362
239032904,,2217,2217.0,-84.58202086,39.10383556
239032906,THEFT,2215,2220.0,-84.46590751,39.13973735
239033928,CRIMINAL DAMAGING/ENDANGERING,2130,1230.0,-84.52283751,39.12485248
239032933,CRIMINAL DAMAGING/ENDANGERING,210,852.0,-84.52095886,39.11422503
239032929,THEFT,210,715.0,-84.50007402,39.15030663
239032908,AGGRAVATED ROBBERY,210,2130.0,-84.5663199,39.18728979
239032898,CRIMINAL DAMAGING/ENDANGERING,2050,210.0,-84.54970783,39.14033111
239032900,THEFT,2030,210.0,-84.51191022,39.11449266
239032907,ASSAULT,2030,2126.0,-84.52383751,39.12503248
239032907,AGGRAVATED MENACING,2030,2126.0,-84.52370751,39.12488248
239032907,AGGRAVATED MENACING,2030,2126.0,-84.52345751,39.12548248
239032907,ASSAULT,2030,2126.0,-84.52301751,39.12465248
239032897,CRIMINAL DAMAGING/ENDANGERING,2010,2015.0,-84.54863783,39.13964111
239032895,THEFT,1930,1940.0,-84.61058878,39.13195603
239032892,ROBBERY,1917,1920.0,-84.60253309,39.13104886
239032894,ASSAULT,195,1910.0,-84.52820827,39.10814335
239032958,THEFT,190,80.0,-84.50442818,39.1224651
239032891,ROBBERY,1845,1850.0,-84.52942205,39.10753846
239032893,THEFT,1830,1845.0,-84.51073602,39.09825592
239035762,THEFT,180,80.0,-84.39267684,39.10579437
239032947,THEFT,180,1830.0,-84.46040744,39.19727378
239032927,THEFT,180,640.0,-84.59479232,39.11196055
239033185,THEFT,170,105.0,-84.46058735,39.20654467
239032886,THEFT,170,1710.0,-84.62175831,39.14294421
239032941,CRIMINAL DAMAGING/ENDANGERING,1630,1030.0,-84.51965599,39.11639497
239032867,AGGRAVATED MENACING,1420,1429.0,-84.51327462,39.10881935
239033076,THEFT,140,150.0,-84.56328842,39.09860436
239032940,TELEPHONE HARASSMENT,1330,1330.0,-84.49621399,39.14377485
239032931,MENACING,130,1315.0,-84.49968394,39.14261402
239033065,CRIMINAL DAMAGING/ENDANGERING,120,140.0,-84.49881504,39.1221388
239032864,THEFT,1130,1130.0,-84.41541858,39.13985067
239032850,THEFT,1125,1130.0,-84.70733111,39.13114196
239033102,THEFT,100,170.0,-84.54900709,39.15606192
239032842,THEFT,100,1010.0,-84.51029268,39.12890844
239032885,THEFT,930,150.0,-84.45558161,39.2016833
239032834,BURGLARY,930,940.0,-84.49673477,39.13872336
239032877,CRIMINAL DAMAGING/ENDANGERING,90,1519.0,-84.52051532,39.12017838
239032830,ROBBERY,80,85.0,-84.50383028,39.11341063
239032856,THEFT,451,457.0,-84.41462246,39.14160242
239032833,THEFT,440,540.0,-84.4165477,39.13910455
239032814,THEFT,440,444.0,-84.4221683,39.14590321
239033097,THEFT,40,70.0,-84.57142174,39.09033797
239032826,BURGLARY,40,70.0,-84.57130159,39.14888649
239032826,BURGLARY,40,70.0,-84.56984159,39.14834649
239032818,ASSAULT,320,340.0,-84.60224767,39.12284246
239032848,THEFT,314,324.0,-84.51920495,39.1158749
239032848,THEFT,314,324.0,-84.51851495,39.1153049
239032848,THEFT,314,324.0,-84.51754495,39.1146449
239C000744,THEFT,245,315.0,-84.61331442,39.1381602
239032816,THEFT,245,250.0,-84.61232433,39.13822886
239032819,THEFT,210,330.0,-84.59693604,39.10810849
239032809,DOMESTIC VIOLENCE,10,110.0,-84.59395545,39.14452627
239032800,BREAKING AND ENTERING,36,39.0,-84.49552582,39.1258149
239033599,THEFT,0,2359.0,-84.48872155,39.21514973
239032835,CRIMINAL DAMAGING/ENDANGERING,0,938.0,-84.61375622,39.13869885
239032822,THEFT,0,60.0,-84.60630391,39.11761548
239032822,THEFT,0,60.0,-84.60609391,39.11720548
239032822,THEFT,0,60.0,-84.60608391,39.11578548
239032822,THEFT,0,60.0,-84.60605391,39.11663548
239032822,THEFT,0,60.0,-84.60591391,39.11719548
239032822,CRIMINAL DAMAGING/ENDANGERING,0,60.0,-84.60578391,39.11665548
239032822,CRIMINAL DAMAGING/ENDANGERING,0,60.0,-84.60562391,39.11709548
239032822,CRIMINAL DAMAGING/ENDANGERING,0,60.0,-84.60557391,39.11593548
239032822,CRIMINAL DAMAGING/ENDANGERING,0,60.0,-84.60524391,39.11669548
239032822,CRIMINAL DAMAGING/ENDANGERING,0,60.0,-84.60511391,39.11724548
239032822,CRIMINAL DAMAGING/ENDANGERING,0,60.0,-84.60490391,39.11721548
239032822,CRIMINAL DAMAGING/ENDANGERING,0,60.0,-84.60488391,39.11569548
239032822,THEFT,0,60.0,-84.60475391,39.11700548
239032822,THEFT,0,60.0,-84.60470391,39.11749548
239032820,CRIMINAL DAMAGING/ENDANGERING,0,60.0,-84.60736542,39.12014648
239032806,THEFT,2335,25.0,-84.60386962,39.11796188
239032860,THEFT,2335,2336.0,-84.59718062,39.12757252
239032805,ASSAULT,230,2328.0,-84.52004796,39.1401348
239032805,ASSAULT,230,2328.0,-84.51978796,39.1396648
239032793,THEFT,230,2320.0,-84.60136205,39.13487569
239032793,THEFT,230,2320.0,-84.60122205,39.13648569
239032793,THEFT,230,2320.0,-84.60086205,39.13609569
239032790,FELONIOUS ASSAULT,2230,2234.0,-84.51562013,39.11507625
239032799,AGGRAVATED ROBBERY,2215,2220.0,-84.55370633,39.20763841
239032799,AGGRAVATED ROBBERY,2215,2220.0,-84.55351633,39.20822841
239032799,AGGRAVATED ROBBERY,2215,2220.0,-84.55296633,39.20856841
239032799,AGGRAVATED ROBBERY,2215,2220.0,-84.55240633,39.20848841
239035406,THEFT,220,220.0,-84.51582888,39.09997453
239033544,CRIMINAL DAMAGING/ENDANGERING,220,80.0,-84.48908355,39.13374589
239033544,THEFT,220,80.0,-84.48904355,39.13299589
239032823,CRIMINAL DAMAGING/ENDANGERING,220,80.0,-84.59652208,39.13238947
239032823,THEFT,220,80.0,-84.59517208,39.13210947
239032823,THEFT,220,80.0,-84.59507208,39.13179947
239032823,CRIMINAL DAMAGING/ENDANGERING,220,80.0,-84.59487208,39.13253947
239032807,THEFT,220,245.0,-84.50114786,39.11871037
239032789,THEFT,2145,220.0,-84.557173,39.14109936
239032789,THEFT,2145,220.0,-84.556893,39.14117936
239032789,THEFT,2145,220.0,-84.556223,39.14013936
239030393,THEFT,2145,2155.0,-84.51982009,39.12894793
239032821,THEFT,2130,430.0,-84.60590799,39.11705769
239032784,FELONIOUS ASSAULT,219,2124.0,-84.51020556,39.15022854
239032784,FELONIOUS ASSAULT,219,2124.0,-84.50971556,39.14927854
239032847,CRIMINAL DAMAGING/ENDANGERING,210,2111.0,-84.60050496,39.13114673
239032854,THEFT,210,10.0,-84.59278307,39.13052523
239032817,THEFT,210,525.0,-84.55751445,39.10154847
239032783,FELONIOUS ASSAULT,2036,2037.0,-84.51154305,39.11127796
239032783,CRIMINAL DAMAGING/ENDANGERING,2036,2037.0,-84.51132305,39.11013796
239032783,FELONIOUS ASSAULT,2036,2037.0,-84.51103305,39.11026796
239032783,CRIMINAL DAMAGING/ENDANGERING,2036,2037.0,-84.51080305,39.11082796
239032783,CRIMINAL DAMAGING/ENDANGERING,2036,2037.0,-84.51023305,39.11026796
239032783,FELONIOUS ASSAULT,2036,2037.0,-84.51022305,39.11173796
239035637,THEFT,2030,70.0,-84.42943803,39.14930013
239032883,CRIMINAL DAMAGING/ENDANGERING,2030,545.0,-84.60473645,39.11973502
239032878,CRIMINAL DAMAGING/ENDANGERING,200,150.0,-84.61453685,39.13910741
239032781,AGGRAVATED ROBBERY,200,2030.0,-84.54996289,39.15410239
239033427,AGGRAVATED MENACING,1945,200.0,-84.56194715,39.1569723
239032780,MENACING,1945,200.0,-84.59911499,39.10861803
239033394,TAKING THE IDENTITY OF ANOTHER,1930,40.0,-84.60231527,39.15419677
239032776,AGGRAVATED ROBBERY,1910,1915.0,-84.60232765,39.13100867
239032825,CRIMINAL DAMAGING/ENDANGERING,1830,645.0,-84.51564935,39.10732478
239032791,BURGLARY,180,190.0,-84.45803573,39.20617383
239032960,THEFT,1730,120.0,-84.51347365,39.10983964
239032773,THEFT,1720,1722.0,-84.61063878,39.13086603
239032955,CRIMINAL DAMAGING/ENDANGERING,170,120.0,-84.61254095,39.14042536
239032779,THEFT,170,180.0,-84.44164368,39.17844392
239032862,BREAKING AND ENTERING,1530,70.0,-84.49046522,39.1260561
239034734,THEFT,150,230.0,-84.49152523,39.14102209
239032910,THEFT,150,830.0,-84.53182479,39.16238539
239032744,FELONIOUS ASSAULT,140,140.0,-84.48384397,39.13660095
239032744,FELONIOUS ASSAULT,140,140.0,-84.48346397,39.13571095
239032756,THEFT,1350,1410.0,-84.38776221,39.09544772
239032741,THEFT,1349,1351.0,-84.51443712,39.12767625
239032741,THEFT,1349,1351.0,-84.51410712,39.12778625
239032741,THEFT,1349,1351.0,-84.51375712,39.12870625
239032887,CRIMINAL DAMAGING/ENDANGERING,130,1230.0,-84.4895484,39.13269476
239032733,CRIMINAL DAMAGING/ENDANGERING,1240,1240.0,-84.50940288,39.10711156
239032732,BURGLARY,1230,1236.0,-84.59926505,39.13922829
239032732,BURGLARY,1230,1236.0,-84.59913505,39.14015829
239032736,THEFT,1223,1223.0,-84.42629918,39.14602065
239032880,ASSAULT,1215,1216.0,-84.50259459,39.14030934
239032760,THEFT,1155,1155.0,-84.51253537,39.10707764
239032726,ASSAULT,1145,1155.0,-84.5100071,39.10034231
239032828,TELEPHONE HARASSMENT,110,1110.0,-84.53128756,39.20751591
239032725,THEFT,1030,1149.0,-84.50858718,39.10439359
239032858,AGGRAVATED MENACING,105,105.0,-84.56473391,39.13287755
239032863,TAKING THE IDENTITY OF ANOTHER,100,140.0,-84.38583733,39.08702236
239032782,BURGLARY,100,160.0,-84.47857587,39.19729711
239032722,THEFT,100,1030.0,-84.50872222,39.12004571
239032722,CRIMINAL DAMAGING/ENDANGERING,100,1030.0,-84.50848222,39.12144571
239032722,THEFT,100,1030.0,-84.50831222,39.12021571
239032722,CRIMINAL DAMAGING/ENDANGERING,100,1030.0,-84.50818222,39.12117571
239032944,THEFT,90,0.0,-84.41278401,39.12242874
239032836,TELEPHONE HARASSMENT,90,140.0,-84.51635618,39.11318534
239032729,THEFT,90,110.0,-84.53816997,39.16006574
239033048,CRIMINAL DAMAGING/ENDANGERING,80,100.0,-84.53123118,39.13525914
239032752,THEFT,735,745.0,-84.51337537,39.10667764
239032884,THEFT,730,1240.0,-84.52586983,39.09954822
239032695,BURGLARY,50,528.0,-84.52025345,39.11512469
239032695,THEFT,50,528.0,-84.51988345,39.11446469
239032770,BREAKING AND ENTERING,449,514.0,-84.51986583,39.1661384
239032694,CRIMINAL DAMAGING/ENDANGERING,445,450.0,-84.60178464,39.12127406
239032697,THEFT,40,50.0,-84.60638354,39.12239581
239032697,THEFT,40,50.0,-84.60632354,39.12187581
239032697,THEFT,40,50.0,-84.60606354,39.12103581
239032697,THEFT,40,50.0,-84.60595354,39.12201581
239032697,THEFT,40,50.0,-84.60540354,39.12235581
239032697,THEFT,40,50.0,-84.60533354,39.12167581
239032697,THEFT,40,50.0,-84.60491354,39.12198581
239032697,THEFT,40,50.0,-84.60479354,39.12142581
239032697,THEFT,40,50.0,-84.60479354,39.12189581
239032697,THEFT,40,50.0,-84.60461354,39.12091581
239032693,BREAKING AND ENTERING,40,437.0,-84.48170853,39.18105201
239032687,FELONIOUS ASSAULT,356,356.0,-84.49397579,39.14593123
239032971,TELEPHONE HARASSMENT,335,335.0,-84.49410224,39.14765539
239035069,MENACING,330,50.0,-84.59858512,39.13269005
239032689,ASSAULT,330,345.0,-84.5977107,39.1327364
239032714,CRIMINAL DAMAGING/ENDANGERING,327,327.0,-84.60580502,39.12274708
239032714,THEFT,327,327.0,-84.60546502,39.12300708
239032714,CRIMINAL DAMAGING/ENDANGERING,327,327.0,-84.60542502,39.12188708
239032714,THEFT,327,327.0,-84.60515502,39.12300708
239032714,CRIMINAL DAMAGING/ENDANGERING,327,327.0,-84.60515502,39.12309708
239032714,CRIMINAL DAMAGING/ENDANGERING,327,327.0,-84.60511502,39.12308708
239032714,THEFT,327,327.0,-84.60441502,39.12274708
239032714,THEFT,327,327.0,-84.60396502,39.12161708
239032788,THEFT,230,50.0,-84.50162129,39.12176009
239032692,ASSAULT,210,215.0,-84.4190883,39.19172648
239032686,DOMESTIC VIOLENCE,20,211.0,-84.58022378,39.19080664
239032683,THEFT,155,20.0,-84.59093969,39.13406055
239032681,CRIMINAL DAMAGING/ENDANGERING,138,140.0,-84.50958932,39.09718116
239032682,BREAKING AND ENTERING,130,132.0,-84.56646116,39.11015241
239032685,THEFT,115,120.0,-84.42679249,39.161013
239032717,CRIMINAL DAMAGING/ENDANGERING,19,110.0,-84.60718481,39.11961812
239032715,THEFT,10,80.0,-84.51408753,39.10939263
239032684,THEFT,39,42.0,-84.42346276,39.14179812
239032684,THEFT,39,42.0,-84.42339276,39.14101812
239032684,MENACING,39,42.0,-84.42334276,39.14088812
239032684,MENACING,39,42.0,-84.42317276,39.14107812
239032684,THEFT,39,42.0,-84.42312276,39.14110812
239032684,THEFT,39,42.0,-84.42293276,39.14203812
239032684,THEFT,39,42.0,-84.42284276,39.14107812
239032684,MENACING,39,42.0,-84.42266276,39.14123812
239032684,MENACING,39,42.0,-84.42220276,39.14133812
239032684,THEFT,39,42.0,-84.42209276,39.14068812
239032684,MENACING,39,42.0,-84.42194276,39.14110812
239032684,MENACING,39,42.0,-84.42174276,39.14184812
239032688,THEFT,10,231.0,-84.51028749,39.11159636
239033035,THEFT,2346,45.0,-84.5695915,39.19139224
239032705,THEFT,2320,70.0,-84.60336908,39.12566053
239032866,ASSAULT,230,235.0,-84.53566492,39.12784131
239032866,DOMESTIC VIOLENCE,230,235.0,-84.53506492,39.12702131
239032706,THEFT,230,70.0,-84.58984784,39.12872867
239032699,CRIMINAL DAMAGING/ENDANGERING,230,70.0,-84.55348198,39.14765513
239032669,ASSAULT,230,2321.0,-84.4998183,39.1243155
239032666,ASSAULT,230,2310.0,-84.46107738,39.17715361
239027322,THEFT,2220,2224.0,-84.56459199,39.11381507
239032734,THEFT,220,120.0,-84.57029219,39.10931255
239032704,THEFT,220,730.0,-84.60012093,39.13481917
239032660,MENACING,210,2119.0,-84.70738111,39.13039196
239032698,THEFT,200,2330.0,-84.5153761,39.10133353
239032709,CRIMINAL DAMAGING/ENDANGERING,200,70.0,-84.60349472,39.12677534
239032655,ASSAULT,1920,1925.0,-84.46855911,39.17280664
239032655,DOMESTIC VIOLENCE,1920,1925.0,-84.46787911,39.17301664
239032720,BREAKING AND ENTERING,190,930.0,-84.46143887,39.19432573
239032656,BURGLARY,1830,200.0,-84.5601227,39.1795362
239032677,THEFT,180,0.0,-84.51129175,39.10497625
239032769,THEFT,1655,1659.0,-84.42969162,39.14612257
239032642,ASSAULT,1550,165.0,-84.58828824,39.13063008
239032713,THEFT,1530,730.0,-84.53741779,39.16496199
239032703,CRIMINAL DAMAGING/ENDANGERING,1515,1515.0,-84.37803805,39.08495844
239033682,BURGLARY,150,1630.0,-84.53102952,39.15107869
239033091,ROBBERY,150,160.0,-84.48467023,39.12719807
239032949,THEFT,150,1215.0,-84.51322422,39.10937095
239032638,THEFT,1455,153.0,-84.60091463,39.12370866
239032632,THEFT,1425,1425.0,-84.61869728,39.1445623
239032636,THEFT,1422,1426.0,-84.51725741,39.09986193
239034225,THEFT,1340,1340.0,-84.42592918,39.14643065
239036956,THEFT,1330,1341.0,-84.6182645,39.14516793
239032628,THEFT,1315,140.0,-84.61105878,39.13120603
239032647,CRIMINAL DAMAGING/ENDANGERING,130,1330.0,-84.53443458,39.19946925
239032774,THEFT,120,70.0,-84.43072798,39.12290541
239032719,THEFT,120,830.0,-84.5164418,39.10560709
239032701,THEFT,120,730.0,-84.52963886,39.14222162
239032633,CRIMINAL DAMAGING/ENDANGERING,120,130.0,-84.55985181,39.15730637
239032723,THEFT,1150,1150.0,-84.46247712,39.1978833
239032679,CRIMINAL DAMAGING/ENDANGERING,1130,50.0,-84.51835052,39.10391393
239032622,THEFT,1125,1126.0,-84.61054878,39.13044603
239032622,THEFT,1125,1126.0,-84.61034878,39.13060603
239032622,THEFT,1125,1126.0,-84.61027878,39.13170603
239032622,THEFT,1125,1126.0,-84.61007878,39.13192603
239032626,THEFT,948,948.0,-84.4829768,39.14701062
239032654,THEFT,930,100.0,-84.46601238,39.19384261
239031667,CRIMINAL DAMAGING/ENDANGERING,830,835.0,-84.53488831,39.13301052
239034958,MURDER,820,821.0,-84.54895359,39.13462443
239032630,THEFT,60,60.0,-84.52337264,39.10829965
239033090,THEFT,50,110.0,-84.50856122,39.1485953
239032608,CRIMINAL DAMAGING/ENDANGERING,430,434.0,-84.56364412,39.13128975
239032607,BURGLARY,340,70.0,-84.51791796,39.11455796
239032607,BURGLARY,340,70.0,-84.51778796,39.11497796
239032604,DOMESTIC VIOLENCE,330,40.0,-84.48708339,39.15000244
239032600,,130,140.0,-84.50558999,39.11026315
239032600,AGGRAVATED BURGLARY,130,140.0,-84.50475999,39.11135315
239032615,AGGRAVATED ROBBERY,115,130.0,-84.50985238,39.13178678
239032606,CRIMINAL DAMAGING/ENDANGERING,10,725.0,-84.55163258,39.14494829
239032597,ASSAULT,10,151.0,-84.52008066,39.12825771
239032673,THEFT,54,160.0,-84.51758376,39.09912478
239032594,DOMESTIC VIOLENCE,15,40.0,-84.42575617,39.15380123
239032594,ASSAULT,15,40.0,-84.42551617,39.15503123
239032613,THEFT,0,110.0,-84.56592637,39.18353518
239033056,THEFT,0,0.0,-84.43511867,39.13314494
239C000763,THEFT,0,30.0,-84.47425253,39.12192226
239032641,CRIMINAL DAMAGING/ENDANGERING,0,1544.0,-84.57725741,39.11843057
239032623,BREAKING AND ENTERING,0,60.0,-84.48966891,39.12385339
239032616,BREAKING AND ENTERING,0,60.0,-84.48998891,39.12360339
239032599,ASSAULT,0,10.0,-84.50959915,39.17946082
239032584,THEFT,2345,4.0,-84.51572392,39.11101129
239032619,CRIMINAL DAMAGING/ENDANGERING,2330,110.0,-84.43962049,39.11608776
239034893,FELONIOUS ASSAULT,231,2310.0,-84.50788221,39.14905057
239032588,BURGLARY,230,19.0,-84.49506399,39.14452485
239032578,DOMESTIC VIOLENCE,2250,235.0,-84.56081337,39.15492788
239032578,AGGRAVATED MENACING,2250,235.0,-84.55957337,39.15553788
239032587,,2215,2234.0,-84.55211805,39.12892143
239032639,CRIMINAL DAMAGING/ENDANGERING,220,30.0,-84.60122641,39.13277321
239032620,CRIMINAL DAMAGING/ENDANGERING,220,950.0,-84.41021365,39.16198534
239032582,CRIMINAL DAMAGING/ENDANGERING,220,2230.0,-84.57620741,39.11804057
239037001,FELONIOUS ASSAULT,210,2130.0,-84.50837851,39.14982242
239032796,THEFT,210,2312.0,-84.52079329,39.13588707
239032603,THEFT,210,2330.0,-84.49374087,39.14554878
239032579,ASSAULT,2045,2055.0,-84.60978878,39.13125603
239032637,CRIMINAL DAMAGING/ENDANGERING,2040,2050.0,-84.5139005,39.11693974
239032576,DOMESTIC VIOLENCE,200,2050.0,-84.52765941,39.21081125
239032574,ROBBERY,1923,1926.0,-84.42302186,39.16366211
239032574,ROBBERY,1923,1926.0,-84.42296186,39.16298211
239032574,ROBBERY,1923,1926.0,-84.42206186,39.16213211
239032624,THEFT,190,1330.0,-84.57585936,39.2036102
239032577,THEFT,190,2113.0,-84.47216887,39.16392944
239032566,THEFT,1645,1650.0,-84.51310448,39.12680152
239032631,THEFT,1630,170.0,-84.5999625,39.12655865
239032565,THEFT,1630,1634.0,-84.52289175,39.19961068
239032559,VIOLATE PROTECTION ORDER/CONSENT AGREEMENT,1445,1510.0,-84.5911159,39.13769108
239032902,TELEPHONE HARASSMENT,1443,1444.0,-84.68768172,39.11414341
239032557,ASSAULT,1440,1445.0,-84.5174079,39.11501234
239032569,THEFT,1430,190.0,-84.48758467,39.12810072
239032549,THEFT,1340,1340.0,-84.62040728,39.1439923
239032742,BURGLARY,1330,2330.0,-84.58482753,39.1466361
239032742,BURGLARY,1330,2330.0,-84.58422753,39.1461061
239032554,THEFT,1310,1315.0,-84.59705547,39.12578764
239034665,THEFT,130,150.0,-84.5819449,39.10872344
239C000616,THEFT,110,130.0,-84.51029587,39.09726157
239032531,CRIMINAL DAMAGING/ENDANGERING,1015,1019.0,-84.59518075,39.12450578
239032605,THEFT,945,955.0,-84.59789547,39.12627764
239032708,THEFT,730,80.0,-84.4292491,39.14657554
239032523,THEFT,645,651.0,-84.61248543,39.14819387
239032518,VIOLATE PROTECTION ORDER/CONSENT AGREEMENT,350,356.0,-84.5128391,39.19311987
239032511,ASSAULT,335,335.0,-84.60555286,39.13766427
239032511,CRIMINAL DAMAGING/ENDANGERING,335,335.0,-84.60505286,39.13743427
239032512,DOMESTIC VIOLENCE,315,330.0,-84.4852932,39.15643155
239032541,THEFT,30,110.0,-84.52033547,39.10634164
239032541,CRIMINAL DAMAGING/ENDANGERING,30,110.0,-84.51921547,39.10610164
239032508,,210,220.0,-84.55358375,39.14262247
239032528,THEFT,20,23.0,-84.44093836,39.12027368
239032496,CRIMINAL DAMAGING/ENDANGERING,16,20.0,-84.60055261,39.13301848
239032495,THEFT,10,25.0,-84.60259532,39.13081258
249000322,TAKING THE IDENTITY OF ANOTHER,0,140.0,-84.58046316,39.14228163
239034203,THEFT,0,0.0,-84.38784826,39.091053
239033058,BURGLARY,0,120.0,-84.49169523,39.14241209
239032766,CRIMINAL DAMAGING/ENDANGERING,0,90.0,-84.59276536,39.10419852
239032497,THEFT,2330,2335.0,-84.69967396,39.12095741
239032489,CRIMINAL DAMAGING/ENDANGERING,2330,2339.0,-84.5370814,39.16407699
239032525,THEFT,2315,830.0,-84.54566744,39.13280334
239032507,ASSAULT,2315,2330.0,-84.48415202,39.1908895
239032485,AGGRAVATED ROBBERY,238,2310.0,-84.46363677,39.14439027
239032485,AGGRAVATED ROBBERY,238,2310.0,-84.46357677,39.14397027
239032529,BURGLARY,230,945.0,-84.45980713,39.17673995
239032506,THEFT,230,217.0,-84.5147736,39.11213402
239032498,THEFT,230,30.0,-84.48121911,39.19704216
239032498,CRIMINAL DAMAGING/ENDANGERING,230,30.0,-84.48108911,39.19648216
239032498,CRIMINAL DAMAGING/ENDANGERING,230,30.0,-84.48078911,39.19574216
239032498,CRIMINAL DAMAGING/ENDANGERING,230,30.0,-84.48016911,39.19667216
239032498,THEFT,230,30.0,-84.48009911,39.19690216
239032498,CRIMINAL DAMAGING/ENDANGERING,230,30.0,-84.48009911,39.19693216
239032498,THEFT,230,30.0,-84.48005911,39.19596216
239032498,THEFT,230,30.0,-84.47993911,39.19672216
239032481,THEFT,2225,2248.0,-84.5092676,39.13139031
239032481,THEFT,2225,2248.0,-84.5087276,39.13106031
239032481,THEFT,2225,2248.0,-84.5080976,39.13143031
239032542,CRIMINAL DAMAGING/ENDANGERING,220,110.0,-84.58367753,39.1469461
239032488,THEFT,220,2337.0,-84.54154944,39.16204796
239032534,THEFT,2130,213.0,-84.56510853,39.20263716
239032530,ASSAULT,2130,2130.0,-84.45239196,39.14057568
239032473,TELEPHONE HARASSMENT,2111,2120.0,-84.47393012,39.15838423
239C000627,THEFT,2030,1010.0,-84.47863471,39.12401074
239032837,TAKING THE IDENTITY OF ANOTHER,2018,1854.0,-84.59450382,39.12323721
239032487,ASSAULT,2015,2046.0,-84.5611269,39.10439894
239032535,THEFT,200,830.0,-84.50823346,39.12813049
239032526,IMPROPERLY DISCHARGING FIREARM AT/INTO HABITATION/SCHOOL,200,2015.0,-84.43364341,39.17224088
239032479,THEFT,1945,2215.0,-84.58740334,39.10716835
239032477,CRIMINAL DAMAGING/ENDANGERING,190,220.0,-84.45265196,39.14187568
239032472,VIOLATE PROTECTION ORDER/CONSENT AGREEMENT,190,195.0,-84.55846874,39.15321231
239032470,CRIMINAL DAMAGING/ENDANGERING,1815,1820.0,-84.49302769,39.11003037
239032572,THEFT,180,1530.0,-84.50846346,39.12747049
239032483,UNAUTHORIZED USE OF MOTOR VEHICLE,180,1830.0,-84.52339693,39.11414185
239C000680,THEFT,1735,220.0,-84.51494833,39.10964984
239032973,BREAKING AND ENTERING,170,140.0,-84.47952471,39.12462074
239032556,CRIMINAL DAMAGING/ENDANGERING,170,130.0,-84.48417219,39.13201167
239032543,BREAKING AND ENTERING,170,120.0,-84.45966627,39.198849
239032466,DOMESTIC VIOLENCE,1630,170.0,-84.61241639,39.14217635
239032533,TAKING THE IDENTITY OF ANOTHER,1620,1620.0,-84.56689874,39.1470954
239032874,FORGERY,1612,1612.0,-84.62046389,39.14250336
239032468,CRIMINAL DAMAGING/ENDANGERING,1545,1620.0,-84.473326,39.16016489
239C000770,THEFT,1530,1510.0,-84.6053652,39.12753426
239032567,BREAKING AND ENTERING,150,1620.0,-84.55402314,39.13864335
239032547,CRIMINAL DAMAGING/ENDANGERING,150,210.0,-84.57540683,39.10947544
239032547,CRIMINAL DAMAGING/ENDANGERING,150,210.0,-84.57516683,39.10810544
239C000686,THEFT,1430,1515.0,-84.54590673,39.16789019
239032447,THEFT,1350,142.0,-84.51279537,39.10589764
239032536,THEFT,1330,80.0,-84.49010009,39.12994048
239032438,AGGRAVATED MENACING,1320,1320.0,-84.42917955,39.12905938
239032537,VIOLATE PROTECTION ORDER/CONSENT AGREEMENT,138,139.0,-84.57381673,39.11598754
239032737,THEFT,130,130.0,-84.53663121,39.10901183
239032482,THEFT,130,210.0,-84.50284297,39.13209754
239032433,ASSAULT,125,129.0,-84.56716401,39.15121953
239032621,BREAKING AND ENTERING,120,1136.0,-84.61267519,39.13619185
239034402,THEFT,1015,1015.0,-84.51189537,39.10633764
239032440,ASSAULT,106,107.0,-84.47440103,39.21699306
239034020,THEFT,100,90.0,-84.41656225,39.17782172
239032721,THEFT,100,100.0,-84.47580676,39.19912792
239032421,THEFT,915,915.0,-84.52766432,39.11559677
239032463,CRIMINAL DAMAGING/ENDANGERING,730,120.0,-84.42360065,39.15607509
239032519,CRIMINAL DAMAGING/ENDANGERING,510,512.0,-84.48411062,39.13260356
239032413,AGGRAVATED ROBBERY,52,52.0,-84.55077529,39.12060909
239032406,CRIMINAL DAMAGING/ENDANGERING,346,346.0,-84.58715468,39.11625158
239032427,THEFT,230,235.0,-84.39626335,39.15306303
239032403,CRIMINAL DAMAGING/ENDANGERING,220,223.0,-84.51502977,39.10670879
239032403,FELONIOUS ASSAULT,220,223.0,-84.51468977,39.10690879
239032402,DOMESTIC VIOLENCE,20,229.0,-84.46818785,39.14397942
239032748,THEFT,130,20.0,-84.53489129,39.14432539
239032418,THEFT,10,730.0,-84.60338924,39.1192078
239032409,CRIMINAL DAMAGING/ENDANGERING,10,30.0,-84.48396861,39.1509665
239032409,THEFT,10,30.0,-84.48358861,39.1514065
239032405,THEFT,10,30.0,-84.48307861,39.1511065
239032562,THEFT,0,10.0,-84.48858667,39.13507638
239032458,THEFT,0,130.0,-84.57411292,39.1590528
239032431,THEFT,0,70.0,-84.51158903,39.16502985
239032728,BREAKING AND ENTERING,2330,815.0,-84.56074804,39.12692283
239032389,CRIMINAL DAMAGING/ENDANGERING,2330,2.0,-84.5155821,39.11449473
239032390,THEFT,2325,2335.0,-84.54796911,39.12626801
239032437,THEFT,220,80.0,-84.52135404,39.11530484
239032400,THEFT,220,10.0,-84.59309036,39.11274964
239032377,CRIMINAL DAMAGING/ENDANGERING,2150,2153.0,-84.56049547,39.15620615
239032377,CRIMINAL DAMAGING/ENDANGERING,2150,2153.0,-84.56044547,39.15768615
239032388,CRIMINAL DAMAGING/ENDANGERING,2120,220.0,-84.46242802,39.21786314
239032388,DOMESTIC VIOLENCE,2120,220.0,-84.46225802,39.21846314
239032388,DOMESTIC VIOLENCE,2120,220.0,-84.46223802,39.21831314
239032388,CRIMINAL DAMAGING/ENDANGERING,2120,220.0,-84.46203802,39.21781314
239032429,THEFT,210,100.0,-84.60062689,39.10951532
239032381,CRIMINAL DAMAGING/ENDANGERING,210,2130.0,-84.50538784,39.13408403
239032381,ASSAULT,210,2130.0,-84.50463784,39.13307403
239032375,CRIMINAL DAMAGING/ENDANGERING,2038,2041.0,-84.60803644,39.14090015
239032435,CRIMINAL DAMAGING/ENDANGERING,200,128.0,-84.57402792,39.11021021
239032435,THEFT,200,128.0,-84.57325792,39.10983021
239032399,THEFT,200,230.0,-84.48732339,39.14940244
239032392,DOMESTIC VIOLENCE,200,2010.0,-84.51083591,39.18610583
239032378,THEFT,1915,2016.0,-84.51045307,39.1301525
239032378,THEFT,1915,2016.0,-84.51037307,39.1293625
239032371,MENACING,190,1930.0,-84.5711315,39.19209224
239032372,THEFT,1833,1834.0,-84.59669547,39.12736764
239032445,THEFT,1830,90.0,-84.47459037,39.19984539
239032415,THEFT,180,70.0,-84.46177352,39.17369604
239032351,ASSAULT,1628,1631.0,-84.51366718,39.1052319
239033265,UNAUTHORIZED USE OF MOTOR VEHICLE,1530,1535.0,-84.54755851,39.15087071
239032353,DOMESTIC VIOLENCE,1530,1545.0,-84.52848567,39.14031959
239032339,DOMESTIC VIOLENCE,1414,1423.0,-84.58269934,39.12106531
239032338,THEFT,1330,140.0,-84.49727364,39.15078455
239032333,FELONIOUS ASSAULT,1325,1329.0,-84.59414693,39.15533766
239032861,TAKING THE IDENTITY OF ANOTHER,130,0.0,-84.45597782,39.13498489
239032552,THEFT,130,180.0,-84.59535181,39.10829186
239032336,ASSAULT,1229,1247.0,-84.5191424,39.10805141
239C000683,THEFT,1140,1215.0,-84.50939311,39.10350107
239032467,THEFT,1130,120.0,-84.51409093,39.14134925
239032323,DOMESTIC VIOLENCE,114,1114.0,-84.53886717,39.13656811
239032317,CRIMINAL DAMAGING/ENDANGERING,110,1114.0,-84.52154498,39.10432152
239032312,THEFT,1057,1057.0,-84.60576512,39.13677475
239032432,THEFT,1020,120.0,-84.48770023,39.12321887
239032324,THEFT,1015,1015.0,-84.51895116,39.11209089
239032407,CRIMINAL DAMAGING/ENDANGERING,100,20.0,-84.58480114,39.14446577
239032395,THEFT,100,100.0,-84.52901956,39.11380132
239032308,AGGRAVATED MENACING,910,925.0,-84.60524887,39.13645122
239032308,AGGRAVATED MENACING,910,925.0,-84.60514887,39.13643122
239032308,AGGRAVATED MENACING,910,925.0,-84.60500887,39.13634122
249C000011,THEFT,80,920.0,-84.57655729,39.12109674
239032759,THEFT,80,150.0,-84.51563935,39.10635478
239032357,ASSAULT,80,150.0,-84.40694273,39.16311064
239032316,ASSAULT,80,815.0,-84.56247501,39.15052501
239032301,MENACING,70,720.0,-84.61470699,39.14698549
239033100,ASSAULT,615,620.0,-84.49238217,39.12270106
239033100,ASSAULT,615,620.0,-84.49198217,39.12236106
239032294,ASSAULT,30,310.0,-84.49259618,39.1389151
239032294,CRIMINAL DAMAGING/ENDANGERING,30,310.0,-84.49253618,39.1390951
239032322,THEFT,20,210.0,-84.51338422,39.10815095
239032293,CRIMINAL DAMAGING/ENDANGERING,20,215.0,-84.51076478,39.17888345
239032295,ASSAULT,30,40.0,-84.54486564,39.1312254
239032298,ASSAULT,30,38.0,-84.51288193,39.10276947
239036292,THEFT,0,0.0,-84.60679708,39.12920437
239034034,CRIMINAL DAMAGING/ENDANGERING,0,2359.0,-84.54712304,39.20133127
239033720,CRIMINAL DAMAGING/ENDANGERING,0,0.0,-84.54149667,39.195648
239032749,FORGERY,0,0.0,-84.51801661,39.12778909
239032469,CRIMINAL DAMAGING/ENDANGERING,0,0.0,-84.52275495,39.19268393
239032303,THEFT,0,738.0,-84.56597288,39.18884382
239032304,THEFT,230,819.0,-84.45865436,39.20200675
239032304,THEFT,230,819.0,-84.45800436,39.20306675
239032304,THEFT,230,819.0,-84.45784436,39.20315675
239032304,THEFT,230,819.0,-84.45737436,39.20355675
239032306,THEFT,230,70.0,-84.5875778,39.13183518
239032285,DOMESTIC VIOLENCE,2250,230.0,-84.56706155,39.19110902
239032319,BREAKING AND ENTERING,220,230.0,-84.53792011,39.15898006
239032279,THEFT,210,2110.0,-84.5710815,39.19243224
239032443,THEFT,2045,2045.0,-84.59664062,39.12800252
239032270,ASSAULT,2030,2057.0,-84.49465585,39.14161976
239032270,ASSAULT,2030,2057.0,-84.49453585,39.14304976
239032871,THEFT,200,2050.0,-84.58534052,39.11483053
239032350,ENDANGERING CHILDREN,1930,1940.0,-84.45840761,39.20065632
239032268,FELONIOUS ASSAULT,1930,1950.0,-84.51561559,39.11107597
239032785,CRIMINAL DAMAGING/ENDANGERING,190,1915.0,-84.50484561,39.14826988
239032299,THEFT,190,50.0,-84.5868137,39.14923193
239032275,ASSAULT,190,1920.0,-84.54654896,39.19855076
239032275,CRIMINAL DAMAGING/ENDANGERING,190,1920.0,-84.54607896,39.19972076
239032275,ASSAULT,190,1920.0,-84.54591896,39.19852076
239032275,CRIMINAL DAMAGING/ENDANGERING,190,1920.0,-84.54542896,39.19870076
239032369,CRIMINAL DAMAGING/ENDANGERING,190,1920.0,-84.54520896,39.19797076
239032300,THEFT,1830,720.0,-84.43461592,39.11357293
239032331,BURGLARY,180,2130.0,-84.57447608,39.11094937
239032267,AGGRAVATED MENACING,180,1818.0,-84.56039624,39.09968421
239032257,ASSAULT,180,187.0,-84.56252928,39.14703487
239032309,CRIMINAL DAMAGING/ENDANGERING,170,70.0,-84.60222112,39.12605085
239032309,THEFT,170,70.0,-84.60070112,39.12642085
239032325,TAKING THE IDENTITY OF ANOTHER,170,170.0,-84.38343113,39.14970281
239032305,BREAKING AND ENTERING,170,60.0,-84.51990455,39.11601803
239032263,MENACING,170,1745.0,-84.58821512,39.12943244
239032841,ASSAULT,1650,1654.0,-84.57415809,39.12655538
239032841,THEFT,1650,1654.0,-84.57406809,39.12697538
239032297,ASSAULT,1640,1654.0,-84.57412809,39.12671538
239032358,THEFT,160,110.0,-84.37349825,39.09432396
239032254,ROBBERY,1440,1450.0,-84.52968634,39.10339327
239C000687,THEFT,1430,1610.0,-84.50325459,39.14111934
239032245,TAKING THE IDENTITY OF ANOTHER,1356,145.0,-84.51156132,39.10650205
239032245,FORGERY,1356,145.0,-84.51024132,39.10565205
239032232,THEFT,1350,1351.0,-84.49862737,39.1422886
239032235,CRIMINAL DAMAGING/ENDANGERING,1316,1318.0,-84.62208964,39.07882741
239032235,CRIMINAL DAMAGING/ENDANGERING,1316,1318.0,-84.62111964,39.07884741
239035403,THEFT,120,1050.0,-84.56427075,39.08900081
239035403,CRIMINAL DAMAGING/ENDANGERING,120,1050.0,-84.56334075,39.09021081
239032237,THEFT,1140,1150.0,-84.42674249,39.161523
239032345,THEFT,1130,1230.0,-84.37498107,39.0800876
239032216,THEFT,1115,120.0,-84.54699106,39.19203017
239032258,THEFT,110,1110.0,-84.46707531,39.14158206
239032258,THEFT,110,1110.0,-84.46634531,39.14159206
239032282,THEFT,1058,1058.0,-84.59873849,39.11347537
239032354,THEFT,100,160.0,-84.43573705,39.11687566
239034792,BREAKING AND ENTERING,930,930.0,-84.53831042,39.13457242
239032259,THEFT,928,120.0,-84.55342099,39.20789551
239033575,THEFT,90,120.0,-84.44775999,39.12073486
239035254,THEFT,80,80.0,-84.54051419,39.20682392
239032731,THEFT,80,80.0,-84.53221292,39.21515582
239032239,THEFT,80,140.0,-84.60797644,39.14175015
239032198,THEFT,80,815.0,-84.48403437,39.21718198
239032200,MENACING,80,815.0,-84.50895129,39.09792274
239034651,THEFT,730,160.0,-84.48098348,39.21621337
239032311,CRIMINAL DAMAGING/ENDANGERING,60,610.0,-84.57088862,39.1065161
239032189,CRIMINAL DAMAGING/ENDANGERING,35,310.0,-84.51566172,39.10327054
239032328,THEFT,20,100.0,-84.50792263,39.12407572
239032183,FELONIOUS ASSAULT,150,150.0,-84.50855615,39.12857995
239032185,ASSAULT,115,126.0,-84.5096641,39.13155078
239C000761,THEFT,10,75.0,-84.51916295,39.19965892
239035220,TAKING THE IDENTITY OF ANOTHER,30,200.0,-84.50383078,39.11747555
239032187,ASSAULT,30,115.0,-84.5092141,39.13256078
239032179,CRIMINAL DAMAGING/ENDANGERING,20,22.0,-84.58203211,39.10634231
239037485,TAKING THE IDENTITY OF ANOTHER,0,0.0,-84.59928811,39.1346618
239034410,THEFT,0,0.0,-84.47518272,39.13685246
239032430,THEFT,0,100.0,-84.50532948,39.10940111
239032241,THEFT,0,248.0,-84.53130882,39.12163301
239032220,THEFT,0,120.0,-84.50535548,39.12288908
239032207,THEFT,0,90.0,-84.51490949,39.12105543
239033187,THEFT,0,0.0,-84.43959191,39.14206845
239032190,ROBBERY,2355,5.0,-84.50266116,39.13264807
239032199,THEFT,2345,80.0,-84.51379252,39.10308517
239032199,THEFT,2345,80.0,-84.51295252,39.10310517
239032281,ASSAULT,2310,2315.0,-84.51429068,39.12748972
239032362,,2245,2250.0,-84.47852981,39.19488486
239032201,THEFT,220,750.0,-84.59140631,39.10652829
239032171,ROBBERY,2140,2145.0,-84.57179683,39.10906268
239032171,ROBBERY,2140,2145.0,-84.57136683,39.10852268
239032195,THEFT,210,630.0,-84.42110179,39.15383733
239032195,THEFT,210,630.0,-84.42077179,39.15350733
239032178,THEFT,210,2245.0,-84.54294177,39.16408954
239034214,THEFT,2050,2050.0,-84.42686918,39.14698065
239032166,CRIMINAL DAMAGING/ENDANGERING,2050,210.0,-84.50393867,39.15616635
239032168,DOMESTIC VIOLENCE,2030,215.0,-84.57136567,39.11377363
239032168,ASSAULT,2030,215.0,-84.57088567,39.11441363
239032164,THEFT,2015,2020.0,-84.45846839,39.20469364
239032163,AGGRAVATED ROBBERY,190,195.0,-84.52122685,39.10390763
239032174,CRIMINAL DAMAGING/ENDANGERING,190,1925.0,-84.57027637,39.10930129
239032158,AGGRAVATED MENACING,1850,1855.0,-84.59797441,39.13492384
239032155,FELONIOUS ASSAULT,188,1813.0,-84.56537442,39.11645795
239032233,THEFT,180,140.0,-84.56629741,39.10639196
239032214,THEFT,180,190.0,-84.51842967,39.12911764
239032214,THEFT,180,190.0,-84.51685967,39.12800764
239032161,ASSAULT,180,1830.0,-84.51230545,39.19078596
239032161,DOMESTIC VIOLENCE,180,1830.0,-84.51080545,39.19074596
239032152,MENACING,179,1712.0,-84.48774942,39.14748911
239032152,MENACING,179,1712.0,-84.48765942,39.14804911
239032152,MENACING,179,1712.0,-84.48713942,39.14826911
239032152,MENACING,179,1712.0,-84.48599942,39.14707911
239032169,AGGRAVATED BURGLARY,170,200.0,-84.51415697,39.1039816
239032167,THEFT,170,1946.0,-84.52197754,39.1431718
239032150,CRIMINAL DAMAGING/ENDANGERING,1640,1655.0,-84.42889958,39.15615574
239032151,THEFT,1640,1648.0,-84.61080878,39.13121603
239032561,ENDANGERING CHILDREN,1630,1657.0,-84.54534345,39.18864255
239032934,THEFT,160,1615.0,-84.59648062,39.12822252
239032141,AGGRAVATED BURGLARY,1535,1538.0,-84.49412367,39.11871764
239032141,ASSAULT,1535,1538.0,-84.49409367,39.11865764
239032141,AGGRAVATED BURGLARY,1535,1538.0,-84.49403367,39.11830764
239032141,ASSAULT,1535,1538.0,-84.49403367,39.11813764
239032141,AGGRAVATED MENACING,1535,1538.0,-84.49400367,39.11837764
239032141,AGGRAVATED BURGLARY,1535,1538.0,-84.49397367,39.11784764
239032141,AGGRAVATED MENACING,1535,1538.0,-84.49396367,39.11924764
239032141,ASSAULT,1535,1538.0,-84.49395367,39.11881764
239032141,AGGRAVATED MENACING,1535,1538.0,-84.49394367,39.11862764
239032141,AGGRAVATED MENACING,1535,1538.0,-84.49392367,39.11925764
239032141,AGGRAVATED MENACING,1535,1538.0,-84.49387367,39.11872764
239032141,AGGRAVATED BURGLARY,1535,1538.0,-84.49385367,39.11916764
239032141,AGGRAVATED BURGLARY,1535,1538.0,-84.49384367,39.11850764
239032141,ASSAULT,1535,1538.0,-84.49383367,39.11904764
239032141,AGGRAVATED BURGLARY,1535,1538.0,-84.49363367,39.11867764
239032141,AGGRAVATED BURGLARY,1535,1538.0,-84.49358367,39.11895764
239032141,AGGRAVATED MENACING,1535,1538.0,-84.49356367,39.11811764
239032141,ASSAULT,1535,1538.0,-84.49356367,39.11905764
239032141,ASSAULT,1535,1538.0,-84.49355367,39.11779764
239032141,AGGRAVATED BURGLARY,1535,1538.0,-84.49350367,39.11935764
239032141,ASSAULT,1535,1538.0,-84.49345367,39.11901764
239032141,AGGRAVATED BURGLARY,1535,1538.0,-84.49341367,39.11935764
239032141,AGGRAVATED BURGLARY,1535,1538.0,-84.49338367,39.11896764
239032141,AGGRAVATED BURGLARY,1535,1538.0,-84.49332367,39.11919764
239032141,ASSAULT,1535,1538.0,-84.49332367,39.11904764
239032141,ASSAULT,1535,1538.0,-84.49328367,39.11914764
239032141,AGGRAVATED BURGLARY,1535,1538.0,-84.49327367,39.11881764
239032141,ASSAULT,1535,1538.0,-84.49326367,39.11797764
239032141,AGGRAVATED BURGLARY,1535,1538.0,-84.49325367,39.11930764
239032141,AGGRAVATED MENACING,1535,1538.0,-84.49321367,39.11870764
239032141,AGGRAVATED BURGLARY,1535,1538.0,-84.49316367,39.11850764
239032141,AGGRAVATED BURGLARY,1535,1538.0,-84.49312367,39.11926764
239032141,ASSAULT,1535,1538.0,-84.49312367,39.11829764
239032141,AGGRAVATED BURGLARY,1535,1538.0,-84.49299367,39.11857764
239032141,AGGRAVATED BURGLARY,1535,1538.0,-84.49299367,39.11850764
239032141,ASSAULT,1535,1538.0,-84.49291367,39.11845764
239032141,AGGRAVATED MENACING,1535,1538.0,-84.49288367,39.11830764
239032141,ASSAULT,1535,1538.0,-84.49283367,39.11795764
239032141,ASSAULT,1535,1538.0,-84.49279367,39.11857764
239032141,ASSAULT,1535,1538.0,-84.49272367,39.11916764
239032141,ASSAULT,1535,1538.0,-84.49270367,39.11882764
239032141,ASSAULT,1535,1538.0,-84.49270367,39.11870764
239032141,AGGRAVATED BURGLARY,1535,1538.0,-84.49268367,39.11772764
239032141,AGGRAVATED BURGLARY,1535,1538.0,-84.49266367,39.11892764
239032141,ASSAULT,1535,1538.0,-84.49265367,39.11846764
239032141,AGGRAVATED BURGLARY,1535,1538.0,-84.49257367,39.11764764
239032141,AGGRAVATED BURGLARY,1535,1538.0,-84.49253367,39.11827764
239032141,AGGRAVATED BURGLARY,1535,1538.0,-84.49252367,39.11929764
239032141,ASSAULT,1535,1538.0,-84.49251367,39.11835764
239032141,ASSAULT,1535,1538.0,-84.49249367,39.11918764
239032141,ASSAULT,1535,1538.0,-84.49240367,39.11908764
239032141,ASSAULT,1535,1538.0,-84.49239367,39.11849764
239032141,AGGRAVATED MENACING,1535,1538.0,-84.49238367,39.11855764
239032141,AGGRAVATED MENACING,1535,1538.0,-84.49236367,39.11837764
239032141,AGGRAVATED MENACING,1535,1538.0,-84.49234367,39.11751764
239032141,AGGRAVATED MENACING,1535,1538.0,-84.49233367,39.11851764
239032141,AGGRAVATED BURGLARY,1535,1538.0,-84.49231367,39.11821764
239032141,AGGRAVATED BURGLARY,1535,1538.0,-84.49229367,39.11902764
239032141,ASSAULT,1535,1538.0,-84.49228367,39.11857764
239032141,ASSAULT,1535,1538.0,-84.49217367,39.11766764
239032558,THEFT,155,1530.0,-84.42647918,39.14628065
239032140,THEFT,1450,1452.0,-84.62214831,39.14362421
239032417,ASSAULT,1425,1428.0,-84.69153943,39.1164047
239033915,TAKING THE IDENTITY OF ANOTHER,1321,1323.0,-84.57465965,39.11647129
239032131,CRIMINAL DAMAGING/ENDANGERING,1315,1320.0,-84.48919291,39.14310278
239032173,AGGRAVATED MENACING,1315,1320.0,-84.40861273,39.16331064
239032124,MENACING,1311,1311.0,-84.41672758,39.18760872
239032231,THEFT,1230,1330.0,-84.51261005,39.10157516
239032125,ASSAULT,1215,1233.0,-84.51644887,39.11288103
239C000681,THEFT,1212,128.0,-84.50388465,39.10185827
239033709,UNAUTHORIZED USE OF MOTOR VEHICLE,1145,1449.0,-84.61631242,39.13032127
239032122,CRIMINAL DAMAGING/ENDANGERING,1145,1155.0,-84.51109915,39.12078297
239032203,THEFT,1130,70.0,-84.61634377,39.14846339
239032313,THEFT,110,110.0,-84.51887712,39.1025959
239032204,THEFT,110,915.0,-84.431155,39.15497931
239034509,THEFT,1040,110.0,-84.42653918,39.14676065
239032107,THEFT,105,1017.0,-84.51278659,39.1051811
239032134,DOMESTIC VIOLENCE,100,1030.0,-84.4890023,39.13953829
239032112,THEFT,945,945.0,-84.56438075,39.09004081
239032327,ASSAULT,930,930.0,-84.39098378,39.16245942
239032422,THEFT,80,120.0,-84.54684671,39.15565508
239032156,THEFT,70,1530.0,-84.5810122,39.14709552
239032118,CRIMINAL DAMAGING/ENDANGERING,70,730.0,-84.51395339,39.11419478
239032091,THEFT,70,711.0,-84.47358568,39.13816459
239032093,THEFT,545,65.0,-84.5296108,39.1414697
239032096,THEFT,540,545.0,-84.57254754,39.18692591
239032132,THEFT,420,427.0,-84.52798011,39.14355746
239032132,THEFT,420,427.0,-84.52760011,39.14322746
239032132,THEFT,420,427.0,-84.52735011,39.14324746
239032132,THEFT,420,427.0,-84.52630011,39.14359746
239032082,FELONIOUS ASSAULT,110,120.0,-84.51622115,39.11530658
239032546,TAKING THE IDENTITY OF ANOTHER,0,103.0,-84.57320854,39.11657006
239032401,CRIMINAL DAMAGING/ENDANGERING,0,0.0,-84.51452454,39.19024464
239032175,THEFT,0,120.0,-84.56471845,39.20304753
239032081,BREAKING AND ENTERING,2345,2349.0,-84.51326885,39.10566911
239032088,BURGLARY,230,20.0,-84.59566693,39.15614766
239032088,BURGLARY,230,20.0,-84.59525693,39.15520766
239032073,VIOLATE PROTECTION ORDER/CONSENT AGREEMENT,2235,2241.0,-84.51709611,39.11473877
239032073,THEFT,2235,2241.0,-84.51708611,39.11471877
239032073,ASSAULT,2235,2241.0,-84.51589611,39.11543877
239032217,AGGRAVATED BURGLARY,220,230.0,-84.55792684,39.14362989
239032101,THEFT,2130,2230.0,-84.57079732,39.14883855
239032101,THEFT,2130,2230.0,-84.57058732,39.14921855
239032102,THEFT,210,90.0,-84.57008711,39.14753343
239032066,AGGRAVATED MENACING,210,215.0,-84.4232976,39.1838262
239032067,THEFT,2040,2140.0,-84.42687249,39.162093
239032067,THEFT,2040,2140.0,-84.42687249,39.162473
239032128,THEFT,200,230.0,-84.49387481,39.15733602
239032113,THEFT,200,945.0,-84.57588376,39.13996341
239032063,THEFT,200,2030.0,-84.53854435,39.13249635
239032063,THEFT,200,2030.0,-84.53851435,39.13277635
239032063,THEFT,200,2030.0,-84.53812435,39.13273635
239032063,THEFT,200,2030.0,-84.53796435,39.13152635
239032063,THEFT,200,2030.0,-84.53795435,39.13128635
239032063,THEFT,200,2030.0,-84.53691435,39.13114635
239032261,THEFT,1955,2130.0,-84.54085443,39.16217202
239032046,THEFT,1945,1950.0,-84.5161252,39.09459407
239032104,THEFT,1940,825.0,-84.49892858,39.110901
239032061,CRIMINAL DAMAGING/ENDANGERING,1930,1945.0,-84.52383202,39.10868539
239032049,AGGRAVATED ROBBERY,1930,1941.0,-84.38984426,39.16042969
239032052,AGGRAVATED MENACING,1930,1939.0,-84.56704831,39.1803599
239032111,THEFT,190,70.0,-84.53321326,39.1488063
239032111,THEFT,190,70.0,-84.53259326,39.1487963
239032111,THEFT,190,70.0,-84.53201326,39.1481763
239032111,THEFT,190,70.0,-84.53147326,39.1497963
239032045,ASSAULT,190,197.0,-84.49276523,39.14212209
239032043,THEFT,1848,1850.0,-84.51438744,39.12722377
239032043,THEFT,1848,1850.0,-84.51335744,39.12849377
239032043,THEFT,1848,1850.0,-84.51279744,39.12783377
239032075,THEFT,1845,2021.0,-84.56696919,39.18269806
239034586,CRIMINAL DAMAGING/ENDANGERING,1820,1825.0,-84.47659535,39.19863631
239032136,AGGRAVATED MENACING,180,1830.0,-84.69796592,39.11738462
239032095,THEFT,180,715.0,-84.58526031,39.14458803
239032042,DOMESTIC VIOLENCE,180,1814.0,-84.38562019,39.09737814
239032032,ASSAULT,1740,1740.0,-84.38878804,39.09400199
239032041,CRIMINAL DAMAGING/ENDANGERING,1733,1734.0,-84.49417547,39.13937465
239032040,CRIMINAL DAMAGING/ENDANGERING,1730,1830.0,-84.54342274,39.16193249
239032051,DOMESTIC VIOLENCE,1710,1715.0,-84.47948759,39.18127738
239032051,DOMESTIC VIOLENCE,1710,1715.0,-84.47913759,39.17951738
239032990,THEFT,170,170.0,-84.50548219,39.15723231
239032269,CRIMINAL DAMAGING/ENDANGERING,170,170.0,-84.51601952,39.10041672
239032069,THEFT,170,220.0,-84.5150261,39.10150353
239032036,AGGRAVATED ROBBERY,170,1730.0,-84.59984027,39.12431592
239032143,THEFT,1630,200.0,-84.52137902,39.13609142
239032058,DOMESTIC VIOLENCE,1615,180.0,-84.53387039,39.14912588
239032030,ASSAULT,160,1639.0,-84.58221091,39.08569602
239032030,DOMESTIC VIOLENCE,160,1639.0,-84.58152091,39.08620602
239032025,THEFT,1546,1558.0,-84.42758249,39.161643
239032065,THEFT,1530,1530.0,-84.38784498,39.08721378
239032021,THEFT,150,154.0,-84.47546488,39.1433074
239032014,AGGRAVATED ROBBERY,1441,1455.0,-84.50213341,39.11837981
239032014,AGGRAVATED ROBBERY,1441,1455.0,-84.50193341,39.11889981
239032014,ASSAULT,1441,1455.0,-84.50164341,39.11743981
239032014,ASSAULT,1441,1455.0,-84.50063341,39.11849981
239032035,BURGLARY,140,160.0,-84.57457792,39.11199676
239032157,THEFT,1357,1357.0,-84.47794471,39.1781789
239032006,THEFT,1333,1334.0,-84.54672126,39.19926501
239031995,ASSAULT,1314,1314.0,-84.47977013,39.13629488
239032038,CRIMINAL DAMAGING/ENDANGERING,130,1732.0,-84.54318928,39.13912021
239032026,THEFT,130,160.0,-84.52112237,39.14105012
239032027,THEFT,130,160.0,-84.52020237,39.14073012
239032024,THEFT,130,150.0,-84.57112887,39.18954992
239031999,THEFT,1250,1252.0,-84.61101878,39.13066603
239031985,THEFT,1210,1215.0,-84.56187699,39.1085486
239032105,THEFT,120,930.0,-84.53817453,39.16267221
239032029,THEFT,1130,1718.0,-84.53424159,39.13135551
239032012,CRIMINAL DAMAGING/ENDANGERING,1127,1130.0,-84.52090667,39.11847765
239032012,CRIMINAL DAMAGING/ENDANGERING,1127,1130.0,-84.51994667,39.11921765
239031996,THEFT,1120,1121.0,-84.51253048,39.10418404
239031979,ASSAULT,1015,1020.0,-84.54157085,39.19205563
239031979,ASSAULT,1015,1020.0,-84.54052085,39.19329563
239034880,THEFT,100,105.0,-84.61777237,39.14332065
239031964,THEFT,925,930.0,-84.44320779,39.14512836
239032424,THEFT,90,90.0,-84.53481639,39.21342427
239C000696,THEFT,835,95.0,-84.47694667,39.13256453
239032020,THEFT,80,80.0,-84.51308537,39.10743764
239032017,THEFT,70,70.0,-84.5684416,39.18965802
239031960,BURGLARY,612,614.0,-84.55728463,39.11229933
239031958,BURGLARY,40,645.0,-84.59029126,39.11063893
239031956,THEFT,20,70.0,-84.57698085,39.15265209
239031962,THEFT,10,70.0,-84.60373488,39.12708661
239032083,BREAKING AND ENTERING,30,35.0,-84.51358885,39.10688911
239031968,BURGLARY,1,20.0,-84.55825826,39.14392479
239032242,CRIMINAL DAMAGING/ENDANGERING,0,10.0,-84.482545,39.19549654
239032116,MURDER,0,1455.0,-84.45701632,39.19980122
239032002,BREAKING AND ENTERING,0,15.0,-84.56763651,39.10964725
239031944,AGGRAVATED MENACING,2320,2323.0,-84.50129262,39.14838445
239031944,ASSAULT,2320,2323.0,-84.50086262,39.14762445
239032004,THEFT,2245,1345.0,-84.47698333,39.17571563
239031936,MENACING,228,228.0,-84.48553884,39.12506318
239031950,CRIMINAL DAMAGING/ENDANGERING,220,0.0,-84.52358115,39.1104343
239031952,THEFT,220,2230.0,-84.5703333,39.1100875
239031938,DOMESTIC VIOLENCE,2150,220.0,-84.46188541,39.20591553
239031946,THEFT,210,2230.0,-84.5167537,39.10834425
239031940,ASSAULT,210,2110.0,-84.48437097,39.15112533
239031931,THEFT,2030,2030.0,-84.51385395,39.11179482
239031931,THEFT,2030,2030.0,-84.51366395,39.11205482
239031933,THEFT,200,2115.0,-84.51821002,39.10767595
239031933,CRIMINAL DAMAGING/ENDANGERING,200,2115.0,-84.51710002,39.10774595
239031983,THEFT,200,815.0,-84.57111612,39.13796563
239031959,THEFT,200,646.0,-84.60148151,39.1191931
239031937,THEFT,190,220.0,-84.51440244,39.10935265
239031987,IMPROPERLY DISCHARGING FIREARM AT/INTO HABITATION/SCHOOL,1812,1812.0,-84.49291504,39.14118414
239031927,AGGRAVATED ROBBERY,1812,1812.0,-84.49248504,39.14022414
239032159,THEFT,180,1850.0,-84.48383029,39.1240612
239031955,CRIMINAL DAMAGING/ENDANGERING,180,648.0,-84.51811372,39.1150348
239031922,THEFT,1745,1845.0,-84.61891728,39.1441023
239031935,THEFT,1630,170.0,-84.48561228,39.19863723
239031917,ASSAULT,1545,1547.0,-84.51061587,39.09799157
239031917,ASSAULT,1545,1547.0,-84.51053587,39.09602157
239031917,ASSAULT,1545,1547.0,-84.51028587,39.09738157
239031917,ASSAULT,1545,1547.0,-84.51027587,39.09694157
239031925,THEFT,1530,1930.0,-84.50490606,39.15665667
239031920,THEFT,1530,1530.0,-84.50295472,39.10204368
239032456,THEFT,1525,1530.0,-84.51146903,39.16346985
239032019,THEFT,1450,160.0,-84.45616382,39.20561665
239031914,CRIMINAL DAMAGING/ENDANGERING,1445,150.0,-84.56901575,39.13452699
239031923,THEFT,1440,180.0,-84.47885519,39.13965235
239031909,ASSAULT,1410,1416.0,-84.51380532,39.17348972
239036415,THEFT,120,120.0,-84.62329831,39.14334421
239032550,THEFT,120,1530.0,-84.52369217,39.13044401
239031908,,1145,1215.0,-84.52420365,39.13434289
239031910,THEFT,1130,1145.0,-84.49433152,39.14581155
239031902,THEFT,1130,1315.0,-84.54662712,39.17495684
239031902,THEFT,1130,1315.0,-84.54596712,39.17662684
239031895,THEFT,110,1115.0,-84.51025649,39.12535207
239031895,THEFT,110,1115.0,-84.50935649,39.12360207
239032013,THEFT,1030,1345.0,-84.47149592,39.17560717
239031903,THEFT,1030,130.0,-84.54645712,39.17645684
239031903,THEFT,1030,130.0,-84.54577712,39.17651684
239031886,MENACING,105,105.0,-84.60736493,39.13460704
239031991,THEFT,90,100.0,-84.54085399,39.10425953
239031887,THEFT,90,930.0,-84.53749014,39.15963224
239031887,THEFT,90,930.0,-84.53736014,39.16015224
239031887,THEFT,90,930.0,-84.53649014,39.16040224
239031894,DOMESTIC VIOLENCE,731,832.0,-84.47429857,39.12599801
239032942,BREAKING AND ENTERING,514,530.0,-84.53650176,39.10775076
239032942,BREAKING AND ENTERING,514,530.0,-84.53595176,39.10908076
239031873,BREAKING AND ENTERING,430,435.0,-84.51045745,39.12497927
239031870,CRIMINAL DAMAGING/ENDANGERING,425,430.0,-84.52144282,39.14532973
239031871,CRIMINAL DAMAGING/ENDANGERING,420,423.0,-84.47434887,39.142713
239032484,ROBBERY,415,445.0,-84.45461333,39.20417112
239031869,ASSAULT,40,410.0,-84.47482857,39.12609801
239031896,THEFT,30,1145.0,-84.52405394,39.12451822
239031874,AGGRAVATED ROBBERY,30,412.0,-84.51032863,39.1123977
239032106,THEFT,245,1041.0,-84.52744712,39.12081574
239031872,FELONIOUS ASSAULT,240,245.0,-84.51430977,39.10784879
239031866,,215,220.0,-84.50422719,39.12504722
239031888,THEFT,20,70.0,-84.54996284,39.20367486
239C000700,THEFT,145,1345.0,-84.51452089,39.11096352
239031863,THEFT,40,45.0,-84.4249476,39.1826862
239031863,ASSAULT,40,45.0,-84.4245976,39.1842762
239032211,THEFT,9,9.0,-84.38520069,39.1610114
239035007,THEFT,0,2359.0,-84.55340596,39.13193304
239034441,TAKING THE IDENTITY OF ANOTHER,0,180.0,-84.42914702,39.14206553
239032521,CRIMINAL DAMAGING/ENDANGERING,0,60.0,-84.5241554,39.13192147
239031911,ASSAULT,0,5.0,-84.52329357,39.11619668
239031885,THEFT,0,90.0,-84.57172173,39.19717881
239031884,THEFT,0,90.0,-84.59798081,39.10718922
239031856,ASSAULT,0,17.0,-84.54747049,39.17437652
239031916,CRIMINAL DAMAGING/ENDANGERING,2359,40.0,-84.52932669,39.13773541
239031857,DOMESTIC VIOLENCE,2340,2345.0,-84.5853751,39.13254783
239031883,THEFT,230,830.0,-84.54787653,39.2038495
239031879,CRIMINAL DAMAGING/ENDANGERING,230,827.0,-84.51541214,39.11307443
239031878,FELONIOUS ASSAULT,2250,230.0,-84.5095341,39.13202078
239032448,ASSAULT,2230,2230.0,-84.42314582,39.06626991
239031880,THEFT,2230,80.0,-84.60511502,39.15276851
239031898,THEFT,220,125.0,-84.47500797,39.15674189
239031851,ASSAULT,2130,2159.0,-84.61828681,39.14048209
239031846,AGGRAVATED BURGLARY,2130,2137.0,-84.48607419,39.12863594
239031846,AGGRAVATED ROBBERY,2130,2137.0,-84.48475419,39.12682594
239031905,CRIMINAL DAMAGING/ENDANGERING,210,120.0,-84.50348441,39.11667447
239031899,CRIMINAL DAMAGING/ENDANGERING,210,230.0,-84.58514037,39.15229039
239031881,THEFT,210,830.0,-84.53183259,39.13835481
239031881,THEFT,210,830.0,-84.53104259,39.13709481
239031881,THEFT,210,830.0,-84.53091259,39.13683481
239031881,THEFT,210,830.0,-84.53065259,39.13798481
239031881,THEFT,210,830.0,-84.53044259,39.13845481
239031861,THEFT,210,0.0,-84.49117028,39.13473884
239031842,AGGRAVATED BURGLARY,200,2030.0,-84.56100743,39.10812111
239031849,CRIMINAL DAMAGING/ENDANGERING,1945,200.0,-84.43019443,39.18467347
239031852,CRIMINAL DAMAGING/ENDANGERING,1945,200.0,-84.42929771,39.18461041
239031847,THEFT,190,1930.0,-84.45712313,39.19120708
239031835,CRIMINAL DAMAGING/ENDANGERING,1850,190.0,-84.45679812,39.20335168
239031835,ASSAULT,1850,190.0,-84.45666812,39.20295168
239031854,BURGLARY,1730,200.0,-84.51189997,39.11573474
239031854,CRIMINAL DAMAGING/ENDANGERING,1730,200.0,-84.51055997,39.11646474
239031924,THEFT,1650,175.0,-84.56147929,39.18458508
239031840,THEFT,1643,1650.0,-84.58052594,39.12123557
239031840,THEFT,1643,1650.0,-84.58047594,39.12122557
239031840,THEFT,1643,1650.0,-84.57959594,39.12099557
239031826,CRIMINAL DAMAGING/ENDANGERING,1630,170.0,-84.58785876,39.15390353
239031829,ASSAULT,1614,1714.0,-84.52824925,39.10439964
239031829,ASSAULT,1614,1714.0,-84.52712925,39.10613964
239031978,BREAKING AND ENTERING,150,100.0,-84.49137891,39.12276339
239031823,AGGRAVATED MENACING,1435,1436.0,-84.51411262,39.12281644
239032022,VIOLATE PROTECTION ORDER/CONSENT AGREEMENT,130,1330.0,-84.58047891,39.11711383
239031804,AGGRAVATED ROBBERY,1240,1252.0,-84.4801641,39.1932812
239032123,THEFT,1230,1650.0,-84.51831172,39.11667549
239032123,THEFT,1230,1650.0,-84.51781172,39.11488549
239032123,CRIMINAL DAMAGING/ENDANGERING,1230,1650.0,-84.51728172,39.11545549
239032123,CRIMINAL DAMAGING/ENDANGERING,1230,1650.0,-84.51671172,39.11603549
239032618,AGGRAVATED MENACING,120,80.0,-84.59759041,39.11184026
239031900,CRIMINAL DAMAGING/ENDANGERING,120,1645.0,-84.51713781,39.09796342
239031812,CRIMINAL DAMAGING/ENDANGERING,1140,1150.0,-84.56155962,39.15210161
239031843,THEFT,110,1130.0,-84.47714607,39.20151693
239031843,THEFT,110,1130.0,-84.47588607,39.20020693
239031893,THEFT,110,10.0,-84.51467629,39.11067855
239031799,DOMESTIC VIOLENCE,110,1110.0,-84.38681429,39.08524524
239031824,DOMESTIC VIOLENCE,80,100.0,-84.5849383,39.1404439
239031792,DOMESTIC VIOLENCE,80,90.0,-84.56117925,39.15462694
239031779,THEFT,530,540.0,-84.57868138,39.20163206
239031816,CRIMINAL DAMAGING/ENDANGERING,50,90.0,-84.55182328,39.1029106
239031777,DOMESTIC VIOLENCE,50,53.0,-84.5314536,39.11845658
239031775,CRIMINAL DAMAGING/ENDANGERING,455,50.0,-84.53161482,39.15048373
239031775,CRIMINAL DAMAGING/ENDANGERING,455,50.0,-84.53130482,39.14977373
239031774,CRIMINAL DAMAGING/ENDANGERING,445,50.0,-84.39155906,39.08821253
239032625,THEFT,345,345.0,-84.51091307,39.1295125
239031770,CRIMINAL DAMAGING/ENDANGERING,340,345.0,-84.61789999,39.13998303
239031796,THEFT,337,340.0,-84.50513535,39.14956706
239031796,THEFT,337,340.0,-84.50473535,39.14919706
239031769,,315,320.0,-84.54384422,39.17378568
239031769,DOMESTIC VIOLENCE,315,320.0,-84.54270422,39.17408568
239031765,CRIMINAL DAMAGING/ENDANGERING,315,317.0,-84.5197413,39.11398316
239031815,ASSAULT,30,30.0,-84.57577931,39.15628321
239031819,THEFT,255,35.0,-84.59181203,39.10460575
239031766,DOMESTIC VIOLENCE,240,245.0,-84.53025262,39.11725716
239031763,MENACING,230,248.0,-84.53791121,39.11019183
239031772,THEFT,220,225.0,-84.59301773,39.13465448
239033593,BREAKING AND ENTERING,218,221.0,-84.50875078,39.12924751
239035909,BREAKING AND ENTERING,20,210.0,-84.54777108,39.1246088
239032555,AGGRAVATED ROBBERY,20,230.0,-84.52050015,39.12168624
239031800,THEFT,20,30.0,-84.55323757,39.1109826
239031800,THEFT,20,30.0,-84.55322757,39.1112126
239031800,THEFT,20,30.0,-84.55283757,39.1099726
239031800,THEFT,20,30.0,-84.55263757,39.1107926
239031800,THEFT,20,30.0,-84.55257757,39.1107126
239031800,THEFT,20,30.0,-84.55234757,39.1094426
239031761,DOMESTIC VIOLENCE,20,230.0,-84.56186986,39.15878081
239031760,CRIMINAL DAMAGING/ENDANGERING,20,217.0,-84.49057104,39.14862168
239031806,CRIMINAL DAMAGING/ENDANGERING,145,150.0,-84.59357091,39.13697828
239031784,THEFT,130,715.0,-84.48515685,39.12181603
239031758,CRIMINAL DAMAGING/ENDANGERING,10,120.0,-84.55989758,39.1402188
239031785,THEFT,49,749.0,-84.50461696,39.15310879
239031793,CRIMINAL DAMAGING/ENDANGERING,7,1050.0,-84.50944517,39.1083197
239031782,THEFT,1,70.0,-84.59235566,39.13495524
239034104,THEFT,0,330.0,-84.53071882,39.12127301
239033688,FORGERY,0,2359.0,-84.52332662,39.14894571
239032564,BURGLARY,0,2130.0,-84.46635209,39.13826277
239032039,THEFT,0,150.0,-84.64907609,39.09427704
239032039,THEFT,0,150.0,-84.64840609,39.09422704
239032039,THEFT,0,150.0,-84.64795609,39.09375704
239032039,THEFT,0,150.0,-84.64790609,39.09367704
239031788,CRIMINAL DAMAGING/ENDANGERING,0,842.0,-84.58107279,39.11817673
239031788,CRIMINAL DAMAGING/ENDANGERING,0,842.0,-84.58045279,39.11807673
239031783,CRIMINAL DAMAGING/ENDANGERING,0,70.0,-84.57853244,39.11915285
239031767,THEFT,0,230.0,-84.50990453,39.10885136
239031767,THEFT,0,230.0,-84.50933453,39.10860136
239033590,BREAKING AND ENTERING,2345,2349.0,-84.50882078,39.12893751
239031754,AGGRAVATED ROBBERY,2345,2355.0,-84.48350701,39.19841239
239031754,AGGRAVATED ROBBERY,2345,2355.0,-84.48316701,39.19664239
239031754,AGGRAVATED ROBBERY,2345,2355.0,-84.48308701,39.19821239
239031754,AGGRAVATED ROBBERY,2345,2355.0,-84.48276701,39.19822239
239031754,AGGRAVATED ROBBERY,2345,2355.0,-84.48259701,39.19828239
239031754,AGGRAVATED ROBBERY,2345,2355.0,-84.48244701,39.19650239
239031754,AGGRAVATED ROBBERY,2345,2355.0,-84.48233701,39.19704239
239031754,AGGRAVATED ROBBERY,2345,2355.0,-84.48205701,39.19692239
239031754,AGGRAVATED ROBBERY,2345,2355.0,-84.48177701,39.19795239
239031762,THEFT,2330,230.0,-84.50959517,39.1086897
239031802,BURGLARY,2230,100.0,-84.38387274,39.09451373
239031745,DOMESTIC VIOLENCE,2230,2240.0,-84.49672805,39.14252337
239031904,THEFT,220,2230.0,-84.51146017,39.1084028
239031838,AGGRAVATED ROBBERY,220,2359.0,-84.56738807,39.14745885
239031805,CRIMINAL DAMAGING/ENDANGERING,220,120.0,-84.59435301,39.13593514
239031787,THEFT,220,830.0,-84.56425272,39.10419955
239031759,THEFT,220,25.0,-84.5156936,39.11122402
239031742,CRIMINAL DAMAGING/ENDANGERING,220,2223.0,-84.56051686,39.11434801
239031741,FELONIOUS ASSAULT,2153,2157.0,-84.53736952,39.19888487
239031743,,2135,2140.0,-84.51985767,39.18016524
239031743,DOMESTIC VIOLENCE,2135,2140.0,-84.51960767,39.18093524
239031738,ASSAULT,2131,2132.0,-84.56205965,39.15620318
239031738,ASSAULT,2131,2132.0,-84.56106965,39.15514318
239031738,ASSAULT,2131,2132.0,-84.56050965,39.15522318
239031738,ASSAULT,2131,2132.0,-84.56044965,39.15562318
239031833,CRIMINAL DAMAGING/ENDANGERING,210,1730.0,-84.55990774,39.13920139
239031820,CRIMINAL DAMAGING/ENDANGERING,210,60.0,-84.60110327,39.13983633
239031807,THEFT,210,100.0,-84.55038463,39.10495745
239031791,CRIMINAL DAMAGING/ENDANGERING,210,90.0,-84.51675952,39.09970672
239031755,CRIMINAL DAMAGING/ENDANGERING,2030,2145.0,-84.47819055,39.17836282
239032050,THEFT,200,140.0,-84.45603632,39.19833122
239031845,THEFT,200,2030.0,-84.42802249,39.162093
239031832,THEFT,200,1745.0,-84.58755058,39.14513928
239031790,THEFT,200,80.0,-84.48069998,39.19499744
239031756,THEFT,200,10.0,-84.51546288,39.10934468
239032315,THEFT,1930,1935.0,-84.50334215,39.11125794
239031810,THEFT,1930,1950.0,-84.39706455,39.16210959
239031901,UNAUTHORIZED USE OF MOTOR VEHICLE,1920,1930.0,-84.4784787,39.19963467
239031728,ASSAULT,1911,1911.0,-84.52856512,39.1403388
239031932,ASSAULT,190,1910.0,-84.50255815,39.13488739
239031781,CRIMINAL DAMAGING/ENDANGERING,190,630.0,-84.51842824,39.09884517
239031739,,190,190.0,-84.61514853,39.07664028
239031729,THEFT,190,1930.0,-84.48033552,39.15442083
239031730,TELEPHONE HARASSMENT,1858,202.0,-84.38556689,39.09418039
239031727,MENACING,1851,1851.0,-84.50096262,39.14738445
239031726,MENACING,1850,1855.0,-84.51165537,39.10626764
239031722,FELONIOUS ASSAULT,180,185.0,-84.56019538,39.15647329
239031722,FELONIOUS ASSAULT,180,185.0,-84.55979538,39.15823329
239031722,FELONIOUS ASSAULT,180,185.0,-84.55933538,39.15761329
239031722,FELONIOUS ASSAULT,180,185.0,-84.55906538,39.15746329
239031892,VIOLATE PROTECTION ORDER/CONSENT AGREEMENT,170,180.0,-84.46636536,39.20853156
239031786,THEFT,170,415.0,-84.55056406,39.1519481
239031786,THEFT,170,415.0,-84.55022406,39.1520881
239031786,BREAKING AND ENTERING,170,415.0,-84.54990406,39.1510081
239031786,BREAKING AND ENTERING,170,415.0,-84.54964406,39.1517081
239031709,ASSAULT,1617,1617.0,-84.51844569,39.10878273
239031719,AGGRAVATED MENACING,1615,1623.0,-84.68113788,39.10463104
239033602,THEFT,160,1715.0,-84.46284617,39.20131061
239031716,THEFT,1545,1555.0,-84.51231745,39.11351473
239031715,THEFT,1545,1555.0,-84.51228745,39.11288473
239031718,THEFT,1544,160.0,-84.53203209,39.10236686
239036336,BREAKING AND ENTERING,1530,70.0,-84.49157861,39.12533301
239032453,THEFT,150,160.0,-84.50039695,39.12396797
239031714,THEFT,150,160.0,-84.5656422,39.09714569
239031702,THEFT,1430,1540.0,-84.54567908,39.16378684
239031679,THEFT,1332,1332.0,-84.42656249,39.162423
239031712,THEFT,1245,1550.0,-84.42854677,39.1461144
239031682,DOMESTIC VIOLENCE,1230,1245.0,-84.56263475,39.15800562
239031682,DOMESTIC VIOLENCE,1230,1245.0,-84.56111475,39.15830562
239031678,CRIMINAL DAMAGING/ENDANGERING,1230,1238.0,-84.61836977,39.1444725
239031695,THEFT,1210,1215.0,-84.56939204,39.11108469
239031680,ASSAULT,120,1240.0,-84.50681556,39.11090772
239031680,CRIMINAL DAMAGING/ENDANGERING,120,1240.0,-84.50612556,39.11173772
239031801,THEFT,1140,1149.0,-84.51796593,39.10580529
239031689,THEFT,110,123.0,-84.5645742,39.10151377
239031670,CRIMINAL DAMAGING/ENDANGERING,1050,110.0,-84.46695058,39.1894053
239031692,ASSAULT,1040,1046.0,-84.53095567,39.15048846
239031692,DOMESTIC VIOLENCE,1040,1046.0,-84.52979567,39.15050846
239031951,BURGLARY,1030,1035.0,-84.52156999,39.11506966
239031951,THEFT,1030,1035.0,-84.52130999,39.11626966
239032000,THEFT,100,100.0,-84.48308733,39.15395203
239031671,THEFT,925,935.0,-84.42819249,39.162923
239031668,FELONIOUS ASSAULT,810,820.0,-84.53472382,39.13641876
239031907,CRIMINAL DAMAGING/ENDANGERING,80,140.0,-84.52450517,39.09627714
239033075,THEFT,60,1530.0,-84.4514532,39.20281233
239031736,CRIMINAL DAMAGING/ENDANGERING,60,1730.0,-84.44321934,39.13948571
239031647,ASSAULT,410,416.0,-84.52747983,39.09862822
239031641,CRIMINAL DAMAGING/ENDANGERING,315,320.0,-84.59910411,39.1070902
239031694,THEFT,240,250.0,-84.56462272,39.101385
239031694,THEFT,240,250.0,-84.56428272,39.100715
239031694,THEFT,240,250.0,-84.56391272,39.101515
239031637,ASSAULT,20,230.0,-84.51051814,39.13097211
239031637,THEFT,20,230.0,-84.51029814,39.13041211
239031637,THEFT,20,230.0,-84.51018814,39.13002211
239031637,ASSAULT,20,230.0,-84.50976814,39.12960211
239031699,THEFT,20,30.0,-84.59972285,39.11726749
239031699,THEFT,20,30.0,-84.59915285,39.11672749
239031655,CRIMINAL DAMAGING/ENDANGERING,20,30.0,-84.5991875,39.10438486
239031640,THEFT,20,312.0,-84.51478321,39.11672009
239031642,DOMESTIC VIOLENCE,20,250.0,-84.50926225,39.17899565
239031674,ASSAULT,130,140.0,-84.50292982,39.13654311
239031636,CRIMINAL DAMAGING/ENDANGERING,120,123.0,-84.52322403,39.1063364
239031636,IMPROPERLY DISCHARGING FIREARM AT/INTO HABITATION/SCHOOL,120,123.0,-84.52294403,39.1072964
239031663,THEFT,45,815.0,-84.39026715,39.16424018
239031633,MENACING,30,59.0,-84.611406,39.13406264
239031634,THEFT,2330,2330.0,-84.60308817,39.12896008
239031650,THEFT,2230,450.0,-84.55144031,39.11089021
239031629,ASSAULT,225,229.0,-84.50783877,39.13211822
239031725,THEFT,220,170.0,-84.57519637,39.12343836
239031669,CRIMINAL DAMAGING/ENDANGERING,220,90.0,-84.60093294,39.10889507
239031669,CRIMINAL DAMAGING/ENDANGERING,220,90.0,-84.60040294,39.10871507
239031657,THEFT,220,70.0,-84.43470109,39.11701933
239031651,THEFT,220,629.0,-84.54985275,39.12660326
239031651,THEFT,220,629.0,-84.54928275,39.12758326
239031630,TELEPHONE HARASSMENT,220,2230.0,-84.54563672,39.16384109
239031677,CRIMINAL DAMAGING/ENDANGERING,2152,2152.0,-84.51844461,39.11931756
239031625,THEFT,213,219.0,-84.5168523,39.11693007
239031798,THEFT,210,82.0,-84.59414799,39.11533528
239031690,THEFT,210,130.0,-84.52043963,39.15018812
239030803,CRIMINAL DAMAGING/ENDANGERING,210,100.0,-84.59562192,39.10824316
239031614,ASSAULT,2010,2018.0,-84.55475271,39.1377089
239031865,THEFT,200,30.0,-84.57662298,39.19537902
239031621,TELEPHONE HARASSMENT,200,2026.0,-84.36589364,39.0991781
239031610,CRIMINAL DAMAGING/ENDANGERING,1940,1946.0,-84.55401473,39.14963755
239031683,BURGLARY,197,199.0,-84.49125595,39.12970817
239031658,THEFT,190,840.0,-84.50192149,39.10039601
239031616,THEFT,1850,1926.0,-84.52072685,39.10513763
239031646,BURGLARY,1830,425.0,-84.57552051,39.09369523
239031608,ASSAULT,180,1820.0,-84.49767646,39.14075201
239031605,TELEPHONE HARASSMENT,1745,1755.0,-84.56551867,39.10073342
239031659,CRIMINAL DAMAGING/ENDANGERING,1730,90.0,-84.59552665,39.1296651
239031789,ASSAULT,1715,1720.0,-84.52620213,39.11148113
239032126,THEFT,170,80.0,-84.47498353,39.13247639
239032068,THEFT,170,1830.0,-84.48511759,39.12202901
239031664,CRIMINAL DAMAGING/ENDANGERING,1645,840.0,-84.38672165,39.09454544
239031648,UNAUTHORIZED USE OF MOTOR VEHICLE,1630,445.0,-84.56789155,39.19076902
239031602,THEFT,1620,175.0,-84.62266831,39.14264421
239031618,AGGRAVATED MENACING,160,1730.0,-84.47593866,39.17551187
239031661,BREAKING AND ENTERING,1531,631.0,-84.49008522,39.1255061
239031589,THEFT,150,1526.0,-84.58368969,39.11352645
239031593,FELONIOUS ASSAULT,1455,1457.0,-84.5071283,39.14777117
239031593,FELONIOUS ASSAULT,1455,1457.0,-84.5067983,39.14922117
239031593,FELONIOUS ASSAULT,1455,1457.0,-84.5062783,39.14786117
239031600,DOMESTIC VIOLENCE,1450,150.0,-84.51313138,39.11911483
239031827,DOMESTIC VIOLENCE,1450,150.0,-84.51416138,39.11970483
239031579,ROBBERY,1433,1433.0,-84.5238039,39.11773193
239031579,ROBBERY,1433,1433.0,-84.5229639,39.11704193
239031635,CRIMINAL DAMAGING/ENDANGERING,1430,115.0,-84.49952127,39.10010016
239031672,FELONIOUS ASSAULT,1330,1337.0,-84.58230753,39.12346406
239031569,ASSAULT,1237,1238.0,-84.42923272,39.14771679
239031586,FELONIOUS ASSAULT,1130,1140.0,-84.59834809,39.11669648
239031560,THEFT,110,1110.0,-84.49829733,39.14363787
239031576,THEFT,1040,1050.0,-84.53983416,39.15932591
239031576,THEFT,1040,1050.0,-84.53928416,39.15801591
239031612,THEFT,100,1930.0,-84.52130404,39.1407348
239031652,CRIMINAL DAMAGING/ENDANGERING,80,447.0,-84.56707723,39.10580703
239031652,THEFT,80,447.0,-84.56701723,39.10569703
239031652,CRIMINAL DAMAGING/ENDANGERING,80,447.0,-84.56679723,39.10673703
239031652,CRIMINAL DAMAGING/ENDANGERING,80,447.0,-84.56628723,39.10630703
239031652,THEFT,80,447.0,-84.56623723,39.10678703
239031652,THEFT,80,447.0,-84.56583723,39.10523703
239031652,THEFT,80,447.0,-84.56572723,39.10582703
239031652,CRIMINAL DAMAGING/ENDANGERING,80,447.0,-84.56570723,39.10648703
239C000704,THEFT,450,550.0,-84.52205592,39.11473386
239034993,CRIMINAL DAMAGING/ENDANGERING,45,46.0,-84.51889934,39.11616979
239031514,BREAKING AND ENTERING,45,414.0,-84.52049934,39.11592979
239031710,CRIMINAL DAMAGING/ENDANGERING,40,415.0,-84.51513196,39.11713664
239031559,THEFT,40,50.0,-84.59347213,39.1441472
239031532,THEFT,40,726.0,-84.59928511,39.10463068
239031532,THEFT,40,726.0,-84.59906511,39.10491068
239031532,THEFT,40,726.0,-84.59879511,39.10547068
239031574,BREAKING AND ENTERING,39,315.0,-84.51814583,39.11596032
239031554,BURGLARY,30,100.0,-84.5238496,39.11160063
239031529,THEFT,30,730.0,-84.47555338,39.1731901
239031611,THEFT,20,1930.0,-84.48523111,39.150553
239031510,TELEPHONE HARASSMENT,20,210.0,-84.50625312,39.16233009
239031540,THEFT,130,830.0,-84.60974005,39.13916593
239031540,THEFT,130,830.0,-84.60957005,39.14088593
239031540,THEFT,130,830.0,-84.60912005,39.13961593
239031540,THEFT,130,830.0,-84.60870005,39.14086593
239031619,ASSAULT,10,60.0,-84.51004129,39.09763274
239031585,THEFT,10,120.0,-84.56215058,39.10856281
239031585,THEFT,10,120.0,-84.56134058,39.10915281
239031585,THEFT,10,120.0,-84.56073058,39.10984281
239031585,THEFT,10,120.0,-84.56071058,39.10912281
239031544,THEFT,10,40.0,-84.56866102,39.14940354
239031508,VIOLATE PROTECTION ORDER/CONSENT AGREEMENT,10,25.0,-84.51620611,39.11543877
239031521,THEFT,45,50.0,-84.48520089,39.15373902
239031512,THEFT,20,26.0,-84.57624125,39.12253453
239031512,CRIMINAL DAMAGING/ENDANGERING,20,26.0,-84.57490125,39.12275453
239037380,THEFT,5,2359.0,-84.52370272,39.11936531
239031666,THEFT,5,1530.0,-84.5630412,39.12628049
239031531,CRIMINAL DAMAGING/ENDANGERING,1,71.0,-84.49004971,39.14278744
239032962,THEFT,0,2359.0,-84.56820132,39.14916928
239032652,VIOLATE PROTECTION ORDER/CONSENT AGREEMENT,0,930.0,-84.59417536,39.10486852
239032373,THEFT,0,100.0,-84.52317272,39.11947531
239029828,THEFT,0,0.0,-84.55564271,39.1367889
239032016,THEFT,0,1430.0,-84.52183849,39.13564313
239031587,THEFT,0,1330.0,-84.4138469,39.18997292
239031587,THEFT,0,1330.0,-84.4133669,39.18950292
239031578,CRIMINAL DAMAGING/ENDANGERING,0,145.0,-84.56700418,39.13622783
239031539,THEFT,0,70.0,-84.60271766,39.15033035
239031534,THEFT,0,70.0,-84.51492337,39.14391404
239031507,THEFT,2315,2346.0,-84.52410854,39.13065109
239031507,THEFT,2315,2346.0,-84.52393854,39.12942109
239031507,THEFT,2315,2346.0,-84.52375854,39.12998109
239031507,THEFT,2315,2346.0,-84.52353854,39.13006109
239031552,THEFT,230,50.0,-84.54765904,39.19657279
239031551,MENACING,2230,230.0,-84.49981189,39.13309071
239031519,THEFT,2230,530.0,-84.40119178,39.1516649
239031541,THEFT,225,55.0,-84.56896098,39.19137475
239031505,THEFT,220,226.0,-84.42649249,39.161473
239031501,THEFT,2130,220.0,-84.59726062,39.12763252
239031525,THEFT,210,40.0,-84.59143976,39.14257526
239031522,THEFT,210,40.0,-84.57996606,39.14481487
239031518,THEFT,210,620.0,-84.58474183,39.1083875
239031485,AGGRAVATED MENACING,210,210.0,-84.52958915,39.1026293
239031496,THEFT,200,2230.0,-84.49396663,39.14767962
239031515,ROBBERY,200,2030.0,-84.54002086,39.19706414
239031515,ROBBERY,200,2030.0,-84.53921086,39.19837414
239031620,THEFT,190,2115.0,-84.62333701,39.14420442
239031558,THEFT,190,110.0,-84.52862572,39.21276529
239031553,THEFT,190,820.0,-84.47304839,39.15737889
239031480,ASSAULT,1845,190.0,-84.5143891,39.19233987
239031486,CRIMINAL DAMAGING/ENDANGERING,1840,1929.0,-84.38552843,39.0972442
239031479,AGGRAVATED ROBBERY,1810,1820.0,-84.58850654,39.11367456
239031479,AGGRAVATED ROBBERY,1810,1820.0,-84.58806654,39.11314456
239031479,FELONIOUS ASSAULT,1810,1820.0,-84.58806654,39.11311456
239031479,CRIMINAL DAMAGING/ENDANGERING,1810,1820.0,-84.58798654,39.11296456
239031479,CRIMINAL DAMAGING/ENDANGERING,1810,1820.0,-84.58768654,39.11274456
239031479,FELONIOUS ASSAULT,1810,1820.0,-84.58741654,39.11300456
239031479,AGGRAVATED ROBBERY,1810,1820.0,-84.58688654,39.11281456
239031479,FELONIOUS ASSAULT,1810,1820.0,-84.58687654,39.11361456
239031479,CRIMINAL DAMAGING/ENDANGERING,1810,1820.0,-84.58658654,39.11311456
239031523,CRIMINAL DAMAGING/ENDANGERING,181,71.0,-84.49843182,39.13825269
239031468,DOMESTIC VIOLENCE,1731,1732.0,-84.49796898,39.14441759
239032852,,170,170.0,-84.59247385,39.11221177
239031825,THEFT,170,1730.0,-84.49632805,39.14353337
239031527,THEFT,170,640.0,-84.48569144,39.14195095
239031536,THEFT,170,80.0,-84.57154292,39.13415628
239031545,THEFT,170,40.0,-84.39827031,39.14959427
239031550,BREAKING AND ENTERING,160,914.0,-84.63973639,39.08578918
239031550,THEFT,160,914.0,-84.63946639,39.08654918
239031488,THEFT,1530,2115.0,-84.50965644,39.11224191
239031581,THEFT,150,130.0,-84.55939684,39.14466989
239031538,CRIMINAL DAMAGING/ENDANGERING,150,70.0,-84.42933887,39.08478072
239031511,BURGLARY,150,1545.0,-84.4819091,39.21609167
239031499,CRIMINAL DAMAGING/ENDANGERING,150,210.0,-84.51703628,39.10612573
239031473,THEFT,150,150.0,-84.52476998,39.12033361
239031459,MENACING,1446,1450.0,-84.49272876,39.14285638
239031482,ASSAULT,1430,180.0,-84.56551164,39.15190466
239031467,DOMESTIC VIOLENCE,1410,1421.0,-84.59016901,39.1287289
239031470,TELEPHONE HARASSMENT,1359,142.0,-84.55628884,39.13076849
239031446,THEFT,1350,1357.0,-84.61002878,39.13092603
239C000708,THEFT,1230,1330.0,-84.45442374,39.14044507
239031563,CRIMINAL DAMAGING/ENDANGERING,120,110.0,-84.5134073,39.11199266
239031563,THEFT,120,110.0,-84.5128173,39.11083266
239031563,CRIMINAL DAMAGING/ENDANGERING,120,110.0,-84.5123273,39.11057266
239031563,THEFT,120,110.0,-84.5122873,39.11104266
239032033,CRIMINAL DAMAGING/ENDANGERING,120,945.0,-84.52337919,39.12645808
239031422,BURGLARY,120,122.0,-84.6111448,39.14197033
239031555,THEFT,1155,5.0,-84.55651973,39.10828441
239031542,THEFT,1130,10.0,-84.51754678,39.11644954
239031430,THEFT,1130,1149.0,-84.62295831,39.14332421
239031416,ASSAULT,1125,1127.0,-84.48379939,39.15162476
239031408,,90,915.0,-84.56016999,39.13770037
239031425,FELONIOUS ASSAULT,748,750.0,-84.58036445,39.08585685
239031425,MURDER,748,750.0,-84.58023445,39.08511685
239031425,FELONIOUS ASSAULT,748,750.0,-84.57998445,39.08563685
239031425,MURDER,748,750.0,-84.57966445,39.08616685
239031425,FELONIOUS ASSAULT,748,750.0,-84.57955445,39.08561685
239031425,MURDER,748,750.0,-84.57903445,39.08607685
239031401,CRIMINAL DAMAGING/ENDANGERING,620,625.0,-84.481485,39.19736654
239031452,THEFT,60,60.0,-84.52077999,39.11556966
239031397,THEFT,530,539.0,-84.58559549,39.11075955
239031419,THEFT,445,455.0,-84.58836858,39.10773695
239031490,ASSAULT,348,348.0,-84.51050088,39.09591763
239031490,ASSAULT,348,348.0,-84.50907088,39.09642763
239031393,THEFT,220,240.0,-84.53723616,39.13683638
239031393,THEFT,220,240.0,-84.53668616,39.13551638
239031410,ASSAULT,20,30.0,-84.51776458,39.19072248
239031392,THEFT,112,122.0,-84.5832935,39.11977946
239031386,DOMESTIC VIOLENCE,45,48.0,-84.48412175,39.12881405
239031386,DOMESTIC VIOLENCE,45,48.0,-84.48392175,39.12772405
239031382,THEFT,23,27.0,-84.55728086,39.11372697
239031388,FELONIOUS ASSAULT,20,30.0,-84.51084922,39.17824495
239034226,CRIMINAL DAMAGING/ENDANGERING,2350,2355.0,-84.47906944,39.18504991
239031381,THEFT,2335,2352.0,-84.54589309,39.1298542
239031379,ASSAULT,2245,2249.0,-84.51096591,39.18557583
239031376,BURGLARY,2240,2245.0,-84.52706678,39.10735514
239031398,THEFT,2230,60.0,-84.52906096,39.1294509
239031380,ASSAULT,2230,230.0,-84.58201315,39.10656117
239031434,MENACING,2145,2145.0,-84.46441617,39.20247061
239031434,MENACING,2145,2145.0,-84.46346617,39.20273061
239031434,MENACING,2145,2145.0,-84.46297617,39.20251061
239031434,MENACING,2145,2145.0,-84.46261617,39.20105061
239031498,THEFT,2140,2144.0,-84.45765839,39.20589364
239031440,DOMESTIC VIOLENCE,210,220.0,-84.51105698,39.19017761
239031403,THEFT,210,715.0,-84.59470598,39.12950354
239031396,CRIMINAL DAMAGING/ENDANGERING,210,525.0,-84.47444127,39.14187519
239031394,THEFT,210,230.0,-84.56117309,39.10942698
239031375,DOMESTIC VIOLENCE,210,2138.0,-84.54307789,39.19946182
239031384,DOMESTIC VIOLENCE,2030,2053.0,-84.57724748,39.18797056
239031456,CRIMINAL DAMAGING/ENDANGERING,2020,2020.0,-84.52739445,39.11606269
239031369,ASSAULT,2020,2025.0,-84.46766211,39.18790673
239031402,THEFT,200,70.0,-84.47932884,39.179355
239031374,FELONIOUS ASSAULT,1954,1955.0,-84.55169873,39.14523376
239031374,FELONIOUS ASSAULT,1954,1955.0,-84.55144873,39.14400376
239031372,DOMESTIC VIOLENCE,1930,1939.0,-84.57636368,39.13687725
239031417,THEFT,1830,190.0,-84.47145465,39.1768995
239031365,AGGRAVATED MENACING,1820,1843.0,-84.57134981,39.10590523
239031421,THEFT,1730,1050.0,-84.50919751,39.14997248
239031566,ASSAULT,1721,1722.0,-84.69339566,39.12103291
239031356,DOMESTIC VIOLENCE,170,170.0,-84.51213445,39.17549387
239031354,ASSAULT,170,175.0,-84.57926084,39.11840139
239031399,THEFT,1615,615.0,-84.51065882,39.1061478
239031399,THEFT,1615,615.0,-84.51020882,39.1066778
239C000727,THEFT,160,80.0,-84.52936465,39.10632208
239C000726,THEFT,160,80.0,-84.52823465,39.10684208
239031395,THEFT,160,40.0,-84.49381381,39.14141664
239031348,MENACING,1540,1544.0,-84.57039959,39.10712378
239031368,ASSAULT,1528,1533.0,-84.6005525,39.12746865
239031371,ASSAULT,1528,1533.0,-84.5997925,39.12756865
239031357,AGGRAVATED MENACING,155,1510.0,-84.48817261,39.13318609
239031359,THEFT,150,1715.0,-84.50216484,39.15855048
239031353,ASSAULT,1455,155.0,-84.49295302,39.14026572
239031337,THEFT,1345,1348.0,-84.55160706,39.10436423
239C000714,THEFT,1338,1525.0,-84.60969267,39.13595917
239031444,MENACING,1330,1345.0,-84.44074737,39.11415312
239031406,THEFT,132,725.0,-84.57593648,39.11302192
239031324,DOMESTIC VIOLENCE,125,1211.0,-84.52980484,39.1220298
239031347,THEFT,124,124.0,-84.53785578,39.20333112
239031347,THEFT,124,124.0,-84.53710578,39.20327112
239031347,THEFT,124,124.0,-84.53638578,39.20352112
239031347,THEFT,124,124.0,-84.53606578,39.20194112
239031318,MENACING,1147,1150.0,-84.47172839,39.15680889
239031344,BREAKING AND ENTERING,119,1114.0,-84.59637067,39.12084084
239031312,AGGRAVATED MENACING,1015,1015.0,-84.51021519,39.10675834
239031412,THEFT,102,1010.0,-84.55926017,39.17815422
239031346,CRIMINAL DAMAGING/ENDANGERING,930,930.0,-84.50983482,39.11819105
239031548,THEFT,90,120.0,-84.51660005,39.19877957
239031288,CRIMINAL DAMAGING/ENDANGERING,830,835.0,-84.56667867,39.10219342
239031288,ASSAULT,830,835.0,-84.56646867,39.10076342
239031345,THEFT,815,1345.0,-84.56021132,39.18024552
239031282,ASSAULT,80,83.0,-84.52059297,39.1137356
239031185,CRIMINAL DAMAGING/ENDANGERING,739,739.0,-84.51030369,39.11128256
239031292,BREAKING AND ENTERING,50,51.0,-84.51775398,39.11702103
239031319,CRIMINAL DAMAGING/ENDANGERING,20,120.0,-84.55351111,39.14545937
239031276,THEFT,153,237.0,-84.59916411,39.1075102
239031274,THEFT,150,21.0,-84.51462512,39.11755047
239036720,TAKING THE IDENTITY OF ANOTHER,0,0.0,-84.41737441,39.1519885
239031704,TAKING THE IDENTITY OF ANOTHER,0,160.0,-84.41728737,39.1913284
239031299,THEFT,0,100.0,-84.57919186,39.12474507
239031299,THEFT,0,100.0,-84.57913186,39.12560507
239031299,THEFT,0,100.0,-84.57759186,39.12439507
239031283,THEFT,0,50.0,-84.51025275,39.11557284
239031270,DOMESTIC VIOLENCE,0,40.0,-84.5118568,39.1796434
239031266,AGGRAVATED ROBBERY,2310,2318.0,-84.55519584,39.14345466
239031266,AGGRAVATED ROBBERY,2310,2318.0,-84.55377584,39.14496466
239031272,BURGLARY,230,0.0,-84.51718625,39.1184954
239031265,THEFT,230,239.0,-84.46036636,39.18196929
239031265,THEFT,230,239.0,-84.46020636,39.18152929
239031265,THEFT,230,239.0,-84.45998636,39.18031929
239031265,THEFT,230,239.0,-84.45848636,39.18224929
239031279,THEFT,2230,420.0,-84.53192952,39.14921869
239031474,THEFT,220,530.0,-84.54574265,39.20046256
239031333,CRIMINAL DAMAGING/ENDANGERING,220,120.0,-84.51507822,39.11485947
239031320,THEFT,220,100.0,-84.51325726,39.10991276
239031293,CRIMINAL DAMAGING/ENDANGERING,220,50.0,-84.58109315,39.10650117
239031287,TELEPHONE HARASSMENT,220,230.0,-84.38437343,39.09431419
239031285,THEFT,220,70.0,-84.51967523,39.09938713
239031285,THEFT,220,70.0,-84.51957523,39.09943713
239031285,THEFT,220,70.0,-84.51953523,39.09799713
239031285,THEFT,220,70.0,-84.51878523,39.09896713
239031285,THEFT,220,70.0,-84.51876523,39.09880713
239031285,THEFT,220,70.0,-84.51860523,39.09895713
239031285,THEFT,220,70.0,-84.51814523,39.09867713
239031285,THEFT,220,70.0,-84.51790523,39.09798713
239031269,DOMESTIC VIOLENCE,2140,2150.0,-84.55344566,39.1389894
239031295,BREAKING AND ENTERING,213,65.0,-84.56595651,39.11129725
239031264,DOMESTIC VIOLENCE,210,2310.0,-84.43808006,39.17823767
239032747,THEFT,2037,2123.0,-84.62362831,39.14223421
239031314,THEFT,200,80.0,-84.48795545,39.11919483
239031238,ASSAULT,1945,1948.0,-84.57460252,39.1123546
239031284,CRIMINAL DAMAGING/ENDANGERING,1930,730.0,-84.47455163,39.17369234
239031367,THEFT,190,1630.0,-84.51419548,39.11574826
239031231,FELONIOUS ASSAULT,1835,1840.0,-84.51509408,39.11199661
239031242,DOMESTIC VIOLENCE,1815,1823.0,-84.5034366,39.15515393
239031445,CRIMINAL DAMAGING/ENDANGERING,180,1115.0,-84.48721804,39.13721175
239031222,DOMESTIC VIOLENCE,170,1744.0,-84.60467124,39.12568143
239031233,THEFT,1650,1651.0,-84.50389331,39.11124923
239C000725,THEFT,1635,1735.0,-84.51422391,39.10075956
239031221,AGGRAVATED MENACING,1635,1640.0,-84.57912568,39.11767262
239031226,THEFT,1630,1635.0,-84.50321463,39.12642241
239030542,THEFT,162,162.0,-84.5175037,39.10816425
239031315,BREAKING AND ENTERING,160,220.0,-84.56732791,39.10781515
239031223,DOMESTIC VIOLENCE,160,170.0,-84.57415838,39.11651947
239032434,THEFT,1555,1755.0,-84.59620062,39.12747252
239031302,THEFT,1531,1531.0,-84.51320537,39.10763764
239031209,THEFT,1450,155.0,-84.60659138,39.07844599
239031239,THEFT,1445,150.0,-84.47479264,39.14759085
239031239,THEFT,1445,150.0,-84.47476264,39.14624085
239031239,THEFT,1445,150.0,-84.47387264,39.14780085
239032739,THEFT,140,1410.0,-84.61840237,39.14249065
239032739,THEFT,140,1410.0,-84.61762237,39.14259065
239031325,THEFT,140,1115.0,-84.51098242,39.11240588
239031216,THEFT,140,1753.0,-84.60487733,39.12386964
239031193,ASSAULT,1310,1320.0,-84.62244293,39.0771929
239031198,THEFT,135,1310.0,-84.42559817,39.1620648
239031478,CRIMINAL DAMAGING/ENDANGERING,130,140.0,-84.42348061,39.16129087
239031187,ASSAULT,1245,1248.0,-84.41990985,39.16415269
239031297,THEFT,1245,1245.0,-84.51194537,39.10704764
239031195,THEFT,1230,1244.0,-84.42762272,39.14633679
239031307,MENACING,1215,1220.0,-84.54898744,39.19823722
239031307,MENACING,1215,1220.0,-84.54779744,39.19871722
239031181,ASSAULT,1142,1149.0,-84.61853992,39.13996471
239031429,TELEPHONE HARASSMENT,930,1021.0,-84.47447349,39.13811755
239031204,THEFT,80,844.0,-84.50104569,39.12101137
239031291,CRIMINAL DAMAGING/ENDANGERING,735,1615.0,-84.60028027,39.12478592
239034215,CRIMINAL DAMAGING/ENDANGERING,70,717.0,-84.52084261,39.12820539
239031163,THEFT,545,550.0,-84.3805596,39.1507163
239031188,BREAKING AND ENTERING,458,55.0,-84.52457401,39.09355393
239029970,BREAKING AND ENTERING,40,415.0,-84.43704696,39.11726822
239031157,DOMESTIC VIOLENCE,20,28.0,-84.43634507,39.17118507
239031159,DOMESTIC VIOLENCE,10,113.0,-84.50540428,39.11273064
239031159,CRIMINAL DAMAGING/ENDANGERING,10,113.0,-84.50519428,39.11256064
239031159,DOMESTIC VIOLENCE,10,113.0,-84.50515428,39.11283064
239031159,DOMESTIC VIOLENCE,10,113.0,-84.50508428,39.11279064
239031159,DOMESTIC VIOLENCE,10,113.0,-84.50497428,39.11215064
239031159,DOMESTIC VIOLENCE,10,113.0,-84.50491428,39.11195064
239031159,DOMESTIC VIOLENCE,10,113.0,-84.50419428,39.11219064
239031159,CRIMINAL DAMAGING/ENDANGERING,10,113.0,-84.50402428,39.11195064
239031183,THEFT,10,30.0,-84.57555775,39.11374828
239031154,CRIMINAL DAMAGING/ENDANGERING,10,139.0,-84.55456364,39.12996103
239031174,CRIMINAL DAMAGING/ENDANGERING,1,90.0,-84.51990193,39.1136101
239031970,THEFT,0,90.0,-84.55792093,39.11329554
239031448,TELEPHONE HARASSMENT,0,1430.0,-84.43148728,39.15511887
239031316,BURGLARY,0,430.0,-84.38654961,39.0958879
239031155,AGGRAVATED MENACING,2330,2351.0,-84.52002009,39.12793793
239031178,THEFT,235,2330.0,-84.52111632,39.1293883
239031153,THEFT,230,2330.0,-84.53469417,39.15146387
239031153,THEFT,230,2330.0,-84.53460417,39.15149387
239031153,THEFT,230,2330.0,-84.53398417,39.15304387
239031153,THEFT,230,2330.0,-84.53390417,39.15320387
239031153,THEFT,230,2330.0,-84.53376417,39.15241387
239031153,THEFT,230,2330.0,-84.53344417,39.15128387
239031259,THEFT,2230,230.0,-84.47834019,39.19515668
239031172,THEFT,220,930.0,-84.50509463,39.12609241
239031172,THEFT,220,930.0,-84.50508463,39.12562241
239031172,THEFT,220,930.0,-84.50504463,39.12616241
239031172,THEFT,220,930.0,-84.50499463,39.12564241
239031172,THEFT,220,930.0,-84.50494463,39.12658241
239031172,THEFT,220,930.0,-84.50483463,39.12622241
239031172,THEFT,220,930.0,-84.50482463,39.12692241
239031172,THEFT,220,930.0,-84.50460463,39.12686241
239031172,THEFT,220,930.0,-84.50457463,39.12633241
239031172,THEFT,220,930.0,-84.50455463,39.12607241
239031172,THEFT,220,930.0,-84.50444463,39.12691241
239031172,THEFT,220,930.0,-84.50444463,39.12584241
239031172,THEFT,220,930.0,-84.50443463,39.12661241
239031172,THEFT,220,930.0,-84.50431463,39.12749241
239031172,THEFT,220,930.0,-84.50416463,39.12603241
239031172,THEFT,220,930.0,-84.50415463,39.12581241
239031172,THEFT,220,930.0,-84.50408463,39.12598241
239031172,THEFT,220,930.0,-84.50407463,39.12587241
239031172,THEFT,220,930.0,-84.50398463,39.12628241
239031172,THEFT,220,930.0,-84.50397463,39.12665241
239031172,THEFT,220,930.0,-84.50392463,39.12695241
239031172,THEFT,220,930.0,-84.50388463,39.12619241
239031172,THEFT,220,930.0,-84.50387463,39.12589241
239031172,THEFT,220,930.0,-84.50375463,39.12583241
239031172,THEFT,220,930.0,-84.50363463,39.12660241
239031172,THEFT,220,930.0,-84.50359463,39.12714241
239031172,THEFT,220,930.0,-84.50356463,39.12568241
239031172,THEFT,220,930.0,-84.50355463,39.12588241
239031172,THEFT,220,930.0,-84.50353463,39.12649241
239031172,THEFT,220,930.0,-84.50346463,39.12745241
239031172,THEFT,220,930.0,-84.50342463,39.12706241
239031172,THEFT,220,930.0,-84.50341463,39.12583241
239031172,THEFT,220,930.0,-84.50320463,39.12660241
239031172,THEFT,220,930.0,-84.50315463,39.12693241
239031143,CRIMINAL DAMAGING/ENDANGERING,220,2250.0,-84.51066595,39.13128242
239031143,CRIMINAL DAMAGING/ENDANGERING,220,2250.0,-84.50995595,39.13134242
239031404,BURGLARY,210,80.0,-84.58244391,39.15347064
239031194,CRIMINAL DAMAGING/ENDANGERING,210,120.0,-84.52158132,39.10661659
239031146,ASSAULT,2030,2047.0,-84.5026033,39.119974
239031146,ASSAULT,2030,2047.0,-84.5025733,39.118654
239031137,AGGRAVATED MENACING,2010,2010.0,-84.53268275,39.21094254
239031549,THEFT,200,730.0,-84.56760084,39.19161427
239031150,DOMESTIC VIOLENCE,200,220.0,-84.57670702,39.14470433
239031144,THEFT,200,2340.0,-84.51189923,39.19088407
239031135,AGGRAVATED MENACING,200,2011.0,-84.47249839,39.15689889
239031133,ASSAULT,1955,201.0,-84.58250071,39.11285376
239031134,AGGRAVATED ROBBERY,1940,1943.0,-84.49884327,39.11715404
239031134,AGGRAVATED ROBBERY,1940,1943.0,-84.49840327,39.11768404
239031134,AGGRAVATED ROBBERY,1940,1943.0,-84.49777327,39.11753404
239031134,AGGRAVATED ROBBERY,1940,1943.0,-84.49766327,39.11803404
239031167,THEFT,190,70.0,-84.50956915,39.12216297
239031125,FELONIOUS ASSAULT,185,1811.0,-84.56260549,39.20347015
239031125,FELONIOUS ASSAULT,185,1811.0,-84.56095549,39.20364015
239031142,THEFT,180,210.0,-84.49813327,39.11748404
239031127,THEFT,175,1824.0,-84.42476514,39.15785491
239031268,THEFT,170,20.0,-84.50985531,39.13045598
239031124,CRIMINAL DAMAGING/ENDANGERING,170,1720.0,-84.5036716,39.09915486
239031124,CRIMINAL DAMAGING/ENDANGERING,170,1720.0,-84.5035616,39.09977486
239031124,CRIMINAL DAMAGING/ENDANGERING,170,1720.0,-84.5034616,39.09862486
239031124,CRIMINAL DAMAGING/ENDANGERING,170,1720.0,-84.5032416,39.10001486
239031124,CRIMINAL DAMAGING/ENDANGERING,170,1720.0,-84.5025816,39.10008486
239031124,CRIMINAL DAMAGING/ENDANGERING,170,1720.0,-84.5025716,39.09944486
239031124,CRIMINAL DAMAGING/ENDANGERING,170,1720.0,-84.5023816,39.10037486
239031124,CRIMINAL DAMAGING/ENDANGERING,170,1720.0,-84.5023216,39.09915486
239031124,CRIMINAL DAMAGING/ENDANGERING,170,1720.0,-84.5023116,39.09964486
239031124,CRIMINAL DAMAGING/ENDANGERING,170,1720.0,-84.5021916,39.09932486
239031124,CRIMINAL DAMAGING/ENDANGERING,170,1720.0,-84.5021916,39.09985486
239031124,CRIMINAL DAMAGING/ENDANGERING,170,1720.0,-84.5021416,39.10014486
239031120,DOMESTIC VIOLENCE,1630,1635.0,-84.59460877,39.1092683
249000146,THEFT,160,180.0,-84.57338168,39.12733099
239031128,IMPROPERLY DISCHARGING FIREARM AT/INTO HABITATION/SCHOOL,160,170.0,-84.51030085,39.1805082
239031206,ASSAULT,1555,165.0,-84.59731499,39.10635681
239031206,ASSAULT,1555,165.0,-84.59728499,39.10791681
239031206,ASSAULT,1555,165.0,-84.59636499,39.10605681
239031114,TELEPHONE HARASSMENT,1545,1555.0,-84.61913977,39.1439725
239031118,AGGRAVATED MENACING,1522,1522.0,-84.48948419,39.14216946
239031438,THEFT,150,120.0,-84.50934278,39.12031411
239031140,THEFT,150,150.0,-84.38621857,39.16194163
239031117,CRIMINAL DAMAGING/ENDANGERING,1455,152.0,-84.5566072,39.11213618
239031117,CRIMINAL DAMAGING/ENDANGERING,1455,152.0,-84.5559072,39.11308618
239031117,CRIMINAL DAMAGING/ENDANGERING,1455,152.0,-84.5556172,39.11399618
239031111,CRIMINAL DAMAGING/ENDANGERING,1430,1450.0,-84.55825416,39.15716406
239031129,CRIMINAL DAMAGING/ENDANGERING,140,1530.0,-84.48665833,39.15068643
239031129,THEFT,140,1530.0,-84.48535833,39.14968643
239031122,THEFT,140,150.0,-84.59321843,39.12853639
239031103,ASSAULT,1315,1345.0,-84.52316616,39.11169426
239C000750,THEFT,130,150.0,-84.39957205,39.15577319
239032846,THEFT,120,200.0,-84.50754946,39.14867352
239032563,THEFT,1155,120.0,-84.60047582,39.11675833
239031099,ASSAULT,1115,1120.0,-84.57711842,39.20103915
239031090,ASSAULT,1045,110.0,-84.51655398,39.11502204
239031094,DOMESTIC VIOLENCE,1045,110.0,-84.38537787,39.09481046
239031201,THEFT,1030,1110.0,-84.54689817,39.20065825
239031102,CRIMINAL DAMAGING/ENDANGERING,100,110.0,-84.54639992,39.13403384
239031119,TELEPHONE HARASSMENT,80,180.0,-84.60573698,39.14642845
239032454,THEFT,730,210.0,-84.50989321,39.12715859
239031072,BREAKING AND ENTERING,450,451.0,-84.5498457,39.14834975
239031068,CRIMINAL DAMAGING/ENDANGERING,415,433.0,-84.54113594,39.16974594
239031068,ASSAULT,415,433.0,-84.54087594,39.17027594
239031068,ASSAULT,415,433.0,-84.54045594,39.17119594
239031068,CRIMINAL DAMAGING/ENDANGERING,415,433.0,-84.53951594,39.16979594
239031067,ASSAULT,415,415.0,-84.53100143,39.11375886
239031067,DOMESTIC VIOLENCE,415,415.0,-84.53094143,39.11500886
239031067,CRIMINAL DAMAGING/ENDANGERING,415,415.0,-84.52986143,39.11434886
239031086,THEFT,342,347.0,-84.42948741,39.12710113
239031086,THEFT,342,347.0,-84.42920741,39.12781113
239031086,THEFT,342,347.0,-84.42875741,39.12730113
239031086,THEFT,342,347.0,-84.42821741,39.12734113
239031109,THEFT,335,150.0,-84.56303431,39.09669488
239031071,ASSAULT,330,335.0,-84.45298334,39.2060371
239032023,CRIMINAL DAMAGING/ENDANGERING,30,160.0,-84.56697103,39.18380945
239032023,THEFT,30,160.0,-84.56553103,39.18488945
239031062,CRIMINAL DAMAGING/ENDANGERING,220,225.0,-84.54133483,39.20027665
239031062,CRIMINAL DAMAGING/ENDANGERING,220,225.0,-84.54096483,39.20114665
239031062,CRIMINAL DAMAGING/ENDANGERING,220,225.0,-84.54093483,39.20012665
239031062,CRIMINAL DAMAGING/ENDANGERING,220,225.0,-84.54087483,39.19918665
239031062,CRIMINAL DAMAGING/ENDANGERING,220,225.0,-84.54056483,39.19972665
239031062,CRIMINAL DAMAGING/ENDANGERING,220,225.0,-84.54033483,39.20095665
239031062,CRIMINAL DAMAGING/ENDANGERING,220,225.0,-84.53978483,39.19916665
239031062,CRIMINAL DAMAGING/ENDANGERING,220,225.0,-84.53968483,39.19972665
239031472,CRIMINAL DAMAGING/ENDANGERING,20,180.0,-84.50458463,39.12648241
239031075,THEFT,20,30.0,-84.559632,39.13116954
239031059,CRIMINAL DAMAGING/ENDANGERING,20,230.0,-84.54485114,39.19614162
239031059,CRIMINAL DAMAGING/ENDANGERING,20,230.0,-84.54480114,39.19608162
239031059,CRIMINAL DAMAGING/ENDANGERING,20,230.0,-84.54469114,39.19675162
239031059,CRIMINAL DAMAGING/ENDANGERING,20,230.0,-84.54468114,39.19497162
239031059,CRIMINAL DAMAGING/ENDANGERING,20,230.0,-84.54462114,39.19607162
239031059,CRIMINAL DAMAGING/ENDANGERING,20,230.0,-84.54462114,39.19577162
239031059,CRIMINAL DAMAGING/ENDANGERING,20,230.0,-84.54457114,39.19661162
239031059,CRIMINAL DAMAGING/ENDANGERING,20,230.0,-84.54456114,39.19631162
239031059,CRIMINAL DAMAGING/ENDANGERING,20,230.0,-84.54443114,39.19484162
239031059,CRIMINAL DAMAGING/ENDANGERING,20,230.0,-84.54428114,39.19554162
239031059,CRIMINAL DAMAGING/ENDANGERING,20,230.0,-84.54423114,39.19537162
239031059,CRIMINAL DAMAGING/ENDANGERING,20,230.0,-84.54420114,39.19604162
239031059,CRIMINAL DAMAGING/ENDANGERING,20,230.0,-84.54414114,39.19634162
239031059,CRIMINAL DAMAGING/ENDANGERING,20,230.0,-84.54413114,39.19545162
239031059,CRIMINAL DAMAGING/ENDANGERING,20,230.0,-84.54412114,39.19604162
239031059,CRIMINAL DAMAGING/ENDANGERING,20,230.0,-84.54405114,39.19500162
239031059,CRIMINAL DAMAGING/ENDANGERING,20,230.0,-84.54388114,39.19621162
239031059,CRIMINAL DAMAGING/ENDANGERING,20,230.0,-84.54379114,39.19526162
239031059,CRIMINAL DAMAGING/ENDANGERING,20,230.0,-84.54378114,39.19664162
239031059,CRIMINAL DAMAGING/ENDANGERING,20,230.0,-84.54368114,39.19522162
239031059,CRIMINAL DAMAGING/ENDANGERING,20,230.0,-84.54367114,39.19572162
239031059,CRIMINAL DAMAGING/ENDANGERING,20,230.0,-84.54367114,39.19530162
239031059,CRIMINAL DAMAGING/ENDANGERING,20,230.0,-84.54360114,39.19515162
239031059,CRIMINAL DAMAGING/ENDANGERING,20,230.0,-84.54354114,39.19607162
239031059,CRIMINAL DAMAGING/ENDANGERING,20,230.0,-84.54340114,39.19614162
239031059,CRIMINAL DAMAGING/ENDANGERING,20,230.0,-84.54338114,39.19526162
239031059,CRIMINAL DAMAGING/ENDANGERING,20,230.0,-84.54334114,39.19526162
239031059,CRIMINAL DAMAGING/ENDANGERING,20,230.0,-84.54333114,39.19516162
239031059,CRIMINAL DAMAGING/ENDANGERING,20,230.0,-84.54329114,39.19501162
239031059,CRIMINAL DAMAGING/ENDANGERING,20,230.0,-84.54321114,39.19495162
239031059,CRIMINAL DAMAGING/ENDANGERING,20,230.0,-84.54314114,39.19523162
239031059,CRIMINAL DAMAGING/ENDANGERING,20,230.0,-84.54308114,39.19507162
239031083,THEFT,146,655.0,-84.39077148,39.15996323
239031082,THEFT,130,730.0,-84.42075666,39.16273459
239031087,CRIMINAL DAMAGING/ENDANGERING,125,126.0,-84.57631635,39.12070525
239C000717,THEFT,10,90.0,-84.52198592,39.11436386
239031057,ASSAULT,45,13.0,-84.58077489,39.10592431
239031055,IMPROPERLY DISCHARGING FIREARM AT/INTO HABITATION/SCHOOL,41,41.0,-84.58985953,39.1080304
239031069,FELONIOUS ASSAULT,30,255.0,-84.58227489,39.10649431
239031060,ASSAULT,30,20.0,-84.51043785,39.09604893
239031060,CRIMINAL DAMAGING/ENDANGERING,30,20.0,-84.51026785,39.09588893
239032271,THEFT,0,0.0,-84.60707138,39.07863599
239031077,THEFT,0,70.0,-84.51230591,39.18029233
239031081,THEFT,0,80.0,-84.51867969,39.11326631
239031084,BURGLARY,230,444.0,-84.52114576,39.13347613
239031074,THEFT,230,60.0,-84.5355634,39.11376406
239031037,THEFT,2225,2230.0,-84.40958008,39.15983487
239031110,BURGLARY,2215,1510.0,-84.55425776,39.15121049
239031110,BURGLARY,2215,1510.0,-84.55392776,39.15241049
239031053,DOMESTIC VIOLENCE,2210,2219.0,-84.56844253,39.11291716
239031030,THEFT,228,228.0,-84.60137088,39.12073343
239031030,THEFT,228,228.0,-84.60128088,39.12129343
239031030,THEFT,228,228.0,-84.60080088,39.12092343
239031030,THEFT,228,228.0,-84.60032088,39.12169343
239031030,THEFT,228,228.0,-84.60030088,39.12152343
239031030,THEFT,228,228.0,-84.60007088,39.12066343
239031030,THEFT,228,228.0,-84.60002088,39.12200343
239031030,THEFT,228,228.0,-84.59998088,39.12184343
239032121,THEFT,220,80.0,-84.46310793,39.13212362
239031104,CRIMINAL DAMAGING/ENDANGERING,220,140.0,-84.39938205,39.15425319
239031096,CRIMINAL DAMAGING/ENDANGERING,220,60.0,-84.50301016,39.15925766
239031088,CRIMINAL DAMAGING/ENDANGERING,220,100.0,-84.40159029,39.15345089
239031088,CRIMINAL DAMAGING/ENDANGERING,220,100.0,-84.40071029,39.15360089
239031088,CRIMINAL DAMAGING/ENDANGERING,220,100.0,-84.40054029,39.15486089
239031088,CRIMINAL DAMAGING/ENDANGERING,220,100.0,-84.40036029,39.15450089
239031088,CRIMINAL DAMAGING/ENDANGERING,220,100.0,-84.40033029,39.15491089
239031232,THEFT,2130,30.0,-84.52758391,39.13977383
239031046,DOMESTIC VIOLENCE,2130,220.0,-84.50647059,39.11169555
239031038,ASSAULT,2120,2133.0,-84.45882797,39.20254593
239031100,THEFT,210,845.0,-84.55366805,39.12881143
239031100,THEFT,210,845.0,-84.55345805,39.13009143
239031100,THEFT,210,845.0,-84.55310805,39.13041143
239031100,THEFT,210,845.0,-84.55265805,39.13027143
239031041,MURDER,210,217.0,-84.51432137,39.11344099
239031085,THEFT,2030,100.0,-84.41227654,39.16907433
239031048,TELEPHONE HARASSMENT,2030,2035.0,-84.53428847,39.10568119
239C000716,CRIMINAL DAMAGING/ENDANGERING,2020,2230.0,-84.51597211,39.11054213
239031035,CRIMINAL DAMAGING/ENDANGERING,2015,2017.0,-84.55078547,39.20444915
239031028,CRIMINAL DAMAGING/ENDANGERING,200,210.0,-84.52669383,39.10851947
239031036,DOMESTIC VIOLENCE,200,2040.0,-84.68791294,39.10879311
239C000718,CRIMINAL DAMAGING/ENDANGERING,1910,2115.0,-84.51820569,39.10973273
239031332,CRIMINAL DAMAGING/ENDANGERING,190,90.0,-84.54267591,39.15942089
239031237,CRIMINAL DAMAGING/ENDANGERING,190,110.0,-84.5651199,39.18763979
239031079,THEFT,190,80.0,-84.50769855,39.1017307
239031073,CRIMINAL DAMAGING/ENDANGERING,190,753.0,-84.54467061,39.1978586
239031311,THEFT,190,200.0,-84.51834774,39.10492268
239031020,THEFT,1855,190.0,-84.51846171,39.15796675
239031020,THEFT,1855,190.0,-84.51838171,39.15657675
239031026,THEFT,1815,2015.0,-84.50757098,39.10410808
239031025,CRIMINAL DAMAGING/ENDANGERING,180,200.0,-84.52569539,39.11457585
239031034,THEFT,1730,2020.0,-84.51934354,39.10580775
239031034,THEFT,1730,2020.0,-84.51860354,39.10628775
239031039,THEFT,1730,205.0,-84.51842774,39.10634268
239034324,TAKING THE IDENTITY OF ANOTHER,170,1730.0,-84.46791041,39.17716981
239031009,DOMESTIC VIOLENCE,1650,1658.0,-84.46955118,39.13787394
239031009,ASSAULT,1650,1658.0,-84.46861118,39.13720394
239031210,THEFT,160,100.0,-84.51289149,39.12023778
239031210,CRIMINAL DAMAGING/ENDANGERING,160,100.0,-84.51255149,39.12098778
239031027,CRIMINAL DAMAGING/ENDANGERING,160,210.0,-84.52055491,39.10629866
239031027,CRIMINAL DAMAGING/ENDANGERING,160,210.0,-84.52039491,39.10505866
239031027,CRIMINAL DAMAGING/ENDANGERING,160,210.0,-84.52037491,39.10565866
239031027,CRIMINAL DAMAGING/ENDANGERING,160,210.0,-84.52018491,39.10522866
239031027,CRIMINAL DAMAGING/ENDANGERING,160,210.0,-84.51990491,39.10459866
239031027,CRIMINAL DAMAGING/ENDANGERING,160,210.0,-84.51975491,39.10454866
239031027,CRIMINAL DAMAGING/ENDANGERING,160,210.0,-84.51952491,39.10464866
239031027,CRIMINAL DAMAGING/ENDANGERING,160,210.0,-84.51865491,39.10547866
239031080,THEFT,150,910.0,-84.52163528,39.11704653
239031078,THEFT,1430,80.0,-84.40395937,39.15923623
239031015,ASSAULT,1415,1445.0,-84.4848257,39.19015195
239031011,THEFT,1350,1357.0,-84.51991982,39.14254213
239031011,THEFT,1350,1357.0,-84.51982982,39.14290213
239031235,THEFT,1330,1331.0,-84.39454515,39.16049786
239030987,AGGRAVATED ROBBERY,1245,1247.0,-84.6136838,39.14189483
239030987,AGGRAVATED ROBBERY,1245,1247.0,-84.6127638,39.14278483
239031170,THEFT,1235,1013.0,-84.51621792,39.10910447
239031428,CRIMINAL DAMAGING/ENDANGERING,120,120.0,-84.51707616,39.10157665
239031240,CRIMINAL DAMAGING/ENDANGERING,120,0.0,-84.44222212,39.1772202
239031093,CRIMINAL DAMAGING/ENDANGERING,1159,1029.0,-84.53196259,39.13736481
239031093,CRIMINAL DAMAGING/ENDANGERING,1159,1029.0,-84.53160259,39.13696481
239030986,THEFT,1133,1145.0,-84.51644148,39.10862599
239030993,THEFT,1120,1340.0,-84.55027155,39.10172662
239030985,AGGRAVATED MENACING,1118,1140.0,-84.56850155,39.19080902
239030985,AGGRAVATED MENACING,1118,1140.0,-84.56701155,39.19153902
239030998,AGGRAVATED MENACING,1115,1118.0,-84.56709155,39.19197902
239030979,AGGRAVATED MENACING,100,100.0,-84.50374378,39.13295567
239030968,CRIMINAL DAMAGING/ENDANGERING,90,930.0,-84.48677111,39.150453
239031029,BURGLARY,830,2115.0,-84.49432293,39.14763163
239031561,UNAUTHORIZED USE OF MOTOR VEHICLE,80,170.0,-84.5109023,39.16669525
239030990,THEFT,70,1145.0,-84.45382151,39.20635047
239030959,FELONIOUS ASSAULT,60,623.0,-84.57773853,39.14508609
239030962,THEFT,50,515.0,-84.53055882,39.12172301
239030970,AGGRAVATED ROBBERY,430,820.0,-84.52292909,39.14397471
239030955,ASSAULT,430,50.0,-84.51451026,39.11206705
239030953,CRIMINAL DAMAGING/ENDANGERING,414,416.0,-84.51496167,39.10936594
239030956,AGGRAVATED ROBBERY,410,420.0,-84.46346617,39.20125061
239030956,AGGRAVATED ROBBERY,410,420.0,-84.46314617,39.20229061
239030954,CRIMINAL DAMAGING/ENDANGERING,245,250.0,-84.57080603,39.14846826
239030952,ASSAULT,20,215.0,-84.57677451,39.14676667
239031141,THEFT,130,20.0,-84.52024112,39.12245173
239030977,THEFT,10,15.0,-84.51309302,39.11083773
239030975,THEFT,30,70.0,-84.45537091,39.20467482
239031465,THEFT,0,0.0,-84.51682763,39.10939632
239031281,THEFT,0,216.0,-84.51492118,39.10516045
239030978,THEFT,0,1038.0,-84.56626183,39.09847967
239C000719,THEFT,0,20.0,-84.51335526,39.11077762
239031362,CRIMINAL DAMAGING/ENDANGERING,2350,2355.0,-84.48829221,39.1357564
239031362,ASSAULT,2350,2355.0,-84.48825221,39.1362664
239031189,THEFT,230,130.0,-84.5743787,39.12665759
239030967,THEFT,230,630.0,-84.50874877,39.13237822
239031168,THEFT,220,221.0,-84.55099286,39.14163756
239031168,CRIMINAL DAMAGING/ENDANGERING,220,221.0,-84.55009286,39.14118756
239030936,ASSAULT,2145,226.0,-84.56010743,39.10693111
239031097,ASSAULT,2125,2134.0,-84.48753464,39.14967548
239030981,THEFT,210,80.0,-84.5725154,39.11734582
239030938,DOMESTIC VIOLENCE,210,2120.0,-84.52107075,39.11607666
239030948,ASSAULT,2050,2054.0,-84.52729106,39.11207183
239030948,MURDER,2050,2054.0,-84.52721106,39.11099183
239030948,ASSAULT,2050,2054.0,-84.52703106,39.11125183
239030948,MURDER,2050,2054.0,-84.52703106,39.11133183
239030948,ASSAULT,2050,2054.0,-84.52700106,39.11194183
239030948,ASSAULT,2050,2054.0,-84.52659106,39.11145183
239030948,MURDER,2050,2054.0,-84.52606106,39.11195183
239030948,MURDER,2050,2054.0,-84.52569106,39.11250183
239030963,THEFT,2015,730.0,-84.58286438,39.1073976
239030963,THEFT,2015,730.0,-84.58199438,39.1070876
239030963,THEFT,2015,730.0,-84.58182438,39.1072676
239030963,THEFT,2015,730.0,-84.58176438,39.1069676
239031012,THEFT,200,210.0,-84.60043496,39.13127673
239030991,THEFT,200,100.0,-84.55206351,39.20017122
239030991,THEFT,200,100.0,-84.55120351,39.20040122
239030988,THEFT,200,80.0,-84.56611793,39.15890311
239030949,CRIMINAL DAMAGING/ENDANGERING,200,45.0,-84.52106027,39.12096844
239030949,CRIMINAL DAMAGING/ENDANGERING,200,45.0,-84.51967027,39.12076844
239030928,THEFT,1930,1936.0,-84.62006728,39.1443023
239031004,CRIMINAL DAMAGING/ENDANGERING,190,140.0,-84.51672139,39.10218166
239030926,BURGLARY,1850,1858.0,-84.56035999,39.13829037
239030934,AGGRAVATED MENACING,1830,193.0,-84.56013888,39.11103197
239030961,THEFT,180,60.0,-84.57845818,39.11193415
239030945,ROBBERY,1730,1930.0,-84.56318135,39.1091875
239030974,THEFT,170,80.0,-84.44235797,39.17710002
239030971,THEFT,170,80.0,-84.44083797,39.17687002
239030929,AGGRAVATED ROBBERY,1656,170.0,-84.51370339,39.10398744
239030931,THEFT,1650,177.0,-84.59733547,39.12628764
239030919,BREAKING AND ENTERING,1650,1750.0,-84.55968804,39.12772283
239032162,THEFT,1630,170.0,-84.59824229,39.11767179
239031458,FORGERY,162,162.0,-84.43887931,39.12929528
239031171,BREAKING AND ENTERING,160,90.0,-84.45976986,39.1698984
239032130,ASSAULT,1530,160.0,-84.45338196,39.14103568
239032130,ASSAULT,1530,160.0,-84.45326196,39.14154568
239032130,ASSAULT,1530,160.0,-84.45236196,39.14122568
239032130,ASSAULT,1530,160.0,-84.45165196,39.14027568
239030915,CRIMINAL DAMAGING/ENDANGERING,1530,1555.0,-84.54687745,39.19592018
239032114,MENACING,150,160.0,-84.61849396,39.14436198
239031601,THEFT,150,170.0,-84.57548262,39.1261802
239030909,AGGRAVATED MENACING,1445,150.0,-84.6111641,39.13833399
239030909,CRIMINAL DAMAGING/ENDANGERING,1445,150.0,-84.6107041,39.13823399
239031107,BURGLARY,1430,20.0,-84.44579531,39.1389942
239030906,THEFT,1425,1428.0,-84.4993205,39.13425239
239030972,CRIMINAL DAMAGING/ENDANGERING,1236,1036.0,-84.37934097,39.15744733
239031813,THEFT,1230,1230.0,-84.45684455,39.13582492
239030899,THEFT,1218,1218.0,-84.51309537,39.10678764
239031290,THEFT,1150,1158.0,-84.60018027,39.12549592
239031423,THEFT,1042,1043.0,-84.59991027,39.12459592
239031255,BURGLARY,90,170.0,-84.48351966,39.15163529
239030911,THEFT,90,150.0,-84.54931275,39.12748326
239030911,THEFT,90,150.0,-84.54864275,39.12725326
239030911,THEFT,90,150.0,-84.54853275,39.12748326
239030911,THEFT,90,150.0,-84.54842275,39.12719326
239030876,DOMESTIC VIOLENCE,80,820.0,-84.59356213,39.1449772
239030868,ASSAULT,730,750.0,-84.51304633,39.1405364
239030877,BREAKING AND ENTERING,65,636.0,-84.51279952,39.11086902
239031322,THEFT,60,615.0,-84.5171762,39.10996207
239030864,IMPROPERLY DISCHARGING FIREARM AT/INTO HABITATION/SCHOOL,60,65.0,-84.57995046,39.11901479
239031439,BREAKING AND ENTERING,40,50.0,-84.5191665,39.14464855
239030854,THEFT,354,354.0,-84.56229655,39.10553643
239030856,TELEPHONE HARASSMENT,330,424.0,-84.52099905,39.11028202
239031197,THEFT,211,1542.0,-84.45972246,39.14577084
239031684,FELONIOUS ASSAULT,130,130.0,-84.52777956,39.11505132
239030881,THEFT,130,930.0,-84.52611833,39.14396651
239030889,THEFT,10,100.0,-84.49405384,39.12677588
239035883,TAKING THE IDENTITY OF ANOTHER,0,0.0,-84.59912305,39.13125757
239032031,TAKING THE IDENTITY OF ANOTHER,0,2359.0,-84.56999954,39.18150033
239031686,UNAUTHORIZED USE OF MOTOR VEHICLE,0,1359.0,-84.61773242,39.13097127
239031234,CRIMINAL DAMAGING/ENDANGERING,0,1641.0,-84.3958325,39.16381189
239031215,BURGLARY,0,1649.0,-84.5274529,39.11218998
239030923,CRIMINAL DAMAGING/ENDANGERING,0,60.0,-84.50045254,39.1453615
239030875,THEFT,0,40.0,-84.59314142,39.1364686
239030855,THEFT,0,20.0,-84.61069759,39.13950916
239030852,THEFT,0,50.0,-84.51640463,39.1056409
239030848,FELONIOUS ASSAULT,2346,2347.0,-84.56860234,39.1057656
239030848,FELONIOUS ASSAULT,2346,2347.0,-84.56768234,39.1054956
239030940,THEFT,2330,230.0,-84.51038683,39.13222759
239031065,CRIMINAL DAMAGING/ENDANGERING,2330,140.0,-84.51885523,39.09824713
239030879,THEFT,2330,835.0,-84.53250255,39.13120755
239030908,THEFT,230,830.0,-84.56565328,39.18822471
239030878,THEFT,230,70.0,-84.47757785,39.13930855
239030840,THEFT,2240,2240.0,-84.60161088,39.12237343
239030840,THEFT,2240,2240.0,-84.60121088,39.12104343
239030840,THEFT,2240,2240.0,-84.60106088,39.12049343
239030840,THEFT,2240,2240.0,-84.60002088,39.12105343
239030894,ASSAULT,227,237.0,-84.5536225,39.13886284
239C000774,THEFT,220,710.0,-84.53654014,39.15940224
239030905,THEFT,220,2230.0,-84.69035132,39.10838995
239030885,CRIMINAL DAMAGING/ENDANGERING,220,100.0,-84.52585437,39.12839957
239030867,CRIMINAL DAMAGING/ENDANGERING,220,750.0,-84.51858877,39.09898754
239031002,THEFT,2130,220.0,-84.51897916,39.14230002
239030914,THEFT,2130,75.0,-84.4901017,39.12829697
239030882,ROBBERY,2130,2230.0,-84.55159606,39.10277527
239030925,CRIMINAL DAMAGING/ENDANGERING,2110,2118.0,-84.51408939,39.14252055
239030913,THEFT,200,1548.0,-84.60134847,39.12987879
239030861,CRIMINAL DAMAGING/ENDANGERING,200,521.0,-84.50827158,39.10503423
239030861,CRIMINAL DAMAGING/ENDANGERING,200,521.0,-84.50723158,39.10453423
239030861,CRIMINAL DAMAGING/ENDANGERING,200,521.0,-84.50702158,39.10434423
239030830,AGGRAVATED MENACING,1920,1924.0,-84.49282569,39.1416604
239030903,THEFT,190,730.0,-84.48961572,39.14305377
239030842,THEFT,190,2130.0,-84.51970277,39.14538043
239C000721,THEFT,1845,2334.0,-84.50916098,39.10253808
239030831,CRIMINAL DAMAGING/ENDANGERING,1817,190.0,-84.51482341,39.10939347
239030820,ASSAULT,1816,1817.0,-84.55863009,39.15560443
239030824,THEFT,1815,1816.0,-84.46809915,39.14581641
239030884,THEFT,180,80.0,-84.56512516,39.13210273
239030884,THEFT,180,80.0,-84.56463516,39.13384273
239030884,THEFT,180,80.0,-84.56443516,39.13217273
239030884,THEFT,180,80.0,-84.56429516,39.13199273
239030884,THEFT,180,80.0,-84.56412516,39.13375273
239030884,THEFT,180,80.0,-84.56371516,39.13346273
239030884,THEFT,180,80.0,-84.56370516,39.13213273
239030884,THEFT,180,80.0,-84.56366516,39.13235273
239030873,THEFT,1758,715.0,-84.51716603,39.10336267
239030873,THEFT,1758,715.0,-84.51714603,39.10401267
239030827,AGGRAVATED MENACING,1750,1810.0,-84.52799805,39.13173525
239030827,AGGRAVATED MENACING,1750,1810.0,-84.52758805,39.13294525
239030828,DOMESTIC VIOLENCE,1730,180.0,-84.54635494,39.15897049
239030822,THEFT,1720,1720.0,-84.51298537,39.10680764
239030650,THEFT,170,80.0,-84.52479072,39.10880336
239030650,THEFT,170,80.0,-84.52439072,39.10897336
239030832,THEFT,170,190.0,-84.49225971,39.12665515
239030832,THEFT,170,190.0,-84.49123971,39.12593515
239030844,CRIMINAL DAMAGING/ENDANGERING,1630,2324.0,-84.50289773,39.10227421
239030844,CRIMINAL DAMAGING/ENDANGERING,1630,2324.0,-84.50272773,39.10126421
239030844,CRIMINAL DAMAGING/ENDANGERING,1630,2324.0,-84.50166773,39.10114421
239030844,CRIMINAL DAMAGING/ENDANGERING,1630,2324.0,-84.50155773,39.10129421
239030844,CRIMINAL DAMAGING/ENDANGERING,1630,2324.0,-84.50127773,39.10066421
239030851,CRIMINAL DAMAGING/ENDANGERING,1630,2145.0,-84.52425166,39.13561386
239030811,THEFT,1630,1638.0,-84.51128268,39.12816844
239030965,CRIMINAL DAMAGING/ENDANGERING,160,160.0,-84.61827883,39.08261253
239030853,THEFT,160,256.0,-84.55984663,39.11931419
239030814,THEFT,160,1630.0,-84.58207212,39.11821815
239030823,CRIMINAL DAMAGING/ENDANGERING,160,1620.0,-84.55386336,39.16673324
239030874,BURGLARY,1530,830.0,-84.46151169,39.17121551
239030825,CRIMINAL DAMAGING/ENDANGERING,150,1745.0,-84.5205031,39.14297079
239031214,BREAKING AND ENTERING,1426,1530.0,-84.43100949,39.12699898
239031214,BREAKING AND ENTERING,1426,1530.0,-84.43031949,39.12655898
239030804,CRIMINAL DAMAGING/ENDANGERING,1415,1422.0,-84.51595981,39.1120696
239031313,BURGLARY,1330,200.0,-84.45892635,39.19116359
239031177,THEFT,1330,140.0,-84.54648896,39.19925076
239030901,CRIMINAL DAMAGING/ENDANGERING,130,1310.0,-84.60058027,39.12482592
239030791,THEFT,130,1313.0,-84.61068878,39.13162603
239030787,THEFT,1230,1240.0,-84.49637635,39.14588969
239030796,THEFT,115,115.0,-84.51214537,39.10718764
239030775,ASSAULT,110,110.0,-84.52746448,39.13363003
239030897,MENACING,1040,1050.0,-84.49203523,39.14121209
239030776,ASSAULT,1030,1035.0,-84.51878614,39.11511057
239030806,THEFT,1018,1019.0,-84.51647896,39.12877182
239030980,THEFT,930,110.0,-84.61642107,39.13932314
239030783,TELEPHONE HARASSMENT,920,100.0,-84.45766868,39.19231035
239030829,THEFT,90,190.0,-84.49129459,39.12600158
239030786,THEFT,90,1145.0,-84.43692733,39.11237037
239030801,THEFT,840,850.0,-84.50046335,39.12408602
239030802,THEFT,840,840.0,-84.51302537,39.10721764
239C000720,THEFT,80,170.0,-84.50258788,39.10438552
239030850,THEFT,80,10.0,-84.52198649,39.14540837
239030850,CRIMINAL DAMAGING/ENDANGERING,80,10.0,-84.52173649,39.14605837
239030808,THEFT,70,70.0,-84.51157537,39.10631764
239030755,MENACING,630,635.0,-84.58252967,39.14489934
239030751,,545,555.0,-84.57563811,39.14453601
239030866,BURGLARY,530,530.0,-84.58827842,39.14160989
239030056,CRIMINAL DAMAGING/ENDANGERING,50,2030.0,-84.49072904,39.14133903
239030767,THEFT,417,558.0,-84.54115939,39.17176773
239030750,CRIMINAL DAMAGING/ENDANGERING,30,330.0,-84.45481146,39.20665645
239030750,DOMESTIC VIOLENCE,30,330.0,-84.45445146,39.20733645
239030750,THEFT,30,330.0,-84.45370146,39.20701645
239030750,ASSAULT,30,330.0,-84.45354146,39.20664645
239030747,DOMESTIC VIOLENCE,30,34.0,-84.56304705,39.17931731
239030742,DOMESTIC VIOLENCE,140,145.0,-84.4733886,39.1452758
239030765,CRIMINAL DAMAGING/ENDANGERING,130,714.0,-84.4628667,39.17460431
239C000755,THEFT,10,515.0,-84.47552497,39.13673645
239030758,THEFT,35,40.0,-84.50823512,39.12980071
239030799,THEFT,30,70.0,-84.51453863,39.1717894
239030736,THEFT,25,30.0,-84.39340606,39.1609352
239C000732,THEFT,15,815.0,-84.53344296,39.11963604
239030793,THEFT,1,120.0,-84.52643328,39.1249002
239031997,FORGERY,0,0.0,-84.41858578,39.1612821
239C000731,THEFT,0,645.0,-84.51216176,39.10677374
239030769,CRIMINAL DAMAGING/ENDANGERING,0,930.0,-84.54393114,39.19577162
239030730,ASSAULT,2357,0.0,-84.4906573,39.12652787
239030789,THEFT,2315,1216.0,-84.54089654,39.19919072
239030729,THEFT,2245,2258.0,-84.52879262,39.11633716
239030729,,2245,2258.0,-84.52843262,39.11666716
239030779,AGGRAVATED MENACING,220,30.0,-84.43081916,39.1743158
239030763,THEFT,220,645.0,-84.60067336,39.15445507
239030760,THEFT,220,70.0,-84.56807801,39.14360461
239030781,THEFT,2130,1030.0,-84.52941369,39.12383446
239030762,THEFT,210,71.0,-84.54387114,39.19504162
239030762,THEFT,210,71.0,-84.54383114,39.19660162
239030728,THEFT,210,2130.0,-84.5512375,39.16271231
239030754,CRIMINAL DAMAGING/ENDANGERING,2030,60.0,-84.5518984,39.16905998
239030721,CRIMINAL DAMAGING/ENDANGERING,2030,210.0,-84.52061436,39.117767
239030717,FELONIOUS ASSAULT,2015,2017.0,-84.50248714,39.12691479
239C000703,THEFT,200,1745.0,-84.51807523,39.09928713
239030921,THEFT,200,188.0,-84.50269439,39.15333767
239030738,CRIMINAL DAMAGING/ENDANGERING,1930,10.0,-84.52155685,39.10540763
239030712,FELONIOUS ASSAULT,1922,1925.0,-84.50980502,39.10288766
239030726,CRIMINAL DAMAGING/ENDANGERING,1915,2145.0,-84.52770227,39.10834072
239032007,THEFT,195,199.0,-84.42597918,39.14658065
239030715,,194,1914.0,-84.43316517,39.11605804
239031464,CRIMINAL DAMAGING/ENDANGERING,190,210.0,-84.5017016,39.09970486
239030890,BREAKING AND ENTERING,190,1045.0,-84.42172662,39.16236288
239030790,THEFT,190,1230.0,-84.5208501,39.12653192
239030774,THEFT,1850,1858.0,-84.52123005,39.14330866
239030735,CRIMINAL DAMAGING/ENDANGERING,1830,190.0,-84.56431196,39.09649308
239030706,ASSAULT,1813,1813.0,-84.47480226,39.20957026
239030805,THEFT,180,150.0,-84.50992111,39.13732312
239030766,THEFT,180,80.0,-84.51470802,39.1005147
239030757,THEFT,180,630.0,-84.53937449,39.17081864
239030709,AGGRAVATED MENACING,180,1825.0,-84.47903607,39.18331763
239030707,ASSAULT,1754,1754.0,-84.50911473,39.13184585
239030819,THEFT,1730,1745.0,-84.56924918,39.09037565
239030724,THEFT,1726,1726.0,-84.43720363,39.13817822
239030815,THEFT,170,70.0,-84.5504357,39.19701866
239030771,THEFT,170,90.0,-84.52058694,39.1265295
239030771,THEFT,170,90.0,-84.52023694,39.1267195
239030733,MENACING,170,1720.0,-84.5136132,39.18235582
239030733,MENACING,170,1720.0,-84.5129632,39.18173582
239030733,MENACING,170,1720.0,-84.5129432,39.18311582
239030698,THEFT,1625,1632.0,-84.53797121,39.10877183
239030698,THEFT,1625,1632.0,-84.53787121,39.10949183
239030698,THEFT,1625,1632.0,-84.53762121,39.10891183
239030723,THEFT,1620,1640.0,-84.51069915,39.12129297
239030699,DOMESTIC VIOLENCE,1613,1617.0,-84.52226003,39.12708431
239032551,THEFT,1540,160.0,-84.52888828,39.11240946
239032361,THEFT,150,1430.0,-84.59230761,39.11182822
239030756,THEFT,150,60.0,-84.50590316,39.15752205
239030745,ENDANGERING CHILDREN,150,200.0,-84.47236507,39.17669881
239030745,ENDANGERING CHILDREN,150,200.0,-84.47179507,39.17631881
239030697,MENACING,1455,1457.0,-84.57768415,39.11966346
239030895,CRIMINAL DAMAGING/ENDANGERING,1445,150.0,-84.47054227,39.16710911
239030895,ASSAULT,1445,150.0,-84.47045227,39.16666911
239030895,ASSAULT,1445,150.0,-84.46988227,39.16753911
239030895,CRIMINAL DAMAGING/ENDANGERING,1445,150.0,-84.46936227,39.16788911
239030792,,1430,1530.0,-84.56068201,39.10758359
239031391,THEFT,140,150.0,-84.51232208,39.1864505
239030688,THEFT,1350,140.0,-84.51166537,39.10628764
239030681,THEFT,1338,1338.0,-84.42820249,39.162693
239028206,BREAKING AND ENTERING,1330,144.0,-84.60578166,39.12479662
239030891,THEFT,1242,1250.0,-84.42872541,39.15371921
239030684,CRIMINAL DAMAGING/ENDANGERING,1240,1245.0,-84.49022665,39.14091109
239031413,THEFT,1210,1230.0,-84.51665873,39.10440986
239030676,THEFT,120,1229.0,-84.59800547,39.12595764
239030670,FELONIOUS ASSAULT,1145,1150.0,-84.48763905,39.13432343
239030670,FELONIOUS ASSAULT,1145,1150.0,-84.48666905,39.13353343
239030665,CRIMINAL DAMAGING/ENDANGERING,1040,1042.0,-84.55920529,39.15783791
239030703,THEFT,100,170.0,-84.459953,39.17525246
239030918,AGGRAVATED MENACING,830,840.0,-84.57889629,39.14214972
239030718,THEFT,630,1730.0,-84.58378097,39.12153875
239030645,ASSAULT,550,550.0,-84.51160074,39.10835011
239030753,ASSAULT,30,340.0,-84.58365861,39.11519189
239030683,THEFT,230,959.0,-84.46840359,39.17517279
239030677,CRIMINAL DAMAGING/ENDANGERING,20,130.0,-84.59992011,39.11171723
239030626,CRIMINAL DAMAGING/ENDANGERING,130,137.0,-84.43269213,39.15128332
239030626,CRIMINAL DAMAGING/ENDANGERING,130,137.0,-84.43186213,39.15189332
239030629,CRIMINAL DAMAGING/ENDANGERING,117,141.0,-84.56676146,39.11509982
239030629,CRIMINAL DAMAGING/ENDANGERING,117,141.0,-84.56671146,39.11576982
239030708,THEFT,10,130.0,-84.50801424,39.10682748
239030624,THEFT,41,45.0,-84.58354142,39.15437915
239030624,THEFT,41,45.0,-84.58298142,39.15316915
239031355,VIOLATE PROTECTION ORDER/CONSENT AGREEMENT,0,0.0,-84.57771444,39.14534826
239031229,CRIMINAL DAMAGING/ENDANGERING,0,0.0,-84.56453763,39.18722998
239C000733,THEFT,0,1630.0,-84.51135108,39.10638677
239030658,THEFT,0,80.0,-84.51295772,39.13965838
239030658,CRIMINAL DAMAGING/ENDANGERING,0,80.0,-84.51285772,39.14096838
239030658,THEFT,0,80.0,-84.51237772,39.14090838
239030658,THEFT,0,80.0,-84.51211772,39.14024838
239030658,THEFT,0,80.0,-84.51201772,39.13916838
239030658,CRIMINAL DAMAGING/ENDANGERING,0,80.0,-84.51189772,39.14059838
239030658,THEFT,0,80.0,-84.51186772,39.13905838
239030658,CRIMINAL DAMAGING/ENDANGERING,0,80.0,-84.51172772,39.14016838
239030658,CRIMINAL DAMAGING/ENDANGERING,0,80.0,-84.51168772,39.13969838
239030658,CRIMINAL DAMAGING/ENDANGERING,0,80.0,-84.51168772,39.14080838
239030658,CRIMINAL DAMAGING/ENDANGERING,0,80.0,-84.51153772,39.13950838
239030658,THEFT,0,80.0,-84.51129772,39.13919838
239030651,CRIMINAL DAMAGING/ENDANGERING,0,70.0,-84.52033037,39.14558437
239030651,CRIMINAL DAMAGING/ENDANGERING,0,70.0,-84.52033037,39.14655437
239030651,THEFT,0,70.0,-84.52022037,39.14577437
239030651,THEFT,0,70.0,-84.52004037,39.14481437
239030651,THEFT,0,70.0,-84.51982037,39.14507437
239030651,CRIMINAL DAMAGING/ENDANGERING,0,70.0,-84.51966037,39.14607437
239030651,CRIMINAL DAMAGING/ENDANGERING,0,70.0,-84.51952037,39.14557437
239030651,CRIMINAL DAMAGING/ENDANGERING,0,70.0,-84.51931037,39.14527437
239030651,THEFT,0,70.0,-84.51923037,39.14582437
239030651,THEFT,0,70.0,-84.51888037,39.14541437
239030651,CRIMINAL DAMAGING/ENDANGERING,0,70.0,-84.51875037,39.14603437
239030651,THEFT,0,70.0,-84.51846037,39.14457437
239030620,CRIMINAL DAMAGING/ENDANGERING,0,5.0,-84.51958141,39.11449981
239030622,IMPROPERLY DISCHARGING FIREARM AT/INTO HABITATION/SCHOOL,230,235.0,-84.57627867,39.14462454
239030636,THEFT,2245,2250.0,-84.51255176,39.10425763
239030701,THEFT,2230,150.0,-84.51189772,39.14027838
239030701,THEFT,2230,150.0,-84.51151772,39.13918838
239030701,THEFT,2230,150.0,-84.51132772,39.13973838
239030642,CRIMINAL DAMAGING/ENDANGERING,2230,70.0,-84.52764149,39.13680443
239030667,CRIMINAL DAMAGING/ENDANGERING,2225,2230.0,-84.51250108,39.10587677
239030673,THEFT,2225,2235.0,-84.50811759,39.09992637
239030680,THEFT,220,130.0,-84.51249304,39.13957985
239030680,THEFT,220,130.0,-84.51200304,39.14096985
239030654,CRIMINAL DAMAGING/ENDANGERING,220,740.0,-84.51193428,39.14010901
239030652,THEFT,220,70.0,-84.59449129,39.10881689
239030613,FELONIOUS ASSAULT,2125,2135.0,-84.5201248,39.10224909
239C000775,THEFT,210,110.0,-84.52306752,39.12929295
239030675,THEFT,210,948.0,-84.55136811,39.11225107
239030634,,210,2130.0,-84.5208748,39.10315909
239030614,THEFT,2030,2030.0,-84.59760547,39.12592764
239030725,THEFT,2012,2012.0,-84.4945217,39.15902015
239030725,THEFT,2012,2012.0,-84.4941317,39.15811015
239030725,THEFT,2012,2012.0,-84.4940317,39.15964015
239027588,CRIMINAL DAMAGING/ENDANGERING,205,2010.0,-84.58457856,39.14615034
239027588,CRIMINAL DAMAGING/ENDANGERING,205,2010.0,-84.58456856,39.14495034
239027588,IMPROPERLY DISCHARGING FIREARM AT/INTO HABITATION/SCHOOL,205,2010.0,-84.58442856,39.14576034
239027588,IMPROPERLY DISCHARGING FIREARM AT/INTO HABITATION/SCHOOL,205,2010.0,-84.58423856,39.14516034
239027588,CRIMINAL DAMAGING/ENDANGERING,205,2010.0,-84.58412856,39.14602034
239027588,CRIMINAL DAMAGING/ENDANGERING,205,2010.0,-84.58410856,39.14562034
239027588,MURDER,205,2010.0,-84.58382856,39.14578034
239027588,CRIMINAL DAMAGING/ENDANGERING,205,2010.0,-84.58379856,39.14567034
239027588,CRIMINAL DAMAGING/ENDANGERING,205,2010.0,-84.58376856,39.14508034
239027588,MURDER,205,2010.0,-84.58371856,39.14660034
239027588,MURDER,205,2010.0,-84.58359856,39.14666034
239027588,MURDER,205,2010.0,-84.58359856,39.14628034
239027588,MURDER,205,2010.0,-84.58352856,39.14490034
239027588,MURDER,205,2010.0,-84.58348856,39.14662034
239027588,MURDER,205,2010.0,-84.58334856,39.14610034
239027588,IMPROPERLY DISCHARGING FIREARM AT/INTO HABITATION/SCHOOL,205,2010.0,-84.58333856,39.14629034
239027588,IMPROPERLY DISCHARGING FIREARM AT/INTO HABITATION/SCHOOL,205,2010.0,-84.58327856,39.14560034
239027588,CRIMINAL DAMAGING/ENDANGERING,205,2010.0,-84.58298856,39.14526034
239027588,MURDER,205,2010.0,-84.58294856,39.14670034
239027588,CRIMINAL DAMAGING/ENDANGERING,205,2010.0,-84.58274856,39.14643034
239030910,THEFT,200,200.0,-84.55412204,39.14761656
239032738,THEFT,1939,1950.0,-84.61855237,39.14281065
239032738,THEFT,1939,1950.0,-84.61809237,39.14350065
239032738,THEFT,1939,1950.0,-84.61802237,39.14266065
239C000734,THEFT,1930,10.0,-84.50959389,39.10361317
239030657,THEFT,1930,90.0,-84.51920617,39.11185689
239030647,THEFT,1930,645.0,-84.55212623,39.13035381
239030635,MENACING,190,195.0,-84.55257976,39.13469644
239030607,AGGRAVATED MENACING,190,1912.0,-84.50660426,39.15625473
239030609,THEFT,1830,1932.0,-84.59367828,39.15429314
239030710,CRIMINAL DAMAGING/ENDANGERING,180,190.0,-84.49933886,39.14673256
239030649,THEFT,170,70.0,-84.51260772,39.13924838
239030599,THEFT,162,1610.0,-84.51164537,39.10692764
239030641,THEFT,160,350.0,-84.59679909,39.10774913
239030646,CRIMINAL DAMAGING/ENDANGERING,1530,70.0,-84.51035016,39.10462195
239030593,FORGERY,1527,1528.0,-84.56778807,39.10945097
239030580,DOMESTIC VIOLENCE,1519,1522.0,-84.57541841,39.15410993
239030597,THEFT,150,1515.0,-84.51251537,39.10626764
239030594,THEFT,140,150.0,-84.51163797,39.16436058
239030531,CRIMINAL DAMAGING/ENDANGERING,140,150.0,-84.45224196,39.14136568
239030557,UNAUTHORIZED USE OF MOTOR VEHICLE,1348,1348.0,-84.48685434,39.15156328
239030566,CRIMINAL DAMAGING/ENDANGERING,1345,1350.0,-84.51713,39.11821484
239032135,ROBBERY,1338,1343.0,-84.44141737,39.11431312
239030565,THEFT,1323,1323.0,-84.42643514,39.15752491
239030565,THEFT,1323,1323.0,-84.42609514,39.15640491
239030572,CRIMINAL DAMAGING/ENDANGERING,1310,1320.0,-84.51777117,39.10271943
239030572,THEFT,1310,1320.0,-84.51754117,39.10236943
239030577,THEFT,130,140.0,-84.6237923,39.14653905
239030574,THEFT,130,1350.0,-84.60186767,39.12227246
239030689,THEFT,1247,1247.0,-84.50146714,39.12699479
239030558,THEFT,1245,1250.0,-84.51270537,39.10731764
239030554,THEFT,1243,1250.0,-84.60313942,39.15319479
239030554,THEFT,1243,1250.0,-84.60259942,39.15386479
239030554,THEFT,1243,1250.0,-84.60176942,39.15333479
239030579,THEFT,120,1230.0,-84.4704322,39.17560129
239030595,VIOLATE PROTECTION ORDER/CONSENT AGREEMENT,1130,1147.0,-84.47322012,39.15801423
239032079,THEFT,100,0.0,-84.48098146,39.19826488
239030534,THEFT,954,954.0,-84.42802249,39.162673
239030606,CRIMINAL DAMAGING/ENDANGERING,915,1745.0,-84.5179229,39.09375289
239030606,CRIMINAL DAMAGING/ENDANGERING,915,1745.0,-84.5178029,39.09331289
239034302,TELEPHONE HARASSMENT,90,1130.0,-84.39915129,39.15504473
239030605,THEFT,80,170.0,-84.51373802,39.0991347
239030605,CRIMINAL DAMAGING/ENDANGERING,80,170.0,-84.51350802,39.1004447
239030604,THEFT,80,170.0,-84.51750748,39.09429039
239030590,CRIMINAL DAMAGING/ENDANGERING,80,150.0,-84.60420115,39.09453766
239030590,CRIMINAL DAMAGING/ENDANGERING,80,150.0,-84.60357115,39.09578766
239030590,CRIMINAL DAMAGING/ENDANGERING,80,150.0,-84.60302115,39.09539766
239030590,CRIMINAL DAMAGING/ENDANGERING,80,150.0,-84.60290115,39.09554766
239030590,CRIMINAL DAMAGING/ENDANGERING,80,150.0,-84.60277115,39.09440766
239030590,CRIMINAL DAMAGING/ENDANGERING,80,150.0,-84.60248115,39.09446766
239030543,ROBBERY,730,830.0,-84.51363093,39.13997925
239030627,THEFT,645,70.0,-84.49507547,39.13978465
239030524,DOMESTIC VIOLENCE,623,644.0,-84.5778434,39.11678435
249C000002,THEFT,60,1430.0,-84.52110568,39.10780256
239030546,THEFT,453,515.0,-84.55149879,39.14796629
239030591,CRIMINAL DAMAGING/ENDANGERING,40,40.0,-84.58349097,39.12232875
239030512,CRIMINAL DAMAGING/ENDANGERING,30,39.0,-84.60011294,39.10717507
239030514,MENACING,235,245.0,-84.5602769,39.10418894
239030510,ASSAULT,235,239.0,-84.56578701,39.1100055
239030513,AGGRAVATED MENACING,25,211.0,-84.46321617,39.20163061
239030513,AGGRAVATED MENACING,25,211.0,-84.46299617,39.20105061
239030538,CRIMINAL DAMAGING/ENDANGERING,1,940.0,-84.60403115,39.09598766
239030686,TAKING THE IDENTITY OF ANOTHER,0,140.0,-84.5634505,39.11506708
239030571,CRIMINAL DAMAGING/ENDANGERING,0,60.0,-84.55235681,39.11428829
239030535,THEFT,0,950.0,-84.5501757,39.19890866
239030508,MENACING,2330,2345.0,-84.57508765,39.11468521
239C000737,THEFT,230,180.0,-84.52904161,39.13245872
239030582,CRIMINAL DAMAGING/ENDANGERING,2230,1250.0,-84.50628312,39.16307009
239030523,THEFT,2230,430.0,-84.50060574,39.1062447
239030523,THEFT,2230,430.0,-84.49982574,39.1071647
239030523,THEFT,2230,430.0,-84.49960574,39.1074547
239030523,THEFT,2230,430.0,-84.49900574,39.1065847
239030537,THEFT,220,20.0,-84.46180916,39.19121202
239030533,THEFT,220,730.0,-84.59938326,39.10901295
239030497,THEFT,2150,2150.0,-84.4144098,39.18498618
239030551,THEFT,210,230.0,-84.52931634,39.13539584
239030532,BREAKING AND ENTERING,210,230.0,-84.50770698,39.11944875
239030521,THEFT,210,70.0,-84.52815879,39.13362413
239030521,THEFT,210,70.0,-84.52810879,39.13292413
239030521,THEFT,210,70.0,-84.52788879,39.13287413
239030521,CRIMINAL DAMAGING/ENDANGERING,210,70.0,-84.52750879,39.13466413
239030521,CRIMINAL DAMAGING/ENDANGERING,210,70.0,-84.52736879,39.13316413
239030521,CRIMINAL DAMAGING/ENDANGERING,210,70.0,-84.52728879,39.13477413
239030521,CRIMINAL DAMAGING/ENDANGERING,210,70.0,-84.52717879,39.13350413
239030521,THEFT,210,70.0,-84.52714879,39.13413413
239030521,CRIMINAL DAMAGING/ENDANGERING,210,70.0,-84.52687879,39.13432413
239030521,THEFT,210,70.0,-84.52687879,39.13348413
239030521,THEFT,210,70.0,-84.52681879,39.13287413
239030521,CRIMINAL DAMAGING/ENDANGERING,210,70.0,-84.52679879,39.13299413
239030521,THEFT,210,70.0,-84.52663879,39.13326413
239030521,CRIMINAL DAMAGING/ENDANGERING,210,70.0,-84.52650879,39.13436413
239030521,CRIMINAL DAMAGING/ENDANGERING,210,70.0,-84.52645879,39.13358413
239030521,THEFT,210,70.0,-84.52626879,39.13456413
239030550,THEFT,200,100.0,-84.55166681,39.11426829
239030495,,1925,1938.0,-84.55796538,39.13480982
239030536,THEFT,190,1015.0,-84.53241088,39.19309337
239030487,ASSAULT,190,195.0,-84.51447619,39.11116468
239030478,MENACING,1840,1842.0,-84.55192615,39.14908244
239030484,DOMESTIC VIOLENCE,1830,1835.0,-84.57735531,39.13586696
239030484,DOMESTIC VIOLENCE,1830,1835.0,-84.57593531,39.13697696
239030530,THEFT,180,90.0,-84.51020488,39.13171745
239030479,MENACING,1755,180.0,-84.59313536,39.10444852
239030481,THEFT,1745,1757.0,-84.42718249,39.161023
239C000738,THEFT,1720,85.0,-84.51968675,39.11835132
239030469,THEFT,1657,1658.0,-84.59971064,39.1298432
239030744,ASSAULT,1630,170.0,-84.5511145,39.14634066
239030518,CRIMINAL DAMAGING/ENDANGERING,160,60.0,-84.51817799,39.10399902
239030488,THEFT,160,1645.0,-84.51795485,39.09827166
239030488,THEFT,160,1645.0,-84.51694485,39.09852166
239030488,THEFT,160,1645.0,-84.51657485,39.09920166
239030463,BURGLARY,1545,165.0,-84.5625161,39.10938873
239030463,BURGLARY,1545,165.0,-84.5620661,39.10960873
239030464,THEFT,159,1512.0,-84.51507621,39.11215092
239030474,BURGLARY,150,1550.0,-84.55293925,39.143777
239030493,,1443,1443.0,-84.43261368,39.17484768
239030525,THEFT,1430,726.0,-84.55601175,39.13554284
239030655,THEFT,1315,1330.0,-84.52045261,39.12926539
239030467,THEFT,130,135.0,-84.42643249,39.161693
239030455,ASSAULT,1224,1225.0,-84.48830468,39.12691013
239030674,CRIMINAL DAMAGING/ENDANGERING,120,120.0,-84.51444453,39.09996551
239030443,THEFT,120,1211.0,-84.51208537,39.10622764
239030445,MENACING,110,120.0,-84.60266729,39.14041163
239030764,THEFT,1030,110.0,-84.461184,39.19228659
239030435,VIOLATE PROTECTION ORDER/CONSENT AGREEMENT,1015,1020.0,-84.51089519,39.10668834
239030450,CRIMINAL DAMAGING/ENDANGERING,1015,1029.0,-84.54641992,39.13356384
239030476,THEFT,100,160.0,-84.40078646,39.15987805
239031882,THEFT,930,952.0,-84.42555918,39.14613065
239030459,THEFT,930,1030.0,-84.49783775,39.12565989
239030430,CRIMINAL DAMAGING/ENDANGERING,920,930.0,-84.54155565,39.19732998
239030880,TAKING THE IDENTITY OF ANOTHER,80,1015.0,-84.45853528,39.12781813
239030436,THEFT,70,730.0,-84.53650666,39.13775225
239030431,ASSAULT,70,843.0,-84.53128689,39.13565051
239030419,AGGRAVATED ROBBERY,555,65.0,-84.48661878,39.14589371
239030419,AGGRAVATED ROBBERY,555,65.0,-84.48629878,39.14685371
239030419,AGGRAVATED ROBBERY,555,65.0,-84.48620878,39.14712371
239030415,BREAKING AND ENTERING,530,533.0,-84.55401762,39.10491916
239030409,ASSAULT,450,453.0,-84.51404026,39.11329705
239030412,DOMESTIC VIOLENCE,440,445.0,-84.54668092,39.15710235
239030404,CRIMINAL DAMAGING/ENDANGERING,420,424.0,-84.53551935,39.10271034
239030407,THEFT,40,415.0,-84.52621607,39.13500187
239030401,ASSAULT,225,230.0,-84.5171537,39.10896425
239030702,THEFT,20,60.0,-84.53081865,39.21629139
239030400,DOMESTIC VIOLENCE,130,133.0,-84.47220839,39.15676889
239030303,CRIMINAL DAMAGING/ENDANGERING,10,40.0,-84.45431186,39.19056913
239030592,THEFT,30,550.0,-84.5507657,39.19835866
239030397,THEFT,30,55.0,-84.53597666,39.13691225
239030420,THEFT,0,645.0,-84.38524993,39.09472412
239030420,THEFT,0,645.0,-84.38509993,39.09480412
239030416,CRIMINAL DAMAGING/ENDANGERING,0,430.0,-84.52354077,39.10828946
239031169,IMPROPERLY DISCHARGING FIREARM AT/INTO HABITATION/SCHOOL,2334,2130.0,-84.4968471,39.14770215
239030391,THEFT,2317,2317.0,-84.48013828,39.13648813
239030439,THEFT,230,715.0,-84.39461724,39.15656786
239030425,THEFT,230,90.0,-84.54579399,39.19798928
239030425,CRIMINAL DAMAGING/ENDANGERING,230,90.0,-84.54561399,39.19753928
239030441,THEFT,2230,930.0,-84.39656652,39.15062597
239030388,ASSAULT,2150,220.0,-84.539594,39.14119117
239030388,ASSAULT,2150,220.0,-84.539324,39.14137117
239030388,ASSAULT,2150,220.0,-84.538804,39.14088117
239030392,THEFT,2130,2135.0,-84.48750224,39.1338776
239030399,THEFT,210,10.0,-84.54873275,39.12768326
239030567,THEFT,209,2015.0,-84.42946141,39.13125942
239030470,BURGLARY,200,160.0,-84.49136523,39.14114209
239030446,CRIMINAL DAMAGING/ENDANGERING,200,110.0,-84.54665653,39.2028895
239030376,AGGRAVATED MENACING,1945,1950.0,-84.55867684,39.14408989
239030386,TELEPHONE HARASSMENT,1935,205.0,-84.53496186,39.1985343
239030389,ROBBERY,1930,200.0,-84.58140444,39.10931142
239030389,ROBBERY,1930,200.0,-84.58106444,39.11006142
239030389,ROBBERY,1930,200.0,-84.58085444,39.10868142
239030389,ROBBERY,1930,200.0,-84.58079444,39.10933142
239030389,ROBBERY,1930,200.0,-84.58072444,39.10991142
239030389,ROBBERY,1930,200.0,-84.58041444,39.11025142
239030395,CRIMINAL DAMAGING/ENDANGERING,1840,2230.0,-84.51555679,39.09588025
239030395,THEFT,1840,2230.0,-84.51532679,39.09408025
239030460,THEFT,1830,1551.0,-84.51423232,39.10886652
239030384,CRIMINAL DAMAGING/ENDANGERING,1830,220.0,-84.43111309,39.15240761
239030384,CRIMINAL DAMAGING/ENDANGERING,1830,220.0,-84.43077309,39.15252761
239030363,CRIMINAL DAMAGING/ENDANGERING,187,189.0,-84.47696426,39.13914673
239030426,CRIMINAL DAMAGING/ENDANGERING,180,80.0,-84.55293762,39.10469916
239030364,THEFT,180,1816.0,-84.61469296,39.13778809
239030359,CRIMINAL DAMAGING/ENDANGERING,1750,1755.0,-84.50958985,39.09656076
239030359,CRIMINAL DAMAGING/ENDANGERING,1750,1755.0,-84.50958985,39.09760076
239030359,ASSAULT,1750,1755.0,-84.50918985,39.09802076
239030359,ASSAULT,1750,1755.0,-84.50895985,39.09679076
239030359,CRIMINAL DAMAGING/ENDANGERING,1750,1755.0,-84.50860985,39.09827076
239030359,ASSAULT,1750,1755.0,-84.50860985,39.09795076
239030358,THEFT,1745,1750.0,-84.50952078,39.12863751
239030360,ASSAULT,1730,1735.0,-84.54866817,39.17819418
239030360,ASSAULT,1730,1735.0,-84.54692817,39.17792418
239030410,AGGRAVATED MENACING,1720,1730.0,-84.5735238,39.19296999
239030578,CRIMINAL DAMAGING/ENDANGERING,170,150.0,-84.5680538,39.18229993
239030367,ASSAULT,170,1710.0,-84.57825692,39.10787692
239030480,THEFT,1645,140.0,-84.39924042,39.16097345
239030477,CRIMINAL DAMAGING/ENDANGERING,160,160.0,-84.51956523,39.09947713
239030477,CRIMINAL DAMAGING/ENDANGERING,160,160.0,-84.51827523,39.09866713
239030447,CRIMINAL DAMAGING/ENDANGERING,160,170.0,-84.55198533,39.14784271
239030475,UNAUTHORIZED USE OF MOTOR VEHICLE,1530,1530.0,-84.58119635,39.11428488
239030475,ASSAULT,1530,1530.0,-84.58020635,39.11587488
239C000729,THEFT,159,151.0,-84.54781694,39.20176619
239030982,THEFT,150,1145.0,-84.51680139,39.10169166
239030596,ASSAULT,150,1515.0,-84.49970576,39.13641672
239030382,CRIMINAL DAMAGING/ENDANGERING,1430,200.0,-84.42863647,39.1457454
239C000722,THEFT,1325,1125.0,-84.51332502,39.10267944
239030329,THEFT,1325,1328.0,-84.54885911,39.12683801
239030329,THEFT,1325,1328.0,-84.54821911,39.12596801
239030328,THEFT,1310,1310.0,-84.40775451,39.15906177
239030328,THEFT,1310,1310.0,-84.40653451,39.15836177
239030332,AGGRAVATED BURGLARY,1255,1259.0,-84.612756,39.13521264
239030332,AGGRAVATED BURGLARY,1255,1259.0,-84.612646,39.13455264
239030332,AGGRAVATED BURGLARY,1255,1259.0,-84.611816,39.13516264
239030332,AGGRAVATED BURGLARY,1255,1259.0,-84.611616,39.13391264
239030330,ASSAULT,1240,1245.0,-84.52526718,39.11032034
239030330,ASSAULT,1240,1245.0,-84.52400718,39.11121034
239C000735,THEFT,121,160.0,-84.51035919,39.09689599
239030379,THEFT,120,210.0,-84.5123492,39.18779582
239030338,DOMESTIC VIOLENCE,120,1340.0,-84.52669671,39.13708614
239030331,ASSAULT,1126,1126.0,-84.48504237,39.14466238
239030331,ASSAULT,1126,1126.0,-84.48372237,39.14515238
239030355,THEFT,110,1630.0,-84.52060491,39.10468866
239030355,THEFT,110,1630.0,-84.52054491,39.10613866
239030355,THEFT,110,1630.0,-84.52052491,39.10439866
239030355,CRIMINAL DAMAGING/ENDANGERING,110,1630.0,-84.52029491,39.10474866
239030355,THEFT,110,1630.0,-84.51990491,39.10522866
239030355,CRIMINAL DAMAGING/ENDANGERING,110,1630.0,-84.51983491,39.10577866
239030355,CRIMINAL DAMAGING/ENDANGERING,110,1630.0,-84.51976491,39.10476866
239030355,CRIMINAL DAMAGING/ENDANGERING,110,1630.0,-84.51974491,39.10595866
239030355,THEFT,110,1630.0,-84.51960491,39.10483866
239030355,CRIMINAL DAMAGING/ENDANGERING,110,1630.0,-84.51928491,39.10489866
239030355,CRIMINAL DAMAGING/ENDANGERING,110,1630.0,-84.51924491,39.10483866
239030355,THEFT,110,1630.0,-84.51909491,39.10454866
239030355,THEFT,110,1630.0,-84.51875491,39.10599866
239030355,CRIMINAL DAMAGING/ENDANGERING,110,1630.0,-84.51870491,39.10462866
239030327,VIOLATE PROTECTION ORDER/CONSENT AGREEMENT,110,1250.0,-84.42514241,39.15513904
239030315,THEFT,1030,110.0,-84.55512933,39.19719585
239030365,BURGLARY,100,180.0,-84.47735802,39.17518474
239030365,BURGLARY,100,180.0,-84.47715802,39.17360474
239030365,BURGLARY,100,180.0,-84.47664802,39.17387474
239030353,BURGLARY,930,1630.0,-84.50644217,39.10964754
239032310,TELEPHONE HARASSMENT,80,1450.0,-84.42453194,39.18280046
239032117,BURGLARY,80,210.0,-84.56710173,39.1034384
239030458,CRIMINAL DAMAGING/ENDANGERING,80,200.0,-84.52064061,39.10864885
239030373,THEFT,80,90.0,-84.48639419,39.12744594
239030304,BREAKING AND ENTERING,70,730.0,-84.51561167,39.10988594
239030333,IMPROPERLY DISCHARGING FIREARM AT/INTO HABITATION/SCHOOL,50,120.0,-84.51058085,39.1814782
239030403,BREAKING AND ENTERING,455,50.0,-84.47968479,39.19525526
239030289,THEFT,40,45.0,-84.58051213,39.1188171
239030289,THEFT,40,45.0,-84.58022213,39.1174671
239030361,THEFT,330,1724.0,-84.5813022,39.11391596
239030453,BREAKING AND ENTERING,325,329.0,-84.5114575,39.11129428
239030284,CRIMINAL DAMAGING/ENDANGERING,325,326.0,-84.5104975,39.11283428
239030297,THEFT,314,515.0,-84.56651683,39.1903243
239030318,THEFT,34,38.0,-84.57603264,39.15658379
239030347,THEFT,30,330.0,-84.53223882,39.12133301
239030347,THEFT,30,330.0,-84.53176882,39.12146301
239030343,TELEPHONE HARASSMENT,258,110.0,-84.49811479,39.13169972
239030300,THEFT,245,245.0,-84.69363935,39.11471787
239030302,BREAKING AND ENTERING,230,250.0,-84.38662206,39.09491418
239030340,CRIMINAL DAMAGING/ENDANGERING,210,212.0,-84.6942721,39.11602872
239030288,FELONIOUS ASSAULT,130,20.0,-84.59022077,39.14886003
239030324,THEFT,10,130.0,-84.57462664,39.11369178
239030308,CRIMINAL DAMAGING/ENDANGERING,10,930.0,-84.59535693,39.15636766
239030312,THEFT,45,90.0,-84.55386375,39.13345924
239030274,FELONIOUS ASSAULT,34,35.0,-84.54887911,39.12726801
239030305,THEFT,30,74.0,-84.59623657,39.13337977
239030311,THEFT,30,1030.0,-84.48426484,39.12396175
239030285,ASSAULT,30,40.0,-84.5103141,39.13089078
239033741,THEFT,1,2359.0,-84.52400152,39.19176355
239031891,CRIMINAL DAMAGING/ENDANGERING,0,0.0,-84.51530392,39.11123129
239031891,THEFT,0,0.0,-84.51493392,39.11127129
239030317,THEFT,0,90.0,-84.55164412,39.12430683
239030314,CRIMINAL DAMAGING/ENDANGERING,0,0.0,-84.52220337,39.11867917
239C000736,THEFT,2345,20.0,-84.51180837,39.10476743
239030337,BREAKING AND ENTERING,2330,20.0,-84.55280289,39.10593915
239030320,CRIMINAL DAMAGING/ENDANGERING,2330,1030.0,-84.45928541,39.19027818
239030273,AGGRAVATED BURGLARY,2320,2335.0,-84.53548186,39.1974643
239030273,FELONIOUS ASSAULT,2320,2335.0,-84.53538186,39.1980943
239030273,AGGRAVATED BURGLARY,2320,2335.0,-84.53529186,39.1985543
239030273,FELONIOUS ASSAULT,2320,2335.0,-84.53499186,39.1972343
239030273,FELONIOUS ASSAULT,2320,2335.0,-84.53472186,39.1977743
239030273,FELONIOUS ASSAULT,2320,2335.0,-84.53424186,39.1967843
239030270,ASSAULT,2310,2326.0,-84.5100341,39.13224078
239030270,ASSAULT,2310,2326.0,-84.5092541,39.13158078
239030270,ASSAULT,2310,2326.0,-84.5087941,39.13215078
239030368,THEFT,230,230.0,-84.51076473,39.10790102
239030309,THEFT,230,40.0,-84.53853504,39.10807909
239030424,CRIMINAL DAMAGING/ENDANGERING,230,951.0,-84.58442597,39.11265925
239030424,THEFT,230,951.0,-84.58415597,39.11350925
239030424,THEFT,230,951.0,-84.58390597,39.11348925
239030424,THEFT,230,951.0,-84.58390597,39.11359925
239030424,CRIMINAL DAMAGING/ENDANGERING,230,951.0,-84.58317597,39.11377925
239030424,CRIMINAL DAMAGING/ENDANGERING,230,951.0,-84.58307597,39.11239925
239030259,,220,2210.0,-84.57485173,39.10924347
239030269,THEFT,2155,2158.0,-84.4840775,39.15450924
239030292,THEFT,2150,2155.0,-84.26671646,39.26845175
239030292,CRIMINAL DAMAGING/ENDANGERING,2150,2155.0,-84.26663646,39.26842175
239030266,CRIMINAL DAMAGING/ENDANGERING,2142,2333.0,-84.51281022,39.11267266
239030266,THEFT,2142,2333.0,-84.51251022,39.11316266
239030325,THEFT,2130,90.0,-84.59216457,39.11229096
239030262,THEFT,2130,2130.0,-84.51602698,39.1276783
239030257,THEFT,2125,2130.0,-84.51545068,39.12878972
239030257,THEFT,2125,2130.0,-84.51531068,39.12815972
239030271,CRIMINAL DAMAGING/ENDANGERING,210,2130.0,-84.5207072,39.12545709
239030378,VIOLATE PROTECTION ORDER/CONSENT AGREEMENT,210,200.0,-84.46735282,39.21724129
239030275,CRIMINAL DAMAGING/ENDANGERING,210,5.0,-84.44229768,39.14479271
239030256,CRIMINAL DAMAGING/ENDANGERING,210,2130.0,-84.51420415,39.10763384
239030254,CRIMINAL DAMAGING/ENDANGERING,2030,2043.0,-84.48553169,39.12522813
239030254,CRIMINAL DAMAGING/ENDANGERING,2030,2043.0,-84.48499169,39.12580813
239030254,AGGRAVATED MENACING,2030,2043.0,-84.48497169,39.12517813
239030254,AGGRAVATED MENACING,2030,2043.0,-84.48489169,39.12609813
239030254,CRIMINAL DAMAGING/ENDANGERING,2030,2043.0,-84.48481169,39.12514813
239030254,AGGRAVATED MENACING,2030,2043.0,-84.48453169,39.12670813
239030265,AGGRAVATED MENACING,2030,2040.0,-84.68694242,39.10806239
239030321,THEFT,2022,1040.0,-84.5674016,39.18987802
239C000678,THEFT,2015,1135.0,-84.51362726,39.11413488
239030773,CRIMINAL DAMAGING/ENDANGERING,201,112.0,-84.69269264,39.11699871
239030346,THEFT,200,1530.0,-84.5281057,39.13077936
239030357,THEFT,200,160.0,-84.5170205,39.20039406
239030334,CRIMINAL DAMAGING/ENDANGERING,200,1030.0,-84.58729907,39.15254771
239030334,TELEPHONE HARASSMENT,200,1030.0,-84.58645907,39.15270771
239030268,CRIMINAL DAMAGING/ENDANGERING,1930,2315.0,-84.43266365,39.12736142
239030250,CRIMINAL DAMAGING/ENDANGERING,1930,1950.0,-84.58218568,39.12122749
239030246,VIOLATE PROTECTION ORDER/CONSENT AGREEMENT,1820,1921.0,-84.53836426,39.13677344
239030251,CRIMINAL DAMAGING/ENDANGERING,1820,1825.0,-84.4681631,39.17473241
239030251,CRIMINAL DAMAGING/ENDANGERING,1820,1825.0,-84.4677231,39.17572241
239030251,THEFT,1820,1825.0,-84.4671331,39.17429241
239030251,THEFT,1820,1825.0,-84.4667331,39.17429241
239030547,THEFT,180,190.0,-84.58514461,39.10922207
239030547,THEFT,180,190.0,-84.58509461,39.10927207
239030547,THEFT,180,190.0,-84.58460461,39.10936207
239030298,THEFT,180,745.0,-84.57125114,39.11676574
239030255,THEFT,180,2120.0,-84.51215365,39.11047463
239C000709,CRIMINAL DAMAGING/ENDANGERING,1745,2145.0,-84.51420012,39.10751409
239030528,THEFT,1730,2359.0,-84.50909424,39.13199814
239030354,CRIMINAL DAMAGING/ENDANGERING,1730,1620.0,-84.51859117,39.10234943
239030354,CRIMINAL DAMAGING/ENDANGERING,1730,1620.0,-84.51850117,39.10271943
239030354,CRIMINAL DAMAGING/ENDANGERING,1730,1620.0,-84.51778117,39.10338943
239030354,CRIMINAL DAMAGING/ENDANGERING,1730,1620.0,-84.51767117,39.10396943
239030354,CRIMINAL DAMAGING/ENDANGERING,1730,1620.0,-84.51766117,39.10388943
239C000698,THEFT,1730,210.0,-84.51300022,39.11401266
239C000695,THEFT,1730,2155.0,-84.51853523,39.09900713
239030239,THEFT,1715,1745.0,-84.59629062,39.12783252
239030233,THEFT,175,177.0,-84.42453275,39.1619493
239030233,THEFT,175,177.0,-84.42376275,39.1616893
239030235,THEFT,172,172.0,-84.61080878,39.13126603
239030235,THEFT,172,172.0,-84.60963878,39.13135603
239030244,MENACING,1641,1643.0,-84.53666572,39.1347902
239030244,MENACING,1641,1643.0,-84.53583572,39.1362302
239030242,CRIMINAL DAMAGING/ENDANGERING,1630,1718.0,-84.51479021,39.11140102
239030529,BURGLARY,160,630.0,-84.52395721,39.13483651
239030448,BREAKING AND ENTERING,160,845.0,-84.54120781,39.15914169
239C000699,THEFT,160,2245.0,-84.51187784,39.09735337
239030241,THEFT,1530,1630.0,-84.4698822,39.17635129
239030223,THEFT,1520,1521.0,-84.47719071,39.15782792
239030294,THEFT,150,30.0,-84.56339066,39.11486409
239030313,THEFT,140,110.0,-84.47858004,39.15743586
239030229,THEFT,1330,140.0,-84.42488817,39.1616648
239030215,ASSAULT,1320,1320.0,-84.5901135,39.13163895
239030281,CRIMINAL DAMAGING/ENDANGERING,130,215.0,-84.47079453,39.21390803
239030258,THEFT,130,200.0,-84.50433472,39.10192368
239030258,CRIMINAL DAMAGING/ENDANGERING,130,200.0,-84.50410472,39.10146368
239030258,CRIMINAL DAMAGING/ENDANGERING,130,200.0,-84.50392472,39.10065368
239030258,CRIMINAL DAMAGING/ENDANGERING,130,200.0,-84.50357472,39.10071368
239030258,THEFT,130,200.0,-84.50353472,39.10106368
239030258,CRIMINAL DAMAGING/ENDANGERING,130,200.0,-84.50348472,39.10210368
239030258,THEFT,130,200.0,-84.50347472,39.10087368
239030258,THEFT,130,200.0,-84.50336472,39.10204368
239030258,THEFT,130,200.0,-84.50318472,39.10210368
239030258,CRIMINAL DAMAGING/ENDANGERING,130,200.0,-84.50285472,39.10054368
239030258,THEFT,130,200.0,-84.50284472,39.10147368
239030258,CRIMINAL DAMAGING/ENDANGERING,130,200.0,-84.50273472,39.10073368
239030247,CRIMINAL DAMAGING/ENDANGERING,1230,1430.0,-84.51715002,39.10681595
239030253,BREAKING AND ENTERING,120,2048.0,-84.47237263,39.1314983
239C000690,THEFT,120,1230.0,-84.49673532,39.11623995
239030245,CRIMINAL DAMAGING/ENDANGERING,1130,1134.0,-84.5039414,39.12659468
239030369,TELEPHONE HARASSMENT,110,180.0,-84.5041618,39.13319328
239030263,BURGLARY,1030,230.0,-84.50940043,39.14997058
239030230,THEFT,1030,1040.0,-84.59009553,39.15309255
239030230,THEFT,1030,1040.0,-84.58906553,39.15234255
239030207,THEFT,1016,1017.0,-84.48545169,39.12518813
239030390,THEFT,1015,1040.0,-84.59656547,39.12748764
239030902,TELEPHONE HARASSMENT,90,70.0,-84.51973952,39.14556083
239030179,CRIMINAL DAMAGING/ENDANGERING,815,820.0,-84.5565901,39.1344077
239030339,THEFT,80,140.0,-84.58311147,39.14560832
239030186,ASSAULT,80,820.0,-84.52971956,39.11475132
239030414,THEFT,62,63.0,-84.47445677,39.17992739
239030191,MENACING,60,60.0,-84.41315002,39.1560454
239030191,ASSAULT,60,60.0,-84.41220002,39.1547454
239030191,ASSAULT,60,60.0,-84.41146002,39.1546654
239030191,MENACING,60,60.0,-84.41131002,39.1548054
239030182,CRIMINAL DAMAGING/ENDANGERING,430,50.0,-84.60348072,39.14827447
239030182,CRIMINAL DAMAGING/ENDANGERING,430,50.0,-84.60232072,39.14715447
239030182,CRIMINAL DAMAGING/ENDANGERING,430,50.0,-84.60220072,39.14724447
239030198,CRIMINAL DAMAGING/ENDANGERING,430,450.0,-84.56619361,39.19684493
239030189,CRIMINAL DAMAGING/ENDANGERING,425,433.0,-84.50948922,39.1341104
239030189,THEFT,425,433.0,-84.50917922,39.1350004
239030189,CRIMINAL DAMAGING/ENDANGERING,425,433.0,-84.50900922,39.1343604
239030189,THEFT,425,433.0,-84.50880922,39.1343404
239030189,THEFT,425,433.0,-84.50857922,39.1349304
239030189,CRIMINAL DAMAGING/ENDANGERING,425,433.0,-84.50839922,39.1343804
239030189,THEFT,425,433.0,-84.50828922,39.1341704
239030189,CRIMINAL DAMAGING/ENDANGERING,425,433.0,-84.50827922,39.1348904
239030291,ASSAULT,415,425.0,-84.46137805,39.20581079
239030170,BURGLARY,356,357.0,-84.59367185,39.1499814
239030190,THEFT,329,330.0,-84.53108165,39.11728522
239030202,VIOLATE PROTECTION ORDER/CONSENT AGREEMENT,325,340.0,-84.56512838,39.11350819
239030171,ASSAULT,310,315.0,-84.4783734,39.1800452
239030184,THEFT,30,846.0,-84.56634975,39.14642173
239030165,ASSAULT,30,35.0,-84.52366874,39.14521324
239030163,ASSAULT,20,26.0,-84.51068,39.10976371
239030163,ASSAULT,20,26.0,-84.5105,39.10974371
239030163,ROBBERY,20,26.0,-84.51006,39.10893371
239030163,ROBBERY,20,26.0,-84.50992,39.10888371
239030161,THEFT,150,153.0,-84.47405829,39.17284726
239030437,CRIMINAL DAMAGING/ENDANGERING,122,122.0,-84.51256142,39.10276614
239030159,ASSAULT,114,118.0,-84.57074,39.16087135
239030159,ASSAULT,114,118.0,-84.57048,39.16130135
239C000688,THEFT,11,520.0,-84.52447099,39.13537875
239030238,DOMESTIC VIOLENCE,10,170.0,-84.58797894,39.10711469
239030187,CRIMINAL DAMAGING/ENDANGERING,38,738.0,-84.47223897,39.16629933
239030177,THEFT,24,70.0,-84.59018666,39.14971376
239C000702,THEFT,15,215.0,-84.55383289,39.10513915
239030219,THEFT,1,100.0,-84.5062495,39.11076774
249000255,THEFT,0,160.0,-84.43238248,39.15785707
239031017,THEFT,0,120.0,-84.52282175,39.20085068
239C000724,CRIMINAL DAMAGING/ENDANGERING,0,90.0,-84.52287541,39.11032294
239030249,THEFT,0,10.0,-84.31612105,39.35875556
239030208,CRIMINAL DAMAGING/ENDANGERING,0,1057.0,-84.56066132,39.17941552
239030201,CRIMINAL DAMAGING/ENDANGERING,0,1030.0,-84.62266701,39.14444442
239030199,VIOLATE PROTECTION ORDER/CONSENT AGREEMENT,0,80.0,-84.39887809,39.10374396
239030200,THEFT,0,90.0,-84.56539641,39.1508753
239030200,THEFT,0,90.0,-84.56510641,39.1521953
239030168,THEFT,2330,420.0,-84.52878406,39.12087437
239030168,THEFT,2330,420.0,-84.52779406,39.12156437
239030162,THEFT,2330,20.0,-84.51426811,39.11153747
239030150,THEFT,2318,2318.0,-84.46899915,39.14664641
239030152,THEFT,2315,2320.0,-84.5180037,39.10815425
239030194,THEFT,230,80.0,-84.52560038,39.12647917
239030197,THEFT,230,83.0,-84.55853799,39.1414907
239030175,THEFT,230,642.0,-84.51810271,39.11813553
239030158,THEFT,220,0.0,-84.51290333,39.11431979
239030158,THEFT,220,0.0,-84.51193333,39.11392979
239030158,THEFT,220,0.0,-84.51137333,39.11313979
239033824,THEFT,220,2213.0,-84.58910482,39.1347429
239030559,THEFT,220,130.0,-84.53390274,39.13381876
239030145,IMPROPERLY DISCHARGING FIREARM AT/INTO HABITATION/SCHOOL,220,2210.0,-84.58017531,39.15092813
239030153,DOMESTIC VIOLENCE,2145,220.0,-84.55747799,39.1416507
239C000689,THEFT,2140,90.0,-84.51797669,39.10403798
239030195,THEFT,2130,920.0,-84.57736963,39.14514228
239030180,THEFT,2130,60.0,-84.52861149,39.13748443
239030143,FELONIOUS ASSAULT,2110,2114.0,-84.53211529,39.11888143
239030209,THEFT,210,110.0,-84.50410233,39.15501804
239027751,CRIMINAL DAMAGING/ENDANGERING,210,210.0,-84.59880836,39.11813251
239030142,AGGRAVATED MENACING,2040,2040.0,-84.57915006,39.14277619
239030563,IMPROPERLY DISCHARGING FIREARM AT/INTO HABITATION/SCHOOL,2035,2040.0,-84.59216311,39.11178245
239030144,CRIMINAL DAMAGING/ENDANGERING,205,2010.0,-84.54478433,39.12916342
239030236,CRIMINAL DAMAGING/ENDANGERING,200,160.0,-84.55725799,39.1404107
239030178,CRIMINAL DAMAGING/ENDANGERING,200,830.0,-84.50897344,39.11068272
239030146,THEFT,200,2015.0,-84.45854696,39.19733321
239C000728,THEFT,1945,210.0,-84.50845583,39.09859055
239030147,THEFT,190,220.0,-84.52667983,39.09977822
239030151,THEFT,190,1935.0,-84.52758082,39.10716925
239030148,ASSAULT,1825,1835.0,-84.52234498,39.10468152
239030148,ASSAULT,1825,1835.0,-84.52179498,39.10362152
239030148,ASSAULT,1825,1835.0,-84.52145498,39.10520152
239030148,ASSAULT,1825,1835.0,-84.52134498,39.10515152
239030196,THEFT,180,70.0,-84.57210571,39.18745416
239030130,MENACING,1730,1735.0,-84.47203839,39.15734889
239030133,ASSAULT,1720,1730.0,-84.58135315,39.10597117
239030127,THEFT,1715,1718.0,-84.53577695,39.13801488
239030432,THEFT,170,90.0,-84.51184797,39.16486058
239030432,CRIMINAL DAMAGING/ENDANGERING,170,90.0,-84.51066797,39.16436058
239030307,THEFT,170,140.0,-84.55611422,39.19683134
239030217,THEFT,170,130.0,-84.52911149,39.13801443
239030124,THEFT,1650,1658.0,-84.43042587,39.16234163
239030123,DOMESTIC VIOLENCE,1620,1627.0,-84.56640148,39.0983457
239030336,CRIMINAL DAMAGING/ENDANGERING,160,1415.0,-84.4903718,39.13289429
239030234,THEFT,160,170.0,-84.41560413,39.15753443
239C000692,THEFT,1530,10.0,-84.51627139,39.10183166
239030319,CRIMINAL DAMAGING/ENDANGERING,150,110.0,-84.50310472,39.10222368
239030125,CRIMINAL DAMAGING/ENDANGERING,1410,1415.0,-84.5180715,39.11820726
239030499,THEFT,149,2150.0,-84.51191998,39.16513673
239030137,THEFT,1330,1345.0,-84.59931526,39.14719075
239030555,TELEPHONE HARASSMENT,130,110.0,-84.51557215,39.101241
239C000739,THEFT,130,170.0,-84.56981977,39.11601643
239030222,BREAKING AND ENTERING,130,130.0,-84.44966985,39.12012096
239030099,AGGRAVATED MENACING,130,1318.0,-84.56660734,39.12794375
239030097,THEFT,1226,1230.0,-84.52971519,39.13291868
239030220,THEFT,120,130.0,-84.59440091,39.10981242
239030119,THEFT,120,1215.0,-84.60148061,39.1360243
239030132,AGGRAVATED MENACING,1157,1230.0,-84.51890796,39.11770722
239030122,THEFT,1148,1154.0,-84.61815672,39.14169739
239030095,THEFT,110,1230.0,-84.56937582,39.14883393
239030091,CRIMINAL DAMAGING/ENDANGERING,100,1230.0,-84.50405288,39.1506088
239030089,CRIMINAL DAMAGING/ENDANGERING,100,1030.0,-84.53737426,39.13560344
239030074,THEFT,940,942.0,-84.51274548,39.10126503
239030070,ASSAULT,934,945.0,-84.49146471,39.14735954
239037034,THEFT,80,120.0,-84.42083956,39.16698045
239030444,BURGLARY,80,200.0,-84.51660115,39.11560658
239030105,ASSAULT,70,715.0,-84.51658763,39.10902632
239030105,ASSAULT,70,715.0,-84.51554763,39.10834632
239030065,THEFT,650,658.0,-84.48783468,39.12621013
239030061,ASSAULT,65,715.0,-84.58011997,39.15197249
239030060,ASSAULT,60,65.0,-84.38834699,39.10398818
239030059,THEFT,557,557.0,-84.50771877,39.11685364
239030058,AGGRAVATED MENACING,530,538.0,-84.48132113,39.19297919
239030083,THEFT,445,50.0,-84.45745632,39.19962122
239030063,ASSAULT,40,41.0,-84.51250796,39.11466073
239030121,THEFT,330,150.0,-84.59571128,39.15137609
239030121,THEFT,330,150.0,-84.59486128,39.15204609
239030057,THEFT,30,320.0,-84.51554392,39.11232129
239030053,CRIMINAL DAMAGING/ENDANGERING,28,210.0,-84.51233422,39.10790716
239035263,THEFT,20,90.0,-84.56972985,39.09675237
239030055,ASSAULT,20,240.0,-84.55696408,39.10585578
239030045,CRIMINAL DAMAGING/ENDANGERING,114,119.0,-84.51544255,39.11044733
239030138,AGGRAVATED MENACING,10,1930.0,-84.59183302,39.08105285
239030261,FELONIOUS ASSAULT,50,59.0,-84.51437291,39.11201581
239030248,TELEPHONE HARASSMENT,39,39.0,-84.47981362,39.15745943
239030049,ASSAULT,30,45.0,-84.55954201,39.15408893
239030073,CRIMINAL DAMAGING/ENDANGERING,23,90.0,-84.59230185,39.1507414
239030326,CRIMINAL DAMAGING/ENDANGERING,0,120.0,-84.50444696,39.12009191
239030094,THEFT,0,20.0,-84.56935985,39.09587237
239030043,THEFT,0,15.0,-84.5988182,39.15391337
239030039,THEFT,2219,230.0,-84.48560111,39.151243
239030042,BURGLARY,220,230.0,-84.53079319,39.13722647
239030030,DOMESTIC VIOLENCE,2140,2150.0,-84.46475766,39.17918861
239030028,AGGRAVATED ROBBERY,2130,2145.0,-84.51418026,39.11390705
239029434,AGGRAVATED ROBBERY,2130,2140.0,-84.5614099,39.11970086
239029434,AGGRAVATED ROBBERY,2130,2140.0,-84.5609299,39.11874086
239030086,THEFT,210,80.0,-84.61013991,39.13518893
239030086,THEFT,210,80.0,-84.60856991,39.13626893
239030107,THEFT,210,80.0,-84.62185496,39.14657485
239030032,CRIMINAL DAMAGING/ENDANGERING,210,220.0,-84.5615699,39.11819086
239030112,THEFT,2042,1042.0,-84.4761509,39.14093105
239033968,THEFT,2040,2040.0,-84.52337756,39.10892822
239030022,THEFT,2032,2034.0,-84.56822525,39.15821514
239030817,UNAUTHORIZED USE OF MOTOR VEHICLE,2013,2030.0,-84.53671125,39.11895432
239030025,UNAUTHORIZED USE OF MOTOR VEHICLE,200,2130.0,-84.5285608,39.1418697
239030018,ASSAULT,200,2015.0,-84.57203538,39.12277485
239030018,AGGRAVATED BURGLARY,200,2015.0,-84.57186538,39.12262485
239030018,CRIMINAL DAMAGING/ENDANGERING,200,2015.0,-84.57165538,39.12225485
239030017,DOMESTIC VIOLENCE,200,204.0,-84.58856397,39.12961234
239030012,FELONIOUS ASSAULT,1940,1945.0,-84.56356241,39.15540953
239030069,THEFT,1930,30.0,-84.56381015,39.19810303
239030014,THEFT,1930,1945.0,-84.47534214,39.17651805
239030015,THEFT,190,1915.0,-84.4794923,39.19395245
239030005,THEFT,1855,190.0,-84.5830921,39.11379181
239030029,THEFT,1830,210.0,-84.48167194,39.19379704
239030009,CRIMINAL DAMAGING/ENDANGERING,1830,190.0,-84.55556335,39.14372532
239030009,MENACING,1830,190.0,-84.55430335,39.14493532
239030019,,183,183.0,-84.47810147,39.17782325
239030120,CRIMINAL DAMAGING/ENDANGERING,180,170.0,-84.51261689,39.12586438
239030036,CRIMINAL DAMAGING/ENDANGERING,180,2320.0,-84.5180329,39.09304289
239030048,ASSAULT,1745,1750.0,-84.52306728,39.11034327
239029997,THEFT,1730,1735.0,-84.51028287,39.12944978
239030076,THEFT,170,1830.0,-84.51715457,39.11288311
239030072,CRIMINAL DAMAGING/ENDANGERING,170,2130.0,-84.51915184,39.1076588
239030000,THEFT,1655,1755.0,-84.4258233,39.1575131
239030000,THEFT,1655,1755.0,-84.4249933,39.1583531
239030000,THEFT,1655,1755.0,-84.4249533,39.1578531
239030000,THEFT,1655,1755.0,-84.4247633,39.1591331
239030000,THEFT,1655,1755.0,-84.4244333,39.1583031
239030001,THEFT,1550,160.0,-84.501771,39.13670045
239030100,THEFT,1510,1520.0,-84.6007855,39.13629677
239030342,VIOLATE PROTECTION ORDER/CONSENT AGREEMENT,1430,112.0,-84.38923538,39.16681994
239029984,THEFT,1410,1430.0,-84.55437457,39.14505522
239029984,THEFT,1410,1430.0,-84.55372457,39.14394522
239029981,BURGLARY,130,1345.0,-84.59277545,39.14477627
239030101,THEFT,1230,1231.0,-84.47854004,39.15790586
239029969,FELONIOUS ASSAULT,1227,1228.0,-84.49094432,39.14532951
239030096,THEFT,120,130.0,-84.56675876,39.18856212
239029975,ASSAULT,1140,1155.0,-84.57410451,39.11180594
239029964,THEFT,1112,1115.0,-84.45821436,39.20184675
239029963,FORGERY,1045,1115.0,-84.50940321,39.12669859
239029971,THEFT,1030,120.0,-84.38365146,39.09484364
239029960,AGGRAVATED ROBBERY,1010,1020.0,-84.58166529,39.14031283
239029960,AGGRAVATED ROBBERY,1010,1020.0,-84.58134529,39.13897283
239029960,AGGRAVATED ROBBERY,1010,1020.0,-84.58054529,39.13920283
239029960,AGGRAVATED ROBBERY,1010,1020.0,-84.58013529,39.13881283
239029957,MENACING,945,945.0,-84.38577689,39.09251039
239030062,THEFT,930,624.0,-84.4804526,39.14940791
239030026,BREAKING AND ENTERING,930,936.0,-84.48342897,39.12817942
239029951,MENACING,90,95.0,-84.62183831,39.14235421
239030081,BURGLARY,80,70.0,-84.51154208,39.1851505
239030068,FELONIOUS ASSAULT,80,80.0,-84.47277839,39.15748889
239030068,MENACING,80,80.0,-84.47249839,39.15704889
239030068,,80,80.0,-84.47193839,39.15720889
239030067,THEFT,80,1630.0,-84.54850922,39.19533324
239030010,TAKING THE IDENTITY OF ANOTHER,80,825.0,-84.45747582,39.19873486
239030010,TAKING THE IDENTITY OF ANOTHER,80,825.0,-84.45741582,39.19845486
239029972,ENDANGERING CHILDREN,756,856.0,-84.56809781,39.13306728
239029949,ASSAULT,70,710.0,-84.52714983,39.09943822
239029954,CRIMINAL DAMAGING/ENDANGERING,20,230.0,-84.45377186,39.19078913
239C000715,THEFT,130,230.0,-84.4748741,39.12273043
239029945,CRIMINAL DAMAGING/ENDANGERING,15,110.0,-84.53160882,39.12259301
239029945,CRIMINAL DAMAGING/ENDANGERING,15,110.0,-84.53101882,39.12159301
239029945,CRIMINAL DAMAGING/ENDANGERING,15,110.0,-84.53089882,39.12186301
239029983,THEFT,10,70.0,-84.56877578,39.10210387
239031599,ENDANGERING CHILDREN,0,1527.0,-84.5500793,39.16918869
239030002,THEFT,0,100.0,-84.5036508,39.12162439
239029940,THEFT,2339,2342.0,-84.46830915,39.14583641
239029941,FELONIOUS ASSAULT,2230,2330.0,-84.46860603,39.12324004
239029967,THEFT,220,110.0,-84.4720511,39.12341505
239029956,CRIMINAL DAMAGING/ENDANGERING,220,230.0,-84.43776674,39.1779122
239029939,CRIMINAL DAMAGING/ENDANGERING,220,2339.0,-84.51542096,39.11156434
239029939,CRIMINAL DAMAGING/ENDANGERING,220,2339.0,-84.51410096,39.11165434
239029939,THEFT,220,2339.0,-84.51385096,39.11115434
239029939,THEFT,220,2339.0,-84.51369096,39.11209434
239029938,FELONIOUS ASSAULT,220,2220.0,-84.51469481,39.11609108
239029938,CRIMINAL DAMAGING/ENDANGERING,220,2220.0,-84.51387481,39.11694108
239029937,DOMESTIC VIOLENCE,2140,2150.0,-84.54810716,39.13652077
239029934,DOMESTIC VIOLENCE,2045,210.0,-84.56747646,39.08971262
239029935,ROBBERY,2010,2028.0,-84.56512065,39.10969616
239C000677,THEFT,1920,2130.0,-84.51303341,39.11203922
239029958,BREAKING AND ENTERING,1830,70.0,-84.47129082,39.13781537
239030078,THEFT,180,80.0,-84.53816777,39.15195844
239029952,THEFT,180,840.0,-84.57172136,39.1889576
239029925,MENACING,1730,1730.0,-84.51476802,39.0995547
239011551,ASSAULT,1545,1555.0,-84.52769671,39.13729614
239011551,DOMESTIC VIOLENCE,1545,1555.0,-84.52700671,39.13779614
239011548,ASSAULT,1515,1530.0,-84.47921981,39.19627486
239011552,CRIMINAL DAMAGING/ENDANGERING,150,1550.0,-84.53836299,39.16308146
239011549,AGGRAVATED MENACING,1440,1442.0,-84.57587754,39.10733592
239011565,THEFT,1415,1415.0,-84.50926085,39.14174223
239011544,DOMESTIC VIOLENCE,149,149.0,-84.49803345,39.14536805
239011532,THEFT,142,142.0,-84.56045994,39.17837084
239011539,THEFT,140,1413.0,-84.46097463,39.17015176
239011535,THEFT,1335,1335.0,-84.59707547,39.12595764